event_id,primary_step_state,primary_point_state,nesting_attempt
31432283096,Step state: Winter,Point state: Winter,Not nesting
31432283097,Step state: Winter,Point state: Winter,Not nesting
31432283099,Step state: Winter,Point state: Winter,Not nesting
31432283100,Step state: Winter,Point state: Winter,Not nesting
31432283102,Step state: Winter,Point state: Winter,Not nesting
31432283103,Step state: Winter,Point state: Winter,Not nesting
31467046460,Step state: Winter,Point state: Winter,Not nesting
31467046464,Step state: Winter,Point state: Winter,Not nesting
31467046857,Step state: Winter,Point state: Winter,Not nesting
31467046871,Step state: Winter,Point state: Winter,Not nesting
31507353247,Step state: Winter,Point state: Winter,Not nesting
31507353249,Step state: Winter,Point state: Winter,Not nesting
31507353251,Step state: Winter,Point state: Winter,Not nesting
31507353253,Step state: Winter,Point state: Winter,Not nesting
31609544286,Step state: Winter,Point state: Winter,Not nesting
31609544287,Step state: Winter,Point state: Winter,Not nesting
31609544290,Step state: Winter,Point state: Winter,Not nesting
31609544291,Step state: Winter,Point state: Winter,Not nesting
31609544294,Step state: Winter,Point state: Winter,Not nesting
31609544295,Step state: Winter,Point state: Winter,Not nesting
31609544296,Step state: Winter,Point state: Winter,Not nesting
31609544298,Step state: Winter,Point state: Winter,Not nesting
31609544371,Step state: Winter,Point state: Winter,Not nesting
31609544382,Step state: Migratory (spring),Point state: Winter,Not nesting
31609550510,Step state: Winter,Point state: Winter,Not nesting
31609550518,Step state: Winter,Point state: Winter,Not nesting
31609550519,Step state: Winter,Point state: Winter,Not nesting
31609550521,Step state: Winter,Point state: Winter,Not nesting
31609550523,Step state: Winter,Point state: Winter,Not nesting
31609550524,Step state: Winter,Point state: Winter,Not nesting
31609550530,Step state: Winter,Point state: Winter,Not nesting
31609550531,Step state: Winter,Point state: Winter,Not nesting
31609550533,Step state: Winter,Point state: Winter,Not nesting
31609550535,Step state: Winter,Point state: Winter,Not nesting
31609550536,Step state: Winter,Point state: Winter,Not nesting
31609550537,Step state: Winter,Point state: Winter,Not nesting
31609550571,Step state: Winter,Point state: Winter,Not nesting
31609550577,Step state: Winter,Point state: Winter,Not nesting
31609550578,Step state: Winter,Point state: Winter,Not nesting
31609550580,Step state: Winter,Point state: Winter,Not nesting
31609550769,Step state: Winter,Point state: Winter,Not nesting
31609550785,Step state: Winter,Point state: Winter,Not nesting
31609550786,Step state: Winter,Point state: Winter,Not nesting
31609550788,Step state: Winter,Point state: Winter,Not nesting
31627330978,Step state: Winter,Point state: Winter,Not nesting
31627330982,Step state: Winter,Point state: Winter,Not nesting
31627330985,Step state: Winter,Point state: Winter,Not nesting
31627330988,Step state: Winter,Point state: Winter,Not nesting
31627330989,Step state: Winter,Point state: Winter,Not nesting
31627330995,Step state: Winter,Point state: Winter,Not nesting
31627330996,Step state: Winter,Point state: Winter,Not nesting
31627330997,Step state: Winter,Point state: Winter,Not nesting
31627331000,Step state: Winter,Point state: Winter,Not nesting
31627331001,Step state: Winter,Point state: Winter,Not nesting
31627331007,Step state: Winter,Point state: Winter,Not nesting
31627331009,Step state: Winter,Point state: Winter,Not nesting
31627331010,Step state: Winter,Point state: Winter,Not nesting
31627331013,Step state: Winter,Point state: Winter,Not nesting
31627331014,Step state: Winter,Point state: Winter,Not nesting
31627331015,Step state: Winter,Point state: Winter,Not nesting
31627331019,Step state: Winter,Point state: Winter,Not nesting
31627331097,Step state: Winter,Point state: Winter,Not nesting
31627331098,Step state: Winter,Point state: Winter,Not nesting
31627331099,Step state: Winter,Point state: Winter,Not nesting
31627331102,Step state: Winter,Point state: Winter,Not nesting
31627331103,Step state: Winter,Point state: Winter,Not nesting
31627331104,Step state: Winter,Point state: Winter,Not nesting
31664904274,Step state: Migratory (spring),Point state: Migratory (spring),Not nesting
31664904353,Step state: Migratory (spring),Point state: Migratory (spring),Not nesting
31665695538,Step state: Winter,Point state: Winter,Not nesting
31665695540,Step state: Winter,Point state: Winter,Not nesting
31665695549,Step state: Winter,Point state: Winter,Not nesting
31665695554,Step state: Winter,Point state: Winter,Not nesting
31665695558,Step state: Winter,Point state: Winter,Not nesting
31665695562,Step state: Winter,Point state: Winter,Not nesting
31665695585,Step state: Winter,Point state: Winter,Not nesting
31665695594,Step state: Winter,Point state: Winter,Not nesting
31679748616,Step state: Winter,Point state: Winter,Not nesting
31679748617,Step state: Winter,Point state: Winter,Not nesting
31679748620,Step state: Winter,Point state: Winter,Not nesting
31679748621,Step state: Winter,Point state: Winter,Not nesting
31679748628,Step state: Winter,Point state: Winter,Not nesting
31679748630,Step state: Winter,Point state: Winter,Not nesting
31679748631,Step state: Winter,Point state: Winter,Not nesting
31679748634,Step state: Migratory (spring),Point state: Winter,Not nesting
31679748639,Step state: Winter,Point state: Winter,Not nesting
31679748641,Step state: Migratory (spring),Point state: Winter,Not nesting
31679748642,Step state: Winter,Point state: Winter,Not nesting
31679748643,Step state: Migratory (spring),Point state: Migratory (spring),Not nesting
31741610560,Step state: Winter,Point state: Winter,Not nesting
31741610561,Step state: Winter,Point state: Winter,Not nesting
31741610563,Step state: Winter,Point state: Winter,Not nesting
31741610564,Step state: Winter,Point state: Winter,Not nesting
31741610566,Step state: Winter,Point state: Winter,Not nesting
31741610567,Step state: Winter,Point state: Winter,Not nesting
31741610569,Step state: Winter,Point state: Winter,Not nesting
31741610572,Step state: Winter,Point state: Winter,Not nesting
31741610574,Step state: Winter,Point state: Winter,Not nesting
31741610580,Step state: Winter,Point state: Winter,Not nesting
31741610582,Step state: Winter,Point state: Winter,Not nesting
31741610584,Step state: Winter,Point state: Winter,Not nesting
31741610588,Step state: Winter,Point state: Winter,Not nesting
31741610589,Step state: Migratory (spring),Point state: Winter,Not nesting
31741610590,Step state: Winter,Point state: Winter,Not nesting
31741610591,Step state: Winter,Point state: Winter,Not nesting
31741610592,Step state: Migratory (spring),Point state: Winter,Not nesting
31741610595,Step state: Migratory (spring),Point state: Migratory (spring),Not nesting
31741610596,Step state: Winter,Point state: Winter,Not nesting
31741610602,Step state: Winter,Point state: Winter,Not nesting
31741610604,Step state: Winter,Point state: Winter,Not nesting
31741610607,Step state: Winter,Point state: Winter,Not nesting
31741610613,Step state: Migratory (spring),Point state: Winter,Not nesting
31741610614,Step state: Migratory (spring),Point state: Migratory (spring),Not nesting
31741610617,Step state: Migratory (spring),Point state: Migratory (spring),Not nesting
31741610618,Step state: Migratory (spring),Point state: Winter,Not nesting
31741610621,Step state: Migratory (spring),Point state: Winter,Not nesting
31838327159,Step state: Migratory (spring),Point state: Migratory (spring),Not nesting
31838327161,Step state: Migratory (spring),Point state: Migratory (spring),Not nesting
31838327163,Step state: Migratory (spring),Point state: Migratory (spring),Not nesting
31838327165,Step state: Migratory (spring),Point state: Migratory (spring),Not nesting
31838330026,Step state: Migratory (spring),Point state: Migratory (spring),Not nesting
31838330027,Step state: Migratory (spring),Point state: Migratory (spring),Not nesting
31838330028,Step state: Migratory (spring),Point state: Migratory (spring),Not nesting
31838330029,Step state: Migratory (spring),Point state: Migratory (spring),Not nesting
31838330030,Step state: Migratory (spring),Point state: Migratory (spring),Not nesting
31838330031,Step state: Migratory (spring),Point state: Migratory (spring),Not nesting
31838330032,Step state: Migratory (spring),Point state: Migratory (spring),Not nesting
31838330033,Step state: Migratory (spring),Point state: Migratory (spring),Not nesting
31838357923,Step state: Migratory (spring),Point state: Winter,Not nesting
31838357925,Step state: Migratory (spring),Point state: Migratory (spring),Not nesting
31838357927,Step state: Winter,Point state: Winter,Not nesting
31838357928,Step state: Migratory (spring),Point state: Migratory (spring),Not nesting
31838357931,Step state: Winter,Point state: Winter,Not nesting
31838357932,Step state: Migratory (spring),Point state: Migratory (spring),Not nesting
31838357935,Step state: Migratory (spring),Point state: Winter,Not nesting
31838357936,Step state: Migratory (spring),Point state: Winter,Not nesting
31838357941,Step state: Migratory (spring),Point state: Winter,Not nesting
31838357942,Step state: Migratory (spring),Point state: Migratory (spring),Not nesting
31838357944,Step state: Migratory (spring),Point state: Winter,Not nesting
31838357950,Step state: Migratory (spring),Point state: Migratory (spring),Not nesting
31838357951,Step state: Migratory (spring),Point state: Migratory (spring),Not nesting
31838357954,Step state: Migratory (spring),Point state: Migratory (spring),Not nesting
31838357959,Step state: Migratory (spring),Point state: Migratory (spring),Not nesting
31838357964,Step state: Migratory (spring),Point state: Migratory (spring),Not nesting
31838357965,Step state: Migratory (spring),Point state: Migratory (spring),Not nesting
31838357967,Step state: Migratory (spring),Point state: Migratory (spring),Not nesting
31864009010,Step state: Migratory (spring),Point state: Migratory (spring),Not nesting
31864009015,Step state: Migratory (spring),Point state: Migratory (spring),Not nesting
31864009017,Step state: Migratory (spring),Point state: Migratory (spring),Not nesting
31864009019,Step state: Migratory (spring),Point state: Migratory (spring),Not nesting
31864009024,Step state: Migratory (spring),Point state: Migratory (spring),Not nesting
31864009026,Step state: Migratory (spring),Point state: Migratory (spring),Not nesting
31940985877,Step state: Migratory (spring),Point state: Migratory (spring),Not nesting
31940985878,Step state: Migratory (spring),Point state: Migratory (spring),Not nesting
31940985881,Step state: Migratory (spring),Point state: Migratory (spring),Not nesting
31940985882,Step state: Migratory (spring),Point state: Migratory (spring),Not nesting
31940985885,Step state: Migratory (spring),Point state: Migratory (spring),Not nesting
31940985891,Step state: Migratory (spring),Point state: Migratory (spring),Not nesting
31940985893,Step state: Migratory (spring),Point state: Migratory (spring),Not nesting
31940985896,Step state: Migratory (spring),Point state: Migratory (spring),Not nesting
31940985897,Step state: Migratory (spring),Point state: Migratory (spring),Not nesting
31940985898,Step state: Migratory (spring),Point state: Migratory (spring),Not nesting
31940985899,Step state: Migratory (spring),Point state: Migratory (spring),Not nesting
31940985900,Step state: Migratory (spring),Point state: Migratory (spring),Not nesting
31940985906,Step state: Migratory (spring),Point state: Migratory (spring),Not nesting
31940985908,Step state: Migratory (spring),Point state: Migratory (spring),Not nesting
31942845423,Step state: Migratory (spring),Point state: Migratory (spring),Not nesting
31942845426,Step state: Migratory (spring),Point state: Migratory (spring),Not nesting
31942845427,Step state: Migratory (spring),Point state: Migratory (spring),Not nesting
31942845430,Step state: Migratory (spring),Point state: Migratory (spring),Not nesting
31942845431,Step state: Migratory (spring),Point state: Migratory (spring),Not nesting
31942845434,Step state: Migratory (spring),Point state: Migratory (spring),Not nesting
31942845436,Step state: Migratory (spring),Point state: Migratory (spring),Not nesting
31942845437,Step state: Migratory (spring),Point state: Migratory (spring),Not nesting
31964840670,Step state: Migratory (spring),Point state: Migratory (spring),Not nesting
31964840673,Step state: Migratory (spring),Point state: Migratory (spring),Not nesting
31964840676,Step state: Migratory (spring),Point state: Migratory (spring),Not nesting
31964840677,Step state: Migratory (spring),Point state: Migratory (spring),Not nesting
31964840680,Step state: Migratory (spring),Point state: Migratory (spring),Not nesting
31964840682,Step state: Migratory (spring),Point state: Migratory (spring),Not nesting
31964840684,Step state: Migratory (spring),Point state: Migratory (spring),Not nesting
31964840688,Step state: Migratory (spring),Point state: Migratory (spring),Not nesting
31964840689,Step state: Migratory (spring),Point state: Migratory (spring),Not nesting
31964840692,Step state: Migratory (spring),Point state: Migratory (spring),Not nesting
31964840694,Step state: Migratory (spring),Point state: Migratory (spring),Not nesting
31964840697,Step state: Migratory (spring),Point state: Migratory (spring),Not nesting
31964840698,Step state: Migratory (spring),Point state: Migratory (spring),Not nesting
31964840699,Step state: Migratory (spring),Point state: Migratory (spring),Not nesting
31964840700,Step state: Migratory (spring),Point state: Migratory (spring),Not nesting
31964840704,Step state: Migratory (spring),Point state: Migratory (spring),Not nesting
31964840707,Step state: Migratory (spring),Point state: Migratory (spring),Not nesting
31964840710,Step state: Migratory (spring),Point state: Migratory (spring),Not nesting
31964840711,Step state: Migratory (spring),Point state: Migratory (spring),Not nesting
31964840712,Step state: Migratory (spring),Point state: Migratory (spring),Not nesting
31964840713,Step state: Migratory (spring),Point state: Migratory (spring),Not nesting
31964840717,Step state: Migratory (spring),Point state: Migratory (spring),Not nesting
31988650943,Step state: Migratory (spring),Point state: Migratory (spring),Not nesting
31988650944,Step state: Migratory (spring),Point state: Migratory (spring),Not nesting
32035472724,Step state: Migratory (spring),Point state: Migratory (spring),Not nesting
32035472729,Step state: Migratory (spring),Point state: Migratory (spring),Not nesting
32035472731,Step state: Migratory (spring),Point state: Migratory (spring),Not nesting
32035472734,Step state: Migratory (spring),Point state: Migratory (spring),Not nesting
32035472739,Step state: Migratory (spring),Point state: Migratory (spring),Not nesting
32035472741,Step state: Migratory (spring),Point state: Migratory (spring),Not nesting
32081963802,Step state: Migratory (spring),Point state: Migratory (spring),Not nesting
32081963803,Step state: Migratory (spring),Point state: Migratory (spring),Not nesting
32081963805,Step state: Migratory (spring),Point state: Migratory (spring),Not nesting
32081963806,Step state: Migratory (spring),Point state: Migratory (spring),Not nesting
32081963808,Step state: Migratory (spring),Point state: Migratory (spring),Not nesting
32081963809,Step state: Migratory (spring),Point state: Migratory (spring),Not nesting
32081963812,Step state: Migratory (spring),Point state: Migratory (spring),Not nesting
32081963813,Step state: Migratory (spring),Point state: Migratory (spring),Not nesting
32081963814,Step state: Migratory (spring),Point state: Migratory (spring),Not nesting
32081963815,Step state: Migratory (spring),Point state: Migratory (spring),Not nesting
32081963819,Step state: Migratory (spring),Point state: Migratory (spring),Not nesting
32081963822,Step state: Migratory (spring),Point state: Migratory (spring),Not nesting
32081963823,Step state: Migratory (spring),Point state: Migratory (spring),Not nesting
32081963824,Step state: Migratory (spring),Point state: Migratory (spring),Not nesting
32081963827,Step state: Migratory (spring),Point state: Migratory (spring),Not nesting
32081963828,Step state: Migratory (spring),Point state: Migratory (spring),Not nesting
32081963831,Step state: Migratory (spring),Point state: Migratory (spring),Not nesting
32081963832,Step state: Migratory (spring),Point state: Migratory (spring),Not nesting
32081963833,Step state: Migratory (spring),Point state: Migratory (spring),Not nesting
32081963834,Step state: Migratory (spring),Point state: Migratory (spring),Not nesting
32081963838,Step state: Migratory (spring),Point state: Migratory (spring),Not nesting
32081963841,Step state: Migratory (spring),Point state: Migratory (spring),Not nesting
32081963842,Step state: Migratory (spring),Point state: Migratory (spring),Not nesting
32081963843,Step state: Migratory (spring),Point state: Migratory (spring),Not nesting
32081963844,Step state: Migratory (spring),Point state: Migratory (spring),Not nesting
32081963845,Step state: Migratory (spring),Point state: Migratory (spring),Not nesting
32081963847,Step state: Migratory (spring),Point state: Migratory (spring),Not nesting
32081963848,Step state: Migratory (spring),Point state: Migratory (spring),Not nesting
32119809208,Step state: Migratory (spring),Point state: Migratory (spring),Not nesting
32119809210,Step state: Migratory (spring),Point state: Migratory (spring),Not nesting
32119809211,Step state: Migratory (spring),Point state: Migratory (spring),Not nesting
32119809214,Step state: Migratory (spring),Point state: Migratory (spring),Not nesting
32119809215,Step state: Migratory (spring),Point state: Migratory (spring),Not nesting
32119809216,Step state: Migratory (spring),Point state: Migratory (spring),Not nesting
32277208440,Step state: Migratory (spring),Point state: Migratory (spring),Not nesting
32277208441,Step state: Migratory (spring),Point state: Migratory (spring),Not nesting
32277208445,Step state: Migratory (spring),Point state: Migratory (spring),Not nesting
32277208447,Step state: Migratory (spring),Point state: Migratory (spring),Not nesting
32277208448,Step state: Migratory (spring),Point state: Migratory (spring),Not nesting
32277208449,Step state: Migratory (spring),Point state: Migratory (spring),Not nesting
32277208450,Step state: Migratory (spring),Point state: Migratory (spring),Not nesting
32277208451,Step state: Migratory (spring),Point state: Migratory (spring),Not nesting
32277208456,Step state: Migratory (spring),Point state: Migratory (spring),Not nesting
32277208458,Step state: Migratory (spring),Point state: Migratory (spring),Not nesting
32334264372,Step state: Summer,Point state: Summer,Not nesting
32334264373,Step state: Summer,Point state: Summer,Not nesting
32334264374,Step state: Migratory (spring),Point state: Migratory (spring),Not nesting
32334264376,Step state: Migratory (spring),Point state: Migratory (spring),Not nesting
32334264378,Step state: Summer,Point state: Summer,Not nesting
32334264379,Step state: Migratory (spring),Point state: Migratory (spring),Not nesting
32334264381,Step state: Migratory (spring),Point state: Migratory (spring),Not nesting
32334264382,Step state: Migratory (spring),Point state: Migratory (spring),Not nesting
32334264384,Step state: Summer,Point state: Summer,Not nesting
32334264385,Step state: Migratory (spring),Point state: Migratory (spring),Not nesting
32334264386,Step state: Migratory (spring),Point state: Migratory (spring),Not nesting
32334264388,Step state: Migratory (spring),Point state: Migratory (spring),Not nesting
32334264389,Step state: Migratory (spring),Point state: Migratory (spring),Not nesting
32334264392,Step state: Migratory (spring),Point state: Migratory (spring),Not nesting
32334264393,Step state: Migratory (spring),Point state: Migratory (spring),Not nesting
32334264394,Step state: Migratory (spring),Point state: Migratory (spring),Not nesting
32334264395,Step state: Migratory (spring),Point state: Migratory (spring),Not nesting
32334264396,Step state: Migratory (spring),Point state: Migratory (spring),Not nesting
32475322376,Step state: Summer,Point state: Summer,Not nesting
32475322377,Step state: Migratory (spring),Point state: Migratory (spring),Not nesting
32475322381,Step state: Summer,Point state: Summer,Not nesting
32475322382,Step state: Migratory (spring),Point state: Migratory (spring),Not nesting
32475322388,Step state: Migratory (spring),Point state: Migratory (spring),Not nesting
32475322389,Step state: Migratory (spring),Point state: Migratory (spring),Not nesting
32475322391,Step state: Migratory (spring),Point state: Migratory (spring),Not nesting
32475322394,Step state: Migratory (spring),Point state: Migratory (spring),Not nesting
32475322396,Step state: Migratory (spring),Point state: Migratory (spring),Not nesting
32475322397,Step state: Migratory (spring),Point state: Migratory (spring),Not nesting
32475322399,Step state: Migratory (spring),Point state: Migratory (spring),Not nesting
32475322401,Step state: Migratory (spring),Point state: Migratory (spring),Not nesting
32475322403,Step state: Summer,Point state: Summer,Not nesting
32475322405,Step state: Migratory (spring),Point state: Migratory (spring),Not nesting
32475322406,Step state: Migratory (spring),Point state: Migratory (spring),Not nesting
32475322408,Step state: Migratory (spring),Point state: Migratory (spring),Not nesting
32475322409,Step state: Migratory (spring),Point state: Migratory (spring),Not nesting
32475322411,Step state: Migratory (spring),Point state: Migratory (spring),Not nesting
32475322412,Step state: Migratory (spring),Point state: Migratory (spring),Not nesting
32475322414,Step state: Migratory (spring),Point state: Migratory (spring),Not nesting
32475322415,Step state: Migratory (spring),Point state: Migratory (spring),Not nesting
32475322418,Step state: Migratory (spring),Point state: Migratory (spring),Not nesting
32475322420,Step state: Summer,Point state: Summer,Not nesting
32475322422,Step state: Migratory (spring),Point state: Migratory (spring),Not nesting
32475322423,Step state: Migratory (spring),Point state: Migratory (spring),Not nesting
32475322425,Step state: Migratory (spring),Point state: Migratory (spring),Not nesting
32475322426,Step state: Migratory (spring),Point state: Migratory (spring),Not nesting
32475322428,Step state: Migratory (spring),Point state: Migratory (spring),Not nesting
32475322429,Step state: Migratory (spring),Point state: Migratory (spring),Not nesting
32475322431,Step state: Migratory (spring),Point state: Migratory (spring),Not nesting
32475322432,Step state: Migratory (spring),Point state: Migratory (spring),Not nesting
32475322435,Step state: Migratory (spring),Point state: Migratory (spring),Not nesting
32475322438,Step state: Migratory (spring),Point state: Migratory (spring),Not nesting
32475322439,Step state: Migratory (spring),Point state: Migratory (spring),Not nesting
32475322441,Step state: Migratory (spring),Point state: Migratory (spring),Not nesting
32475322443,Step state: Migratory (spring),Point state: Migratory (spring),Not nesting
32505982286,Step state: Summer,Point state: Summer,Not nesting
32505982288,Step state: Migratory (spring),Point state: Migratory (spring),Not nesting
32505982289,Step state: Migratory (spring),Point state: Migratory (spring),Not nesting
32505982292,Step state: Migratory (spring),Point state: Migratory (spring),Not nesting
32505982293,Step state: Migratory (spring),Point state: Migratory (spring),Not nesting
32505982296,Step state: Summer,Point state: Summer,Not nesting
32505982298,Step state: Migratory (spring),Point state: Migratory (spring),Not nesting
32505982299,Step state: Migratory (spring),Point state: Migratory (spring),Not nesting
32505982302,Step state: Migratory (spring),Point state: Migratory (spring),Not nesting
32505982303,Step state: Migratory (spring),Point state: Migratory (spring),Not nesting
32505982436,Step state: Summer,Point state: Summer,Not nesting
32505982438,Step state: Migratory (spring),Point state: Migratory (spring),Not nesting
32505982439,Step state: Migratory (spring),Point state: Migratory (spring),Not nesting
32505982442,Step state: Migratory (spring),Point state: Migratory (spring),Not nesting
32505982443,Step state: Summer,Point state: Summer,Not nesting
32584892549,Step state: Migratory (spring),Point state: Migratory (spring),Not nesting
32584892550,Step state: Migratory (spring),Point state: Migratory (spring),Not nesting
32584892551,Step state: Migratory (spring),Point state: Migratory (spring),Not nesting
32584892552,Step state: Migratory (spring),Point state: Migratory (spring),Not nesting
32584892553,Step state: Migratory (spring),Point state: Migratory (spring),Not nesting
32584892556,Step state: Migratory (spring),Point state: Migratory (spring),Not nesting
32584892557,Step state: Migratory (spring),Point state: Migratory (spring),Not nesting
32584892558,Step state: Migratory (spring),Point state: Migratory (spring),Not nesting
32584892559,Step state: Migratory (spring),Point state: Migratory (spring),Not nesting
32584892560,Step state: Migratory (spring),Point state: Migratory (spring),Not nesting
32584892562,Step state: Migratory (spring),Point state: Migratory (spring),Not nesting
32584892564,Step state: Migratory (spring),Point state: Migratory (spring),Not nesting
32584892565,Step state: Migratory (spring),Point state: Migratory (spring),Not nesting
32584892570,Step state: Migratory (spring),Point state: Migratory (spring),Not nesting
32584892571,Step state: Summer,Point state: Summer,Not nesting
32584892572,Step state: Migratory (spring),Point state: Migratory (spring),Not nesting
32584892573,Step state: Migratory (spring),Point state: Migratory (spring),Not nesting
32584892574,Step state: Migratory (spring),Point state: Migratory (spring),Not nesting
32714221233,Step state: Migratory (spring),Point state: Migratory (spring),Not nesting
32714221237,Step state: Migratory (spring),Point state: Migratory (spring),Not nesting
32714221238,Step state: Migratory (spring),Point state: Migratory (spring),Not nesting
32714221239,Step state: Summer,Point state: Summer,Not nesting
32714221241,Step state: Migratory (spring),Point state: Migratory (spring),Not nesting
32714221242,Step state: Migratory (spring),Point state: Migratory (spring),Not nesting
32714221264,Step state: Migratory (spring),Point state: Migratory (spring),Not nesting
32714221265,Step state: Migratory (spring),Point state: Migratory (spring),Not nesting
32714221266,Step state: Migratory (spring),Point state: Migratory (spring),Not nesting
32714221267,Step state: Migratory (spring),Point state: Migratory (spring),Not nesting
32714221268,Step state: Summer,Point state: Summer,Not nesting
32714221271,Step state: Migratory (spring),Point state: Migratory (spring),Not nesting
32714221272,Step state: Migratory (spring),Point state: Migratory (spring),Not nesting
32714221284,Step state: Migratory (spring),Point state: Migratory (spring),Not nesting
32714221285,Step state: Migratory (spring),Point state: Migratory (spring),Not nesting
32772191060,Step state: Summer,Point state: Summer,Not nesting
32772191062,Step state: Summer,Point state: Summer,Not nesting
32772191068,Step state: Summer,Point state: Summer,Not nesting
32772191072,Step state: Migratory (spring),Point state: Migratory (spring),Not nesting
32772191073,Step state: Summer,Point state: Summer,Not nesting
32772191074,Step state: Migratory (spring),Point state: Migratory (spring),Not nesting
32800401961,Step state: Summer,Point state: Summer,Not nesting
32800401962,Step state: Migratory (spring),Point state: Migratory (spring),Not nesting
32800401964,Step state: Summer,Point state: Summer,Not nesting
32800401965,Step state: Migratory (spring),Point state: Migratory (spring),Not nesting
32800401966,Step state: Migratory (spring),Point state: Migratory (spring),Not nesting
32800401967,Step state: Summer,Point state: Summer,Not nesting
32800401969,Step state: Migratory (spring),Point state: Migratory (spring),Not nesting
32800401970,Step state: Migratory (spring),Point state: Migratory (spring),Not nesting
32800401972,Step state: Migratory (spring),Point state: Migratory (spring),Not nesting
32800401973,Step state: Summer,Point state: Summer,Not nesting
32800401975,Step state: Migratory (spring),Point state: Migratory (spring),Not nesting
32800401976,Step state: Migratory (spring),Point state: Migratory (spring),Not nesting
32800401977,Step state: Migratory (spring),Point state: Migratory (spring),Not nesting
32800401978,Step state: Summer,Point state: Summer,Not nesting
32800401979,Step state: Migratory (spring),Point state: Migratory (spring),Not nesting
32800401980,Step state: Summer,Point state: Summer,Not nesting
32800401982,Step state: Migratory (spring),Point state: Migratory (spring),Not nesting
32800401983,Step state: Migratory (spring),Point state: Migratory (spring),Not nesting
32800401984,Step state: Migratory (spring),Point state: Migratory (spring),Not nesting
32800401990,Step state: Migratory (spring),Point state: Migratory (spring),Not nesting
32800401993,Step state: Summer,Point state: Summer,Not nesting
32800401994,Step state: Migratory (spring),Point state: Migratory (spring),Not nesting
32800401995,Step state: Summer,Point state: Summer,Not nesting
32800401997,Step state: Migratory (spring),Point state: Migratory (spring),Not nesting
32800401998,Step state: Migratory (spring),Point state: Migratory (spring),Not nesting
32800401999,Step state: Migratory (spring),Point state: Migratory (spring),Not nesting
32824260875,Step state: Migratory (spring),Point state: Migratory (spring),Not nesting
32824260877,Step state: Migratory (spring),Point state: Migratory (spring),Not nesting
32824260878,Step state: Summer,Point state: Summer,Not nesting
32824260880,Step state: Migratory (spring),Point state: Migratory (spring),Not nesting
32824260883,Step state: Migratory (spring),Point state: Migratory (spring),Not nesting
32824260884,Step state: Summer,Point state: Summer,Not nesting
32824260886,Step state: Summer,Point state: Summer,Not nesting
32824260888,Step state: Migratory (spring),Point state: Migratory (spring),Not nesting
32824260890,Step state: Summer,Point state: Summer,Not nesting
32824260893,Step state: Summer,Point state: Summer,Not nesting
32824260895,Step state: Migratory (spring),Point state: Migratory (spring),Not nesting
32824260897,Step state: Summer,Point state: Summer,Not nesting
32824260899,Step state: Summer,Point state: Summer,Not nesting
32824260900,Step state: Migratory (spring),Point state: Migratory (spring),Not nesting
32824260902,Step state: Summer,Point state: Summer,Not nesting
32824260909,Step state: Summer,Point state: Summer,Not nesting
32824260910,Step state: Migratory (spring),Point state: Migratory (spring),Not nesting
32824260913,Step state: Summer,Point state: Summer,Not nesting
32864097822,Step state: Migratory (spring),Point state: Migratory (spring),Not nesting
32864097828,Step state: Migratory (spring),Point state: Migratory (spring),Not nesting
32919000127,Step state: Summer,Point state: Summer,Not nesting
32919000128,Step state: Migratory (spring),Point state: Migratory (spring),Not nesting
32919000129,Step state: Summer,Point state: Summer,Not nesting
32919000131,Step state: Summer,Point state: Summer,Not nesting
32919000132,Step state: Migratory (spring),Point state: Migratory (spring),Not nesting
32919000134,Step state: Summer,Point state: Summer,Not nesting
32919000135,Step state: Summer,Point state: Summer,Not nesting
32919000140,Step state: Summer,Point state: Summer,Not nesting
32919000141,Step state: Migratory (spring),Point state: Migratory (spring),Not nesting
32919000143,Step state: Migratory (spring),Point state: Migratory (spring),Not nesting
32919000145,Step state: Summer,Point state: Summer,Not nesting
32919000146,Step state: Summer,Point state: Summer,Not nesting
32959356296,Step state: Summer,Point state: Summer,Not nesting
32959356297,Step state: Summer,Point state: Summer,Not nesting
32959356299,Step state: Summer,Point state: Summer,Not nesting
32959356300,Step state: Summer,Point state: Summer,Not nesting
32959356301,Step state: Summer,Point state: Summer,Not nesting
32959356302,Step state: Summer,Point state: Summer,Not nesting
32959356307,Step state: Summer,Point state: Summer,Not nesting
32959356311,Step state: Summer,Point state: Summer,Not nesting
32959356316,Step state: Summer,Point state: Summer,Not nesting
32959356317,Step state: Summer,Point state: Summer,Not nesting
32959356318,Step state: Summer,Point state: Summer,Not nesting
32959356320,Step state: Summer,Point state: Summer,Not nesting
32959356322,Step state: Summer,Point state: Summer,Not nesting
32959356324,Step state: Summer,Point state: Summer,Not nesting
32959356325,Step state: Summer,Point state: Summer,Not nesting
32959356326,Step state: Summer,Point state: Summer,Not nesting
32959356327,Step state: Summer,Point state: Summer,Not nesting
32959356332,Step state: Summer,Point state: Summer,Not nesting
32959356336,Step state: Summer,Point state: Summer,Not nesting
32959356341,Step state: Summer,Point state: Summer,Not nesting
32959356342,Step state: Summer,Point state: Summer,Not nesting
32959356343,Step state: Summer,Point state: Summer,Not nesting
32959356346,Step state: Summer,Point state: Summer,Not nesting
32959356348,Step state: Summer,Point state: Summer,Not nesting
32959356350,Step state: Summer,Point state: Summer,Not nesting
32959356351,Step state: Summer,Point state: Summer,Not nesting
32959356352,Step state: Summer,Point state: Summer,Not nesting
32959356354,Step state: Summer,Point state: Summer,Not nesting
32959356359,Step state: Summer,Point state: Summer,Not nesting
32959356361,Step state: Summer,Point state: Summer,Not nesting
32959356363,Step state: Summer,Point state: Summer,Not nesting
32959356368,Step state: Summer,Point state: Summer,Not nesting
32959356369,Step state: Summer,Point state: Summer,Not nesting
32959356371,Step state: Summer,Point state: Summer,Not nesting
32959356373,Step state: Summer,Point state: Summer,Not nesting
32959356374,Step state: Summer,Point state: Summer,Not nesting
32959356375,Step state: Summer,Point state: Summer,Not nesting
32959356376,Step state: Summer,Point state: Summer,Not nesting
32959356380,Step state: Summer,Point state: Summer,Not nesting
32959356382,Step state: Summer,Point state: Summer,Not nesting
32959356388,Step state: Summer,Point state: Summer,Not nesting
32959356389,Step state: Summer,Point state: Summer,Not nesting
32959356391,Step state: Summer,Point state: Summer,Not nesting
32959356392,Step state: Summer,Point state: Summer,Not nesting
32959356394,Step state: Summer,Point state: Summer,Not nesting
32959356395,Step state: Summer,Point state: Summer,Not nesting
32983659883,Step state: Migratory (spring),Point state: Migratory (spring),Not nesting
32983659885,Step state: Migratory (spring),Point state: Migratory (spring),Not nesting
32983659886,Step state: Summer,Point state: Summer,Not nesting
32983659887,Step state: Summer,Point state: Summer,Not nesting
32983659888,Step state: Summer,Point state: Summer,Not nesting
32983659889,Step state: Summer,Point state: Summer,Not nesting
32983659891,Step state: Summer,Point state: Summer,Not nesting
32983659893,Step state: Summer,Point state: Summer,Not nesting
32983659894,Step state: Summer,Point state: Summer,Not nesting
32983659895,Step state: Summer,Point state: Summer,Not nesting
32983659896,Step state: Summer,Point state: Summer,Not nesting
32983659898,Step state: Summer,Point state: Summer,Not nesting
32983659899,Step state: Summer,Point state: Summer,Not nesting
32983659901,Step state: Migratory (spring),Point state: Migratory (spring),Not nesting
32983659902,Step state: Summer,Point state: Summer,Not nesting
32983659905,Step state: Summer,Point state: Summer,Not nesting
32983659907,Step state: Summer,Point state: Summer,Not nesting
32983659908,Step state: Summer,Point state: Summer,Not nesting
32983659912,Step state: Summer,Point state: Summer,Not nesting
32983659913,Step state: Summer,Point state: Summer,Not nesting
32983659914,Step state: Summer,Point state: Summer,Not nesting
32983659915,Step state: Summer,Point state: Summer,Not nesting
32983659916,Step state: Summer,Point state: Summer,Not nesting
32983659918,Step state: Summer,Point state: Summer,Not nesting
32983659919,Step state: Summer,Point state: Summer,Not nesting
32983659921,Step state: Migratory (spring),Point state: Migratory (spring),Not nesting
32983659922,Step state: Summer,Point state: Summer,Not nesting
32983659925,Step state: Summer,Point state: Summer,Not nesting
32983659927,Step state: Summer,Point state: Summer,Not nesting
32983659928,Step state: Summer,Point state: Summer,Not nesting
32983659932,Step state: Summer,Point state: Summer,Not nesting
32983659933,Step state: Summer,Point state: Summer,Not nesting
32983659934,Step state: Summer,Point state: Summer,Not nesting
32983659935,Step state: Summer,Point state: Summer,Not nesting
32983659936,Step state: Summer,Point state: Summer,Not nesting
32983659938,Step state: Summer,Point state: Summer,Not nesting
32983659939,Step state: Dispersal,Point state: Summer,Not nesting
33015969141,Step state: Summer,Point state: Summer,Not nesting
33015969142,Step state: Summer,Point state: Summer,Not nesting
33015969143,Step state: Summer,Point state: Summer,Not nesting
33015969144,Step state: Summer,Point state: Summer,Not nesting
33061959236,Step state: Migratory (spring),Point state: Migratory (spring),Not nesting
33061959237,Step state: Migratory (spring),Point state: Migratory (spring),Not nesting
33061959239,Step state: Migratory (spring),Point state: Migratory (spring),Not nesting
33061959241,Step state: Migratory (spring),Point state: Migratory (spring),Not nesting
33061959244,Step state: Migratory (spring),Point state: Migratory (spring),Not nesting
33061959248,Step state: Migratory (spring),Point state: Migratory (spring),Not nesting
33098951245,Step state: Summer,Point state: Summer,Not nesting
33098951248,Step state: Summer,Point state: Summer,Not nesting
33098951251,Step state: Summer,Point state: Summer,Not nesting
33098951255,Step state: Summer,Point state: Summer,Not nesting
33152329381,Step state: Summer,Point state: Summer,Not nesting
33152329382,Step state: Summer,Point state: Summer,Not nesting
33152329384,Step state: Summer,Point state: Summer,Not nesting
33152329385,Step state: Summer,Point state: Summer,Not nesting
33152329386,Step state: Summer,Point state: Summer,Not nesting
33152329388,Step state: Summer,Point state: Summer,Not nesting
33152329389,Step state: Summer,Point state: Summer,Not nesting
33152329391,Step state: Migratory (spring),Point state: Migratory (spring),Not nesting
33152329394,Step state: Summer,Point state: Summer,Not nesting
33152329395,Step state: Summer,Point state: Summer,Not nesting
33152329397,Step state: Summer,Point state: Summer,Not nesting
33152329398,Step state: Summer,Point state: Summer,Not nesting
33152329400,Step state: Summer,Point state: Summer,Not nesting
33152329401,Step state: Summer,Point state: Summer,Not nesting
33192457357,Step state: Summer,Point state: Summer,Not nesting
33192457358,Step state: Summer,Point state: Summer,Not nesting
33208409500,Step state: Summer,Point state: Summer,Not nesting
33208409501,Step state: Summer,Point state: Summer,Not nesting
33208409502,Step state: Summer,Point state: Summer,Not nesting
33208409509,Step state: Summer,Point state: Summer,Not nesting
33208409510,Step state: Summer,Point state: Summer,Not nesting
33208409518,Step state: Summer,Point state: Summer,Not nesting
33208409519,Step state: Summer,Point state: Summer,Not nesting
33208409520,Step state: Summer,Point state: Summer,Not nesting
33208409521,Step state: Summer,Point state: Summer,Not nesting
33208409524,Step state: Summer,Point state: Summer,Not nesting
33208409525,Step state: Summer,Point state: Summer,Not nesting
33208409527,Step state: Summer,Point state: Summer,Not nesting
33208409532,Step state: Summer,Point state: Summer,Not nesting
33208409533,Step state: Summer,Point state: Summer,Not nesting
33208409535,Step state: Summer,Point state: Summer,Not nesting
33208409538,Step state: Summer,Point state: Summer,Not nesting
33208409539,Step state: Summer,Point state: Summer,Not nesting
33208409540,Step state: Summer,Point state: Summer,Not nesting
33208409541,Step state: Summer,Point state: Summer,Not nesting
33208409542,Step state: Summer,Point state: Summer,Not nesting
33208409543,Step state: Summer,Point state: Summer,Not nesting
33208409546,Step state: Summer,Point state: Summer,Not nesting
33208409547,Step state: Summer,Point state: Summer,Not nesting
33208409550,Step state: Summer,Point state: Summer,Not nesting
33208409555,Step state: Summer,Point state: Summer,Not nesting
33208409556,Step state: Summer,Point state: Summer,Not nesting
33208409559,Step state: Summer,Point state: Summer,Not nesting
33208409561,Step state: Summer,Point state: Summer,Not nesting
33208409563,Step state: Summer,Point state: Summer,Not nesting
33208409564,Step state: Summer,Point state: Summer,Not nesting
33208409565,Step state: Summer,Point state: Summer,Not nesting
33208409566,Step state: Summer,Point state: Summer,Not nesting
33208409567,Step state: Summer,Point state: Summer,Not nesting
33208409568,Step state: Summer,Point state: Summer,Not nesting
33208409569,Step state: Summer,Point state: Summer,Not nesting
33208409570,Step state: Summer,Point state: Summer,Not nesting
33208409573,Step state: Summer,Point state: Summer,Not nesting
33208409575,Step state: Summer,Point state: Summer,Not nesting
33208409577,Step state: Summer,Point state: Summer,Not nesting
33208409582,Step state: Summer,Point state: Summer,Not nesting
33208409584,Step state: Summer,Point state: Summer,Not nesting
33208409586,Step state: Summer,Point state: Summer,Not nesting
33208409587,Step state: Summer,Point state: Summer,Not nesting
33208409588,Step state: Summer,Point state: Summer,Not nesting
33208409589,Step state: Summer,Point state: Summer,Not nesting
33208409590,Step state: Summer,Point state: Summer,Not nesting
33208409591,Step state: Summer,Point state: Summer,Not nesting
33208409594,Step state: Summer,Point state: Summer,Not nesting
33208409596,Step state: Summer,Point state: Summer,Not nesting
33208409598,Step state: Summer,Point state: Summer,Not nesting
33208409603,Step state: Summer,Point state: Summer,Not nesting
33208409604,Step state: Summer,Point state: Summer,Not nesting
33208409606,Step state: Summer,Point state: Summer,Not nesting
33208409608,Step state: Summer,Point state: Summer,Not nesting
33208409609,Step state: Summer,Point state: Summer,Not nesting
33208409610,Step state: Summer,Point state: Summer,Not nesting
33208409611,Step state: Summer,Point state: Summer,Not nesting
33208409612,Step state: Summer,Point state: Summer,Not nesting
33208409613,Step state: Summer,Point state: Summer,Not nesting
33208409614,Step state: Summer,Point state: Summer,Not nesting
33208409616,Step state: Summer,Point state: Summer,Not nesting
33208409621,Step state: Summer,Point state: Summer,Not nesting
33208409623,Step state: Summer,Point state: Summer,Not nesting
33208409624,Step state: Summer,Point state: Summer,Not nesting
33208409625,Step state: Summer,Point state: Summer,Not nesting
33208409626,Step state: Summer,Point state: Summer,Not nesting
33208409627,Step state: Summer,Point state: Summer,Not nesting
33208409633,Step state: Summer,Point state: Summer,Not nesting
33208409634,Step state: Summer,Point state: Summer,Not nesting
33208409635,Step state: Summer,Point state: Summer,Not nesting
33235481209,Step state: Summer,Point state: Summer,Not nesting
33235481210,Step state: Summer,Point state: Summer,Not nesting
33235481211,Step state: Summer,Point state: Summer,Not nesting
33235481212,Step state: Summer,Point state: Summer,Not nesting
33235481213,Step state: Summer,Point state: Summer,Not nesting
33235481214,Step state: Summer,Point state: Summer,Not nesting
33235481215,Step state: Summer,Point state: Summer,Not nesting
33235481216,Step state: Migratory (spring),Point state: Migratory (spring),Not nesting
33235481217,Step state: Summer,Point state: Summer,Not nesting
33235481218,Step state: Summer,Point state: Summer,Not nesting
33235481219,Step state: Summer,Point state: Summer,Not nesting
33235481220,Step state: Summer,Point state: Summer,Not nesting
33235481221,Step state: Summer,Point state: Summer,Not nesting
33235481222,Step state: Summer,Point state: Summer,Not nesting
33235481224,Step state: Summer,Point state: Summer,Not nesting
33235481225,Step state: Summer,Point state: Summer,Not nesting
33235481227,Step state: Summer,Point state: Summer,Not nesting
33235481228,Step state: Summer,Point state: Summer,Not nesting
33235481229,Step state: Summer,Point state: Summer,Not nesting
33235481230,Step state: Summer,Point state: Summer,Not nesting
33235481231,Step state: Migratory (spring),Point state: Migratory (spring),Not nesting
33235481233,Step state: Summer,Point state: Summer,Not nesting
33235481235,Step state: Summer,Point state: Summer,Not nesting
33235481237,Step state: Summer,Point state: Summer,Not nesting
33235481238,Step state: Summer,Point state: Summer,Not nesting
33235481239,Step state: Summer,Point state: Summer,Not nesting
33235481240,Step state: Summer,Point state: Summer,Not nesting
33235481241,Step state: Summer,Point state: Summer,Not nesting
33235481242,Step state: Summer,Point state: Summer,Not nesting
33235481243,Step state: Summer,Point state: Summer,Not nesting
33235481244,Step state: Summer,Point state: Summer,Not nesting
33235481245,Step state: Summer,Point state: Summer,Not nesting
33235481246,Step state: Migratory (fall),Point state: Summer,Not nesting
33235481248,Step state: Summer,Point state: Summer,Not nesting
33244585589,Step state: Migratory (spring),Point state: Migratory (spring),Not nesting
33244585590,Step state: Summer,Point state: Summer,Not nesting
33244585591,Step state: Migratory (spring),Point state: Migratory (spring),Not nesting
33244585592,Step state: Summer,Point state: Summer,Not nesting
33244585593,Step state: Migratory (spring),Point state: Migratory (spring),Not nesting
33244585594,Step state: Summer,Point state: Summer,Not nesting
33244585595,Step state: Summer,Point state: Summer,Not nesting
33244585596,Step state: Summer,Point state: Summer,Not nesting
33244585598,Step state: Summer,Point state: Summer,Not nesting
33244585600,Step state: Summer,Point state: Summer,Not nesting
33244585603,Step state: Summer,Point state: Summer,Not nesting
33244585604,Step state: Summer,Point state: Summer,Not nesting
33244585607,Step state: Summer,Point state: Summer,Not nesting
33244585610,Step state: Summer,Point state: Summer,Not nesting
33302779655,Step state: Summer,Point state: Summer,Not nesting
33302779656,Step state: Summer,Point state: Summer,Not nesting
33302779657,Step state: Summer,Point state: Summer,Not nesting
33302779658,Step state: Summer,Point state: Summer,Not nesting
33302779660,Step state: Summer,Point state: Summer,Not nesting
33302779661,Step state: Summer,Point state: Summer,Not nesting
33302779662,Step state: Summer,Point state: Summer,Not nesting
33302779663,Step state: Summer,Point state: Summer,Not nesting
33302779664,Step state: Summer,Point state: Summer,Not nesting
33302779666,Step state: Summer,Point state: Summer,Not nesting
33302779667,Step state: Summer,Point state: Summer,Not nesting
33302779668,Step state: Summer,Point state: Summer,Not nesting
33302779669,Step state: Summer,Point state: Summer,Not nesting
33302779671,Step state: Summer,Point state: Summer,Not nesting
33302779672,Step state: Summer,Point state: Summer,Not nesting
33302779673,Step state: Summer,Point state: Summer,Not nesting
33302779674,Step state: Summer,Point state: Summer,Not nesting
33302779675,Step state: Summer,Point state: Summer,Not nesting
33302779676,Step state: Summer,Point state: Summer,Not nesting
33302779679,Step state: Summer,Point state: Summer,Not nesting
33302779680,Step state: Summer,Point state: Summer,Not nesting
33302779681,Step state: Summer,Point state: Summer,Not nesting
33302779682,Step state: Summer,Point state: Summer,Not nesting
33302779683,Step state: Summer,Point state: Summer,Not nesting
33302779684,Step state: Summer,Point state: Summer,Not nesting
33302779685,Step state: Summer,Point state: Summer,Not nesting
33302779686,Step state: Summer,Point state: Summer,Not nesting
33302779687,Step state: Summer,Point state: Summer,Not nesting
33302779689,Step state: Summer,Point state: Summer,Not nesting
33302779690,Step state: Summer,Point state: Summer,Not nesting
33302779691,Step state: Summer,Point state: Summer,Not nesting
33302779693,Step state: Summer,Point state: Summer,Not nesting
33302779694,Step state: Summer,Point state: Summer,Not nesting
33302779695,Step state: Summer,Point state: Summer,Not nesting
33302779696,Step state: Summer,Point state: Summer,Not nesting
33302779697,Step state: Summer,Point state: Summer,Not nesting
33302779698,Step state: Summer,Point state: Summer,Not nesting
33302779699,Step state: Summer,Point state: Summer,Not nesting
33302779701,Step state: Summer,Point state: Summer,Not nesting
33302779703,Step state: Summer,Point state: Summer,Not nesting
33302779704,Step state: Summer,Point state: Summer,Not nesting
33302779705,Step state: Summer,Point state: Summer,Not nesting
33302779706,Step state: Summer,Point state: Summer,Not nesting
33302779707,Step state: Summer,Point state: Summer,Not nesting
33302779708,Step state: Summer,Point state: Summer,Not nesting
33302779710,Step state: Summer,Point state: Summer,Not nesting
33302779711,Step state: Summer,Point state: Summer,Not nesting
33302779712,Step state: Summer,Point state: Summer,Not nesting
33302779713,Step state: Summer,Point state: Summer,Not nesting
33394994036,Step state: Migratory (spring),Point state: Migratory (spring),Not nesting
33394994039,Step state: Migratory (spring),Point state: Migratory (spring),Not nesting
33394994048,Step state: Summer,Point state: Summer,Not nesting
33394994054,Step state: Summer,Point state: Summer,Not nesting
33394994059,Step state: Summer,Point state: Summer,Not nesting
33394994060,Step state: Summer,Point state: Summer,Not nesting
33394994061,Step state: Summer,Point state: Summer,Not nesting
33394994062,Step state: Summer,Point state: Summer,Not nesting
33394994063,Step state: Summer,Point state: Summer,Not nesting
33394994064,Step state: Migratory (spring),Point state: Migratory (spring),Not nesting
33394994067,Step state: Summer,Point state: Summer,Not nesting
33394994071,Step state: Summer,Point state: Summer,Not nesting
33394994072,Step state: Summer,Point state: Summer,Not nesting
33394994075,Step state: Summer,Point state: Summer,Not nesting
33394994076,Step state: Summer,Point state: Summer,Not nesting
33394994077,Step state: Summer,Point state: Summer,Not nesting
33394994081,Step state: Summer,Point state: Summer,Not nesting
33394994083,Step state: Summer,Point state: Summer,Not nesting
33394994088,Step state: Summer,Point state: Summer,Not nesting
33394994089,Step state: Summer,Point state: Summer,Not nesting
33394994090,Step state: Summer,Point state: Summer,Not nesting
33394994093,Step state: Summer,Point state: Summer,Not nesting
33394994094,Step state: Summer,Point state: Summer,Not nesting
33394994095,Step state: Summer,Point state: Summer,Not nesting
33394994096,Step state: Summer,Point state: Summer,Not nesting
33394994099,Step state: Summer,Point state: Summer,Not nesting
33394994101,Step state: Summer,Point state: Summer,Not nesting
33394994107,Step state: Summer,Point state: Summer,Not nesting
33394994108,Step state: Summer,Point state: Summer,Not nesting
33394994112,Step state: Summer,Point state: Summer,Not nesting
33394994113,Step state: Summer,Point state: Summer,Not nesting
33394994114,Step state: Summer,Point state: Summer,Not nesting
33394994115,Step state: Summer,Point state: Summer,Not nesting
33394994116,Step state: Summer,Point state: Summer,Not nesting
33394994117,Step state: Summer,Point state: Summer,Not nesting
33394994118,Step state: Summer,Point state: Summer,Not nesting
33394994119,Step state: Summer,Point state: Summer,Not nesting
33394994122,Step state: Migratory (fall),Point state: Summer,Not nesting
33394994123,Step state: Summer,Point state: Summer,Not nesting
33394994124,Step state: Summer,Point state: Summer,Not nesting
33394994125,Step state: Migratory (spring),Point state: Migratory (spring),Not nesting
33394994129,Step state: Summer,Point state: Summer,Not nesting
33394994131,Step state: Summer,Point state: Summer,Not nesting
33394994137,Step state: Summer,Point state: Summer,Not nesting
33394994138,Step state: Summer,Point state: Summer,Not nesting
33394994140,Step state: Summer,Point state: Summer,Not nesting
33394994142,Step state: Summer,Point state: Summer,Not nesting
33394994143,Step state: Summer,Point state: Summer,Not nesting
33394994144,Step state: Summer,Point state: Summer,Not nesting
33394994145,Step state: Summer,Point state: Summer,Not nesting
33394994146,Step state: Summer,Point state: Summer,Not nesting
33394994147,Step state: Summer,Point state: Summer,Not nesting
33394994148,Step state: Summer,Point state: Summer,Not nesting
33394994152,Step state: Summer,Point state: Summer,Not nesting
33394994154,Step state: Summer,Point state: Summer,Not nesting
33394994159,Step state: Summer,Point state: Summer,Not nesting
33394994160,Step state: Summer,Point state: Summer,Not nesting
33394994161,Step state: Summer,Point state: Summer,Not nesting
33394994162,Step state: Summer,Point state: Summer,Not nesting
33394994163,Step state: Summer,Point state: Summer,Not nesting
33394994166,Step state: Summer,Point state: Summer,Not nesting
33394994167,Step state: Summer,Point state: Summer,Not nesting
33519679538,Step state: Summer,Point state: Summer,Not nesting
33519679540,Step state: Summer,Point state: Summer,Not nesting
33519679542,Step state: Summer,Point state: Summer,Not nesting
33519679543,Step state: Summer,Point state: Summer,Not nesting
33519679544,Step state: Summer,Point state: Summer,Not nesting
33519679545,Step state: Summer,Point state: Summer,Not nesting
33519679546,Step state: Summer,Point state: Summer,Not nesting
33519679548,Step state: Summer,Point state: Summer,Not nesting
33519679550,Step state: Summer,Point state: Summer,Not nesting
33519679551,Step state: Summer,Point state: Summer,Not nesting
33519679552,Step state: Summer,Point state: Summer,Not nesting
33519679554,Step state: Summer,Point state: Summer,Not nesting
33519679556,Step state: Summer,Point state: Summer,Not nesting
33519679559,Step state: Summer,Point state: Summer,Not nesting
33519679561,Step state: Summer,Point state: Summer,Not nesting
33519679563,Step state: Summer,Point state: Summer,Not nesting
33519679564,Step state: Summer,Point state: Summer,Not nesting
33519679565,Step state: Summer,Point state: Summer,Not nesting
33519679567,Step state: Summer,Point state: Summer,Not nesting
33519679568,Step state: Summer,Point state: Summer,Not nesting
33519679569,Step state: Summer,Point state: Summer,Not nesting
33519679570,Step state: Summer,Point state: Summer,Not nesting
33519679572,Step state: Summer,Point state: Summer,Not nesting
33519679576,Step state: Summer,Point state: Summer,Not nesting
33519679578,Step state: Summer,Point state: Summer,Not nesting
33519679580,Step state: Summer,Point state: Summer,Not nesting
33519679584,Step state: Summer,Point state: Summer,Not nesting
33519679585,Step state: Summer,Point state: Summer,Not nesting
33519679587,Step state: Summer,Point state: Summer,Not nesting
33519679588,Step state: Summer,Point state: Summer,Not nesting
33519679589,Step state: Summer,Point state: Summer,Not nesting
33519679590,Step state: Summer,Point state: Summer,Not nesting
33519679591,Step state: Summer,Point state: Summer,Not nesting
33519679592,Step state: Summer,Point state: Summer,Not nesting
33519679593,Step state: Summer,Point state: Summer,Not nesting
33519679594,Step state: Summer,Point state: Summer,Not nesting
33519679599,Step state: Summer,Point state: Summer,Not nesting
33519679601,Step state: Summer,Point state: Summer,Not nesting
33519679603,Step state: Summer,Point state: Summer,Not nesting
33519679608,Step state: Summer,Point state: Summer,Not nesting
33519679609,Step state: Summer,Point state: Summer,Not nesting
33519679610,Step state: Summer,Point state: Summer,Not nesting
33519679613,Step state: Summer,Point state: Summer,Not nesting
33519679615,Step state: Summer,Point state: Summer,Not nesting
33519679616,Step state: Summer,Point state: Summer,Not nesting
33519679617,Step state: Summer,Point state: Summer,Not nesting
33519679618,Step state: Summer,Point state: Summer,Not nesting
33519679619,Step state: Summer,Point state: Summer,Not nesting
33519679620,Step state: Summer,Point state: Summer,Not nesting
33519679621,Step state: Summer,Point state: Summer,Not nesting
33519679622,Step state: Summer,Point state: Summer,Not nesting
33519679624,Step state: Summer,Point state: Summer,Not nesting
33519679634,Step state: Summer,Point state: Summer,Not nesting
33519679636,Step state: Summer,Point state: Summer,Not nesting
33519679637,Step state: Summer,Point state: Summer,Not nesting
33519679638,Step state: Summer,Point state: Summer,Not nesting
33519679639,Step state: Summer,Point state: Summer,Not nesting
33519679640,Step state: Summer,Point state: Summer,Not nesting
33519679641,Step state: Summer,Point state: Summer,Not nesting
33519679647,Step state: Summer,Point state: Summer,Not nesting
33519679648,Step state: Summer,Point state: Summer,Not nesting
33519679650,Step state: Summer,Point state: Summer,Not nesting
33519679652,Step state: Summer,Point state: Summer,Not nesting
33519679653,Step state: Summer,Point state: Summer,Not nesting
33605702450,Step state: Summer,Point state: Summer,Not nesting
33605702451,Step state: Summer,Point state: Summer,Not nesting
33605702452,Step state: Migratory (spring),Point state: Migratory (spring),Not nesting
33605702454,Step state: Summer,Point state: Summer,Not nesting
33605702459,Step state: Summer,Point state: Summer,Not nesting
33605702461,Step state: Summer,Point state: Summer,Not nesting
33605702462,Step state: Summer,Point state: Summer,Not nesting
33605702463,Step state: Summer,Point state: Summer,Not nesting
33605702464,Step state: Summer,Point state: Summer,Not nesting
33605702465,Step state: Summer,Point state: Summer,Not nesting
33605702466,Step state: Summer,Point state: Summer,Not nesting
33605702467,Step state: Summer,Point state: Summer,Not nesting
33605702468,Step state: Summer,Point state: Summer,Not nesting
33605702469,Step state: Summer,Point state: Summer,Not nesting
33605702471,Step state: Summer,Point state: Summer,Not nesting
33605702472,Step state: Summer,Point state: Summer,Not nesting
33605702473,Step state: Summer,Point state: Summer,Not nesting
33605702474,Step state: Summer,Point state: Summer,Not nesting
33605702475,Step state: Summer,Point state: Summer,Not nesting
33605702476,Step state: Summer,Point state: Summer,Not nesting
33605702477,Step state: Summer,Point state: Summer,Not nesting
33605702478,Step state: Summer,Point state: Summer,Not nesting
33605702480,Step state: Summer,Point state: Summer,Not nesting
33605702481,Step state: Summer,Point state: Summer,Not nesting
33605702482,Step state: Summer,Point state: Summer,Not nesting
33605702484,Step state: Summer,Point state: Summer,Not nesting
33605702487,Step state: Summer,Point state: Summer,Not nesting
33605702489,Step state: Summer,Point state: Summer,Not nesting
33605702490,Step state: Summer,Point state: Summer,Not nesting
33605702491,Step state: Summer,Point state: Summer,Not nesting
33605702492,Step state: Summer,Point state: Summer,Not nesting
33605702493,Step state: Summer,Point state: Summer,Not nesting
33605702494,Step state: Summer,Point state: Summer,Not nesting
33605702495,Step state: Summer,Point state: Summer,Not nesting
33605702498,Step state: Summer,Point state: Summer,Not nesting
33605702499,Step state: Summer,Point state: Summer,Not nesting
33605702501,Step state: Summer,Point state: Summer,Not nesting
33605702503,Step state: Summer,Point state: Summer,Not nesting
33605702507,Step state: Summer,Point state: Summer,Not nesting
33605702511,Step state: Summer,Point state: Summer,Not nesting
33605702512,Step state: Summer,Point state: Summer,Not nesting
33605702513,Step state: Summer,Point state: Summer,Not nesting
33605702514,Step state: Summer,Point state: Summer,Not nesting
33605702515,Step state: Summer,Point state: Summer,Not nesting
33605702516,Step state: Summer,Point state: Summer,Not nesting
33605702517,Step state: Summer,Point state: Summer,Not nesting
33605702518,Step state: Summer,Point state: Summer,Not nesting
33605702522,Step state: Summer,Point state: Summer,Not nesting
33605702524,Step state: Summer,Point state: Summer,Not nesting
33605702525,Step state: Summer,Point state: Summer,Not nesting
33605702529,Step state: Summer,Point state: Summer,Not nesting
33605702530,Step state: Summer,Point state: Summer,Not nesting
33605702533,Step state: Summer,Point state: Summer,Not nesting
33605702535,Step state: Summer,Point state: Summer,Not nesting
33605702536,Step state: Summer,Point state: Summer,Not nesting
33605702537,Step state: Summer,Point state: Summer,Not nesting
33605702538,Step state: Summer,Point state: Summer,Not nesting
33605702539,Step state: Summer,Point state: Summer,Not nesting
33605702540,Step state: Summer,Point state: Summer,Not nesting
33605702541,Step state: Summer,Point state: Summer,Not nesting
33605702542,Step state: Migratory (fall),Point state: Summer,Not nesting
33605702543,Step state: Migratory (fall),Point state: Summer,Not nesting
33605702544,Step state: Migratory (fall),Point state: Summer,Not nesting
33605702545,Step state: Migratory (fall),Point state: Summer,Not nesting
33605702547,Step state: Migratory (fall),Point state: Summer,Not nesting
33605702548,Step state: Summer,Point state: Summer,Not nesting
33605702551,Step state: Summer,Point state: Summer,Not nesting
33605702552,Step state: Summer,Point state: Summer,Not nesting
33605702553,Step state: Summer,Point state: Summer,Not nesting
33605702557,Step state: Summer,Point state: Summer,Not nesting
33605702560,Step state: Summer,Point state: Summer,Not nesting
33605702561,Step state: Summer,Point state: Summer,Not nesting
33605702562,Step state: Summer,Point state: Summer,Not nesting
33605702565,Step state: Summer,Point state: Summer,Not nesting
33605702566,Step state: Summer,Point state: Summer,Not nesting
33605702567,Step state: Summer,Point state: Summer,Not nesting
33605702571,Step state: Summer,Point state: Summer,Not nesting
33605702574,Step state: Summer,Point state: Summer,Not nesting
33605702575,Step state: Summer,Point state: Summer,Not nesting
33605702576,Step state: Summer,Point state: Summer,Not nesting
33815123728,Step state: Summer,Point state: Summer,Not nesting
33815123729,Step state: Summer,Point state: Summer,Not nesting
33815123730,Step state: Summer,Point state: Summer,Not nesting
33815123731,Step state: Summer,Point state: Summer,Not nesting
33815123732,Step state: Summer,Point state: Summer,Not nesting
33815123734,Step state: Summer,Point state: Summer,Not nesting
33815123735,Step state: Summer,Point state: Summer,Not nesting
33815123736,Step state: Summer,Point state: Summer,Not nesting
33815123737,Step state: Summer,Point state: Summer,Not nesting
33815123738,Step state: Summer,Point state: Summer,Not nesting
33815123740,Step state: Summer,Point state: Summer,Not nesting
33815123741,Step state: Summer,Point state: Summer,Not nesting
33815123742,Step state: Summer,Point state: Summer,Not nesting
33815123743,Step state: Summer,Point state: Summer,Not nesting
33815123744,Step state: Summer,Point state: Summer,Not nesting
33815123746,Step state: Summer,Point state: Summer,Not nesting
33815123750,Step state: Summer,Point state: Summer,Not nesting
33815123751,Step state: Summer,Point state: Summer,Not nesting
33815123753,Step state: Summer,Point state: Summer,Not nesting
33815123754,Step state: Summer,Point state: Summer,Not nesting
33815123755,Step state: Summer,Point state: Summer,Not nesting
33815123756,Step state: Summer,Point state: Summer,Not nesting
33815123757,Step state: Dispersal,Point state: Summer,Not nesting
33815123758,Step state: Summer,Point state: Summer,Not nesting
33815123762,Step state: Summer,Point state: Summer,Not nesting
33815123768,Step state: Summer,Point state: Summer,Not nesting
33815123769,Step state: Summer,Point state: Summer,Not nesting
33815123772,Step state: Summer,Point state: Summer,Not nesting
33815123773,Step state: Summer,Point state: Summer,Not nesting
33815123774,Step state: Summer,Point state: Summer,Not nesting
33815123775,Step state: Summer,Point state: Summer,Not nesting
33815123776,Step state: Summer,Point state: Summer,Not nesting
33815123780,Step state: Summer,Point state: Summer,Not nesting
33815123785,Step state: Summer,Point state: Summer,Not nesting
33815123788,Step state: Summer,Point state: Summer,Not nesting
33815123789,Step state: Summer,Point state: Summer,Not nesting
33815123790,Step state: Summer,Point state: Summer,Not nesting
33815123791,Step state: Summer,Point state: Summer,Not nesting
33815123794,Step state: Summer,Point state: Summer,Not nesting
33815123795,Step state: Summer,Point state: Summer,Not nesting
33815123796,Step state: Summer,Point state: Summer,Not nesting
33923713764,Step state: Summer,Point state: Summer,Not nesting
33923713765,Step state: Summer,Point state: Summer,Not nesting
33923713766,Step state: Summer,Point state: Summer,Not nesting
33923713767,Step state: Summer,Point state: Summer,Not nesting
33923713768,Step state: Summer,Point state: Summer,Not nesting
33923713769,Step state: Summer,Point state: Summer,Not nesting
33923713770,Step state: Summer,Point state: Summer,Not nesting
33923713771,Step state: Summer,Point state: Summer,Not nesting
33923713773,Step state: Summer,Point state: Summer,Not nesting
33923713775,Step state: Summer,Point state: Summer,Not nesting
33923713776,Step state: Summer,Point state: Summer,Not nesting
33923713777,Step state: Summer,Point state: Summer,Not nesting
33923713778,Step state: Summer,Point state: Summer,Not nesting
33923713780,Step state: Summer,Point state: Summer,Not nesting
33923713782,Step state: Summer,Point state: Summer,Not nesting
33923713783,Step state: Summer,Point state: Summer,Not nesting
33923713785,Step state: Summer,Point state: Summer,Not nesting
33923713786,Step state: Summer,Point state: Summer,Not nesting
33923713787,Step state: Summer,Point state: Summer,Not nesting
33923713788,Step state: Summer,Point state: Summer,Not nesting
33923713789,Step state: Summer,Point state: Summer,Not nesting
33923713790,Step state: Summer,Point state: Summer,Not nesting
33923713791,Step state: Summer,Point state: Summer,Not nesting
33923713792,Step state: Summer,Point state: Summer,Not nesting
33923713793,Step state: Summer,Point state: Summer,Not nesting
33923713798,Step state: Summer,Point state: Summer,Not nesting
33923713800,Step state: Summer,Point state: Summer,Not nesting
33923713801,Step state: Summer,Point state: Summer,Not nesting
33923713802,Step state: Summer,Point state: Summer,Not nesting
33923713803,Step state: Summer,Point state: Summer,Not nesting
33923713804,Step state: Summer,Point state: Summer,Not nesting
33923713805,Step state: Summer,Point state: Summer,Not nesting
33923713806,Step state: Summer,Point state: Summer,Not nesting
33923713808,Step state: Summer,Point state: Summer,Not nesting
33923713809,Step state: Summer,Point state: Summer,Not nesting
33923713811,Step state: Summer,Point state: Summer,Not nesting
33923713812,Step state: Summer,Point state: Summer,Not nesting
33923713817,Step state: Summer,Point state: Summer,Not nesting
33923713818,Step state: Summer,Point state: Summer,Not nesting
33923713820,Step state: Summer,Point state: Summer,Not nesting
33923713822,Step state: Summer,Point state: Summer,Not nesting
33923713823,Step state: Summer,Point state: Summer,Not nesting
33923713824,Step state: Summer,Point state: Summer,Not nesting
33923713825,Step state: Summer,Point state: Summer,Not nesting
33923713826,Step state: Summer,Point state: Summer,Not nesting
33923713827,Step state: Summer,Point state: Summer,Not nesting
33923713828,Step state: Summer,Point state: Summer,Not nesting
33923713829,Step state: Summer,Point state: Summer,Not nesting
33923713830,Step state: Summer,Point state: Summer,Not nesting
33923713831,Step state: Summer,Point state: Summer,Not nesting
33923713833,Step state: Summer,Point state: Summer,Not nesting
33923713837,Step state: Summer,Point state: Summer,Not nesting
33923713840,Step state: Summer,Point state: Summer,Not nesting
33923713841,Step state: Summer,Point state: Summer,Not nesting
33923713842,Step state: Summer,Point state: Summer,Not nesting
33923713843,Step state: Summer,Point state: Summer,Not nesting
33923713844,Step state: Summer,Point state: Summer,Not nesting
33923713845,Step state: Summer,Point state: Summer,Not nesting
33923713846,Step state: Summer,Point state: Summer,Not nesting
33923713847,Step state: Summer,Point state: Summer,Not nesting
33923713852,Step state: Summer,Point state: Summer,Not nesting
33923713854,Step state: Summer,Point state: Summer,Not nesting
33923713855,Step state: Summer,Point state: Summer,Not nesting
33923713856,Step state: Summer,Point state: Summer,Not nesting
34016349990,Step state: Summer,Point state: Summer,Not nesting
34016349991,Step state: Summer,Point state: Summer,Not nesting
34016349992,Step state: Summer,Point state: Summer,Not nesting
34016349993,Step state: Summer,Point state: Summer,Not nesting
34016349994,Step state: Summer,Point state: Summer,Not nesting
34016349995,Step state: Summer,Point state: Summer,Not nesting
34016349999,Step state: Summer,Point state: Summer,Not nesting
34016350000,Step state: Summer,Point state: Summer,Not nesting
34016350004,Step state: Summer,Point state: Summer,Not nesting
34016350006,Step state: Summer,Point state: Summer,Not nesting
34016350007,Step state: Summer,Point state: Summer,Not nesting
34016350012,Step state: Summer,Point state: Summer,Not nesting
34016350015,Step state: Summer,Point state: Summer,Not nesting
34016350016,Step state: Summer,Point state: Summer,Not nesting
34016350017,Step state: Summer,Point state: Summer,Not nesting
34016350018,Step state: Summer,Point state: Summer,Not nesting
34016350019,Step state: Summer,Point state: Summer,Not nesting
34016350020,Step state: Summer,Point state: Summer,Not nesting
34016350021,Step state: Summer,Point state: Summer,Not nesting
34016350022,Step state: Summer,Point state: Summer,Not nesting
34016350025,Step state: Summer,Point state: Summer,Not nesting
34016350027,Step state: Summer,Point state: Summer,Not nesting
34016350029,Step state: Summer,Point state: Summer,Not nesting
34016350034,Step state: Summer,Point state: Summer,Not nesting
34016350036,Step state: Summer,Point state: Summer,Not nesting
34016350038,Step state: Summer,Point state: Summer,Not nesting
34016350039,Step state: Summer,Point state: Summer,Not nesting
34016350040,Step state: Summer,Point state: Summer,Not nesting
34016350041,Step state: Summer,Point state: Summer,Not nesting
34016350042,Step state: Summer,Point state: Summer,Not nesting
34016350043,Step state: Summer,Point state: Summer,Not nesting
34016350044,Step state: Summer,Point state: Summer,Not nesting
34016350047,Step state: Summer,Point state: Summer,Not nesting
34016350048,Step state: Summer,Point state: Summer,Not nesting
34016350050,Step state: Summer,Point state: Summer,Not nesting
34016350053,Step state: Summer,Point state: Summer,Not nesting
34016350058,Step state: Summer,Point state: Summer,Not nesting
34016350059,Step state: Summer,Point state: Summer,Not nesting
34016350060,Step state: Summer,Point state: Summer,Not nesting
34016350062,Step state: Summer,Point state: Summer,Not nesting
34016350064,Step state: Summer,Point state: Summer,Not nesting
34016350065,Step state: Summer,Point state: Summer,Not nesting
34016350066,Step state: Summer,Point state: Summer,Not nesting
34016350067,Step state: Summer,Point state: Summer,Not nesting
34016350068,Step state: Summer,Point state: Summer,Not nesting
34016350069,Step state: Summer,Point state: Summer,Not nesting
34016350070,Step state: Summer,Point state: Summer,Not nesting
34016350073,Step state: Summer,Point state: Summer,Not nesting
34016350074,Step state: Summer,Point state: Summer,Not nesting
34016350077,Step state: Summer,Point state: Summer,Not nesting
34016350081,Step state: Summer,Point state: Summer,Not nesting
34016350082,Step state: Summer,Point state: Summer,Not nesting
34016350085,Step state: Summer,Point state: Summer,Not nesting
34016350086,Step state: Summer,Point state: Summer,Not nesting
34016350087,Step state: Summer,Point state: Summer,Not nesting
34016350088,Step state: Summer,Point state: Summer,Not nesting
34016350089,Step state: Summer,Point state: Summer,Not nesting
34016350091,Step state: Summer,Point state: Summer,Not nesting
34016350093,Step state: Summer,Point state: Summer,Not nesting
34016350097,Step state: Summer,Point state: Summer,Not nesting
34016350098,Step state: Summer,Point state: Summer,Not nesting
34016350099,Step state: Migratory (summer),Point state: Summer,Not nesting
34016350100,Step state: Summer,Point state: Summer,Not nesting
34016350101,Step state: Summer,Point state: Summer,Not nesting
34016350102,Step state: Summer,Point state: Summer,Not nesting
34016350103,Step state: Summer,Point state: Summer,Not nesting
34106450707,Step state: Summer,Point state: Summer,Not nesting
34106450710,Step state: Summer,Point state: Summer,Not nesting
34106450711,Step state: Summer,Point state: Summer,Not nesting
34106450712,Step state: Summer,Point state: Summer,Not nesting
34106450714,Step state: Summer,Point state: Summer,Not nesting
34106450715,Step state: Summer,Point state: Summer,Not nesting
34106450716,Step state: Summer,Point state: Summer,Not nesting
34106450717,Step state: Summer,Point state: Summer,Not nesting
34106450720,Step state: Summer,Point state: Summer,Not nesting
34106450722,Step state: Summer,Point state: Summer,Not nesting
34106450725,Step state: Summer,Point state: Summer,Not nesting
34106450726,Step state: Summer,Point state: Summer,Not nesting
34106450729,Step state: Summer,Point state: Summer,Not nesting
34106450730,Step state: Summer,Point state: Summer,Not nesting
34106450731,Step state: Summer,Point state: Summer,Not nesting
34106450732,Step state: Summer,Point state: Summer,Not nesting
34106450733,Step state: Summer,Point state: Summer,Not nesting
34106450735,Step state: Summer,Point state: Summer,Not nesting
34106450736,Step state: Summer,Point state: Summer,Not nesting
34106450738,Step state: Summer,Point state: Summer,Not nesting
34106450740,Step state: Summer,Point state: Summer,Not nesting
34106450745,Step state: Summer,Point state: Summer,Not nesting
34106450746,Step state: Summer,Point state: Summer,Not nesting
34106450747,Step state: Summer,Point state: Summer,Not nesting
34106450750,Step state: Migratory (summer),Point state: Migratory (summer),Not nesting
34106450751,Step state: Summer,Point state: Summer,Not nesting
34106450752,Step state: Summer,Point state: Summer,Not nesting
34106450753,Step state: Summer,Point state: Summer,Not nesting
34106450754,Step state: Summer,Point state: Summer,Not nesting
34106450755,Step state: Summer,Point state: Summer,Not nesting
34106450756,Step state: Summer,Point state: Summer,Not nesting
34106450760,Step state: Summer,Point state: Summer,Not nesting
34106450761,Step state: Summer,Point state: Summer,Not nesting
34106450763,Step state: Summer,Point state: Summer,Not nesting
34106450766,Step state: Summer,Point state: Summer,Not nesting
34106450770,Step state: Summer,Point state: Summer,Not nesting
34106450771,Step state: Summer,Point state: Summer,Not nesting
34106450772,Step state: Summer,Point state: Summer,Not nesting
34106450774,Step state: Summer,Point state: Summer,Not nesting
34106450775,Step state: Migratory (summer),Point state: Migratory (summer),Not nesting
34106450776,Step state: Summer,Point state: Summer,Not nesting
34106450777,Step state: Summer,Point state: Summer,Not nesting
34106450778,Step state: Summer,Point state: Summer,Not nesting
34106450779,Step state: Summer,Point state: Summer,Not nesting
34106450780,Step state: Summer,Point state: Summer,Not nesting
34106450781,Step state: Summer,Point state: Summer,Not nesting
34106450782,Step state: Summer,Point state: Summer,Not nesting
34106450783,Step state: Summer,Point state: Summer,Not nesting
34106450786,Step state: Summer,Point state: Summer,Not nesting
34106450787,Step state: Summer,Point state: Summer,Not nesting
34106450789,Step state: Summer,Point state: Summer,Not nesting
34106450791,Step state: Summer,Point state: Summer,Not nesting
34106450796,Step state: Summer,Point state: Summer,Not nesting
34106450797,Step state: Summer,Point state: Summer,Not nesting
34106450799,Step state: Summer,Point state: Summer,Not nesting
34106450800,Step state: Summer,Point state: Summer,Not nesting
34106450801,Step state: Summer,Point state: Summer,Not nesting
34106450803,Step state: Summer,Point state: Summer,Not nesting
34106450804,Step state: Summer,Point state: Summer,Not nesting
34106450806,Step state: Summer,Point state: Summer,Not nesting
34106450810,Step state: Summer,Point state: Summer,Not nesting
34106450811,Step state: Summer,Point state: Summer,Not nesting
34106450812,Step state: Summer,Point state: Summer,Not nesting
34106450813,Step state: Summer,Point state: Summer,Not nesting
34106450814,Step state: Summer,Point state: Summer,Not nesting
34106450815,Step state: Summer,Point state: Summer,Not nesting
34106450816,Step state: Summer,Point state: Summer,Not nesting
34106450817,Step state: Summer,Point state: Summer,Not nesting
34106450818,Step state: Summer,Point state: Summer,Not nesting
34200333426,Step state: Summer,Point state: Summer,Not nesting
34200333427,Step state: Summer,Point state: Summer,Not nesting
34200333429,Step state: Summer,Point state: Summer,Not nesting
34200333430,Step state: Summer,Point state: Summer,Not nesting
34200333432,Step state: Summer,Point state: Summer,Not nesting
34200333433,Step state: Summer,Point state: Summer,Not nesting
34200333434,Step state: Summer,Point state: Summer,Not nesting
34200333435,Step state: Summer,Point state: Summer,Not nesting
34200333439,Step state: Summer,Point state: Summer,Not nesting
34200333442,Step state: Summer,Point state: Summer,Not nesting
34200333445,Step state: Summer,Point state: Summer,Not nesting
34200333449,Step state: Summer,Point state: Summer,Not nesting
34200333452,Step state: Summer,Point state: Summer,Not nesting
34200333455,Step state: Migratory (fall),Point state: Summer,Not nesting
34263216711,Step state: Summer,Point state: Summer,Not nesting
34263216712,Step state: Summer,Point state: Summer,Not nesting
34263216713,Step state: Summer,Point state: Summer,Not nesting
34263216714,Step state: Summer,Point state: Summer,Not nesting
34263216715,Step state: Summer,Point state: Summer,Not nesting
34263216716,Step state: Summer,Point state: Summer,Not nesting
34263216717,Step state: Summer,Point state: Summer,Not nesting
34263216718,Step state: Summer,Point state: Summer,Not nesting
34263216719,Step state: Summer,Point state: Summer,Not nesting
34263216720,Step state: Summer,Point state: Summer,Not nesting
34263216721,Step state: Summer,Point state: Summer,Not nesting
34263216722,Step state: Summer,Point state: Summer,Not nesting
34263216723,Step state: Summer,Point state: Summer,Not nesting
34263216724,Step state: Summer,Point state: Summer,Not nesting
34263216725,Step state: Migratory (fall),Point state: Summer,Not nesting
34263216726,Step state: Summer,Point state: Summer,Not nesting
34263216727,Step state: Summer,Point state: Summer,Not nesting
34263216728,Step state: Summer,Point state: Summer,Not nesting
34263216729,Step state: Summer,Point state: Summer,Not nesting
34263216730,Step state: Summer,Point state: Summer,Not nesting
34752441036,Step state: Summer,Point state: Summer,Not nesting
34752441037,Step state: Summer,Point state: Summer,Not nesting
34752441038,Step state: Summer,Point state: Summer,Not nesting
34752441039,Step state: Summer,Point state: Summer,Not nesting
34752441040,Step state: Summer,Point state: Summer,Not nesting
34752441041,Step state: Summer,Point state: Summer,Not nesting
34752441042,Step state: Summer,Point state: Summer,Not nesting
34752441043,Step state: Summer,Point state: Summer,Not nesting
34752441044,Step state: Summer,Point state: Summer,Not nesting
34752441045,Step state: Summer,Point state: Summer,Not nesting
34752441046,Step state: Summer,Point state: Summer,Not nesting
34752441047,Step state: Summer,Point state: Summer,Not nesting
34752441048,Step state: Summer,Point state: Summer,Not nesting
34752441049,Step state: Summer,Point state: Summer,Not nesting
34752441050,Step state: Summer,Point state: Summer,Not nesting
34752441051,Step state: Summer,Point state: Summer,Not nesting
34752441052,Step state: Summer,Point state: Summer,Not nesting
34752441053,Step state: Summer,Point state: Summer,Not nesting
34752441054,Step state: Summer,Point state: Summer,Not nesting
34752441055,Step state: Migratory (fall),Point state: Summer,Not nesting
35586109585,Step state: Summer,Point state: Summer,Not nesting
35586109586,Step state: Summer,Point state: Summer,Not nesting
35586109587,Step state: Summer,Point state: Summer,Not nesting
35586109588,Step state: Summer,Point state: Summer,Not nesting
35586109589,Step state: Summer,Point state: Summer,Not nesting
35586109590,Step state: Summer,Point state: Summer,Not nesting
35586109591,Step state: Summer,Point state: Summer,Not nesting
35586109592,Step state: Summer,Point state: Summer,Not nesting
35586109593,Step state: Summer,Point state: Summer,Not nesting
35586109594,Step state: Summer,Point state: Summer,Not nesting
35586110039,Step state: Summer,Point state: Summer,Not nesting
35586110040,Step state: Summer,Point state: Summer,Not nesting
35586110042,Step state: Summer,Point state: Summer,Not nesting
35586110044,Step state: Summer,Point state: Summer,Not nesting
35586110045,Step state: Summer,Point state: Summer,Not nesting
35586110046,Step state: Summer,Point state: Summer,Not nesting
35586110047,Step state: Summer,Point state: Summer,Not nesting
35586110048,Step state: Summer,Point state: Summer,Not nesting
35586110049,Step state: Summer,Point state: Summer,Not nesting
35586110050,Step state: Summer,Point state: Summer,Not nesting
35586110051,Step state: Summer,Point state: Summer,Not nesting
35586110052,Step state: Summer,Point state: Summer,Not nesting
35586110053,Step state: Summer,Point state: Summer,Not nesting
35586110054,Step state: Summer,Point state: Summer,Not nesting
35586110055,Step state: Migratory (fall),Point state: Summer,Not nesting
35586110056,Step state: Migratory (fall),Point state: Summer,Not nesting
35586110057,Step state: Summer,Point state: Summer,Not nesting
35586110059,Step state: Summer,Point state: Summer,Not nesting
35655214042,Step state: Summer,Point state: Summer,Not nesting
35655214043,Step state: Summer,Point state: Summer,Not nesting
35655214044,Step state: Summer,Point state: Summer,Not nesting
35655214045,Step state: Summer,Point state: Summer,Not nesting
35655214046,Step state: Summer,Point state: Summer,Not nesting
35655214047,Step state: Summer,Point state: Summer,Not nesting
35655214048,Step state: Summer,Point state: Summer,Not nesting
35655214049,Step state: Summer,Point state: Summer,Not nesting
35655214050,Step state: Summer,Point state: Summer,Not nesting
35655214051,Step state: Summer,Point state: Summer,Not nesting
35655214052,Step state: Summer,Point state: Summer,Not nesting
35655214053,Step state: Summer,Point state: Summer,Not nesting
35655214054,Step state: Summer,Point state: Summer,Not nesting
35655214055,Step state: Summer,Point state: Summer,Not nesting
35655214056,Step state: Summer,Point state: Summer,Not nesting
35655214057,Step state: Summer,Point state: Summer,Not nesting
35655214058,Step state: Summer,Point state: Summer,Not nesting
35655214059,Step state: Migratory (fall),Point state: Summer,Not nesting
35655214060,Step state: Migratory (fall),Point state: Summer,Not nesting
35655214061,Step state: Summer,Point state: Summer,Not nesting
35655214062,Step state: Summer,Point state: Summer,Not nesting
35655214063,Step state: Summer,Point state: Summer,Not nesting
35655214064,Step state: Summer,Point state: Summer,Not nesting
35655214065,Step state: Summer,Point state: Summer,Not nesting
35655214066,Step state: Summer,Point state: Summer,Not nesting
35655214067,Step state: Foray loop,Point state: Summer,Not nesting
35655214068,Step state: Migratory (fall),Point state: Summer,Not nesting
35655214069,Step state: Migratory (fall),Point state: Summer,Not nesting
35999780198,Step state: Foray loop,Point state: Foray loop,Not nesting
35999780199,Step state: Summer,Point state: Summer,Not nesting
36054973305,Step state: Summer,Point state: Summer,Not nesting
36054973306,Step state: Summer,Point state: Summer,Not nesting
36054973307,Step state: Summer,Point state: Summer,Not nesting
36054973308,Step state: Summer,Point state: Summer,Not nesting
36054973309,Step state: Summer,Point state: Summer,Not nesting
36054973310,Step state: Summer,Point state: Summer,Not nesting
36054973311,Step state: Summer,Point state: Summer,Not nesting
36054973312,Step state: Summer,Point state: Summer,Not nesting
36054973313,Step state: Migratory (fall),Point state: Summer,Not nesting
36102798165,Step state: Summer,Point state: Summer,Not nesting
36102798167,Step state: Summer,Point state: Summer,Not nesting
36102798168,Step state: Summer,Point state: Summer,Not nesting
36102798169,Step state: Migratory (fall),Point state: Migratory (fall),Not nesting
36102798171,Step state: Summer,Point state: Summer,Not nesting
36102798172,Step state: Summer,Point state: Summer,Not nesting
36102798173,Step state: Migratory (fall),Point state: Migratory (fall),Not nesting
36102798175,Step state: Summer,Point state: Summer,Not nesting
36102798176,Step state: Summer,Point state: Summer,Not nesting
36102798177,Step state: Migratory (fall),Point state: Migratory (fall),Not nesting
36102798178,Step state: Summer,Point state: Summer,Not nesting
36102798179,Step state: Summer,Point state: Summer,Not nesting
36102798180,Step state: Migratory (fall),Point state: Migratory (fall),Not nesting
36102798182,Step state: Summer,Point state: Summer,Not nesting
36102798183,Step state: Summer,Point state: Summer,Not nesting
36102798184,Step state: Migratory (fall),Point state: Migratory (fall),Not nesting
36102798186,Step state: Summer,Point state: Summer,Not nesting
36102798187,Step state: Migratory (fall),Point state: Migratory (fall),Not nesting
36102798189,Step state: Summer,Point state: Summer,Not nesting
36102798191,Step state: Summer,Point state: Summer,Not nesting
36143805744,Step state: Summer,Point state: Summer,Not nesting
36143805745,Step state: Summer,Point state: Summer,Not nesting
36143805746,Step state: Summer,Point state: Summer,Not nesting
36143805747,Step state: Summer,Point state: Summer,Not nesting
36143805748,Step state: Summer,Point state: Summer,Not nesting
36143805749,Step state: Summer,Point state: Summer,Not nesting
36143805750,Step state: Summer,Point state: Summer,Not nesting
36143805751,Step state: Summer,Point state: Summer,Not nesting
36143805752,Step state: Summer,Point state: Summer,Not nesting
36143805753,Step state: Migratory (fall),Point state: Migratory (fall),Not nesting
36143805754,Step state: Summer,Point state: Summer,Not nesting
36143805755,Step state: Migratory (fall),Point state: Migratory (fall),Not nesting
36143805756,Step state: Summer,Point state: Summer,Not nesting
36143805757,Step state: Summer,Point state: Summer,Not nesting
36143805758,Step state: Migratory (fall),Point state: Migratory (fall),Not nesting
36143805760,Step state: Summer,Point state: Summer,Not nesting
36143805761,Step state: Summer,Point state: Summer,Not nesting
36143805762,Step state: Migratory (fall),Point state: Migratory (fall),Not nesting
36143805764,Step state: Summer,Point state: Summer,Not nesting
36143805765,Step state: Summer,Point state: Summer,Not nesting
36143805766,Step state: Summer,Point state: Summer,Not nesting
36143805767,Step state: Summer,Point state: Summer,Not nesting
36143805768,Step state: Migratory (fall),Point state: Migratory (fall),Not nesting
36143805770,Step state: Summer,Point state: Summer,Not nesting
36143805771,Step state: Summer,Point state: Summer,Not nesting
36143805772,Step state: Migratory (fall),Point state: Migratory (fall),Not nesting
36143805774,Step state: Summer,Point state: Summer,Not nesting
36143805775,Step state: Summer,Point state: Summer,Not nesting
36143805776,Step state: Summer,Point state: Summer,Not nesting
36143805779,Step state: Summer,Point state: Summer,Not nesting
36187663490,Step state: Summer,Point state: Summer,Not nesting
36187663491,Step state: Migratory (fall),Point state: Migratory (fall),Not nesting
36187663492,Step state: Summer,Point state: Summer,Not nesting
36187663493,Step state: Summer,Point state: Summer,Not nesting
36187663494,Step state: Summer,Point state: Summer,Not nesting
36187663495,Step state: Summer,Point state: Summer,Not nesting
36187663496,Step state: Migratory (fall),Point state: Migratory (fall),Not nesting
36187663498,Step state: Summer,Point state: Summer,Not nesting
36187663499,Step state: Summer,Point state: Summer,Not nesting
36187663500,Step state: Migratory (fall),Point state: Migratory (fall),Not nesting
36187663502,Step state: Migratory (fall),Point state: Summer,Not nesting
36187663503,Step state: Summer,Point state: Summer,Not nesting
36187663504,Step state: Summer,Point state: Summer,Not nesting
36187663505,Step state: Summer,Point state: Summer,Not nesting
36187663506,Step state: Migratory (fall),Point state: Migratory (fall),Not nesting
36187663507,Step state: Summer,Point state: Summer,Not nesting
36187663508,Step state: Summer,Point state: Summer,Not nesting
36187663509,Step state: Migratory (fall),Point state: Migratory (fall),Not nesting
36187663510,Step state: Summer,Point state: Summer,Not nesting
36187663511,Step state: Summer,Point state: Summer,Not nesting
36187663512,Step state: Migratory (fall),Point state: Summer,Not nesting
36187663513,Step state: Migratory (fall),Point state: Migratory (fall),Not nesting
36187663514,Step state: Summer,Point state: Summer,Not nesting
36187663515,Step state: Migratory (fall),Point state: Migratory (fall),Not nesting
36187663516,Step state: Migratory (fall),Point state: Migratory (fall),Not nesting
36187663517,Step state: Summer,Point state: Summer,Not nesting
36187663518,Step state: Summer,Point state: Summer,Not nesting
36187663519,Step state: Migratory (fall),Point state: Migratory (fall),Not nesting
36187663520,Step state: Migratory (fall),Point state: Migratory (fall),Not nesting
36187663521,Step state: Summer,Point state: Summer,Not nesting
36187663522,Step state: Migratory (fall),Point state: Migratory (fall),Not nesting
36187663523,Step state: Migratory (fall),Point state: Migratory (fall),Not nesting
36187663524,Step state: Summer,Point state: Summer,Not nesting
36187663525,Step state: Summer,Point state: Summer,Not nesting
36187663526,Step state: Migratory (fall),Point state: Migratory (fall),Not nesting
36187663527,Step state: Migratory (fall),Point state: Migratory (fall),Not nesting
36309742074,Step state: Summer,Point state: Summer,Not nesting
36309742075,Step state: Summer,Point state: Summer,Not nesting
36309742076,Step state: Summer,Point state: Summer,Not nesting
36309742077,Step state: Summer,Point state: Summer,Not nesting
36309742078,Step state: Migratory (fall),Point state: Summer,Not nesting
36309742079,Step state: Migratory (fall),Point state: Summer,Not nesting
36309742080,Step state: Migratory (fall),Point state: Summer,Not nesting
36309742081,Step state: Migratory (fall),Point state: Summer,Not nesting
36309742082,Step state: Summer,Point state: Summer,Not nesting
36309742083,Step state: Summer,Point state: Summer,Not nesting
36309742084,Step state: Migratory (fall),Point state: Summer,Not nesting
36309742085,Step state: Migratory (fall),Point state: Summer,Not nesting
36309742086,Step state: Summer,Point state: Summer,Not nesting
36309742087,Step state: Migratory (fall),Point state: Summer,Not nesting
36309742088,Step state: Migratory (fall),Point state: Migratory (fall),Not nesting
36309742089,Step state: Migratory (fall),Point state: Migratory (fall),Not nesting
36309742090,Step state: Summer,Point state: Summer,Not nesting
36309742091,Step state: Migratory (fall),Point state: Migratory (fall),Not nesting
36309742092,Step state: Migratory (fall),Point state: Migratory (fall),Not nesting
36309742093,Step state: Migratory (fall),Point state: Summer,Not nesting
36309742094,Step state: Summer,Point state: Summer,Not nesting
36309742095,Step state: Migratory (fall),Point state: Migratory (fall),Not nesting
36309742096,Step state: Migratory (fall),Point state: Migratory (fall),Not nesting
36309742097,Step state: Migratory (fall),Point state: Summer,Not nesting
36309742098,Step state: Migratory (fall),Point state: Migratory (fall),Not nesting
36309742099,Step state: Migratory (fall),Point state: Migratory (fall),Not nesting
36309742100,Step state: Migratory (fall),Point state: Migratory (fall),Not nesting
36309742101,Step state: Migratory (fall),Point state: Migratory (fall),Not nesting
36309742102,Step state: Migratory (fall),Point state: Migratory (fall),Not nesting
36309742103,Step state: Migratory (fall),Point state: Migratory (fall),Not nesting
36309742104,Step state: Migratory (fall),Point state: Migratory (fall),Not nesting
36309742105,Step state: Migratory (fall),Point state: Migratory (fall),Not nesting
36309742106,Step state: Migratory (fall),Point state: Migratory (fall),Not nesting
36309742107,Step state: Migratory (fall),Point state: Migratory (fall),Not nesting
36309742108,Step state: Migratory (fall),Point state: Migratory (fall),Not nesting
36309742109,Step state: Migratory (fall),Point state: Migratory (fall),Not nesting
36309742110,Step state: Migratory (fall),Point state: Migratory (fall),Not nesting
36309742111,Step state: Migratory (fall),Point state: Migratory (fall),Not nesting
36309742112,Step state: Migratory (fall),Point state: Migratory (fall),Not nesting
36309742113,Step state: Migratory (fall),Point state: Migratory (fall),Not nesting
36309742114,Step state: Migratory (fall),Point state: Migratory (fall),Not nesting
36309742115,Step state: Migratory (fall),Point state: Migratory (fall),Not nesting
36309742116,Step state: Migratory (fall),Point state: Migratory (fall),Not nesting
36309742117,Step state: Migratory (fall),Point state: Migratory (fall),Not nesting
36309742118,Step state: Migratory (fall),Point state: Migratory (fall),Not nesting
36309742119,Step state: Migratory (fall),Point state: Migratory (fall),Not nesting
36309742120,Step state: Migratory (fall),Point state: Migratory (fall),Not nesting
36309742122,Step state: Migratory (fall),Point state: Migratory (fall),Not nesting
36309742123,Step state: Migratory (fall),Point state: Migratory (fall),Not nesting
36309742124,Step state: Migratory (fall),Point state: Migratory (fall),Not nesting
36309742125,Step state: Migratory (fall),Point state: Migratory (fall),Not nesting
36309742126,Step state: Migratory (fall),Point state: Migratory (fall),Not nesting
36309742127,Step state: Migratory (fall),Point state: Migratory (fall),Not nesting
36309742128,Step state: Migratory (fall),Point state: Migratory (fall),Not nesting
36309742129,Step state: Migratory (fall),Point state: Migratory (fall),Not nesting
36309742130,Step state: Migratory (fall),Point state: Migratory (fall),Not nesting
36309742131,Step state: Migratory (fall),Point state: Migratory (fall),Not nesting
36309742132,Step state: Migratory (fall),Point state: Migratory (fall),Not nesting
36309742133,Step state: Migratory (fall),Point state: Migratory (fall),Not nesting
36309742134,Step state: Migratory (fall),Point state: Migratory (fall),Not nesting
36309742135,Step state: Migratory (fall),Point state: Migratory (fall),Not nesting
36338056323,Step state: Migratory (fall),Point state: Migratory (fall),Not nesting
36338056324,Step state: Migratory (fall),Point state: Migratory (fall),Not nesting
36338056325,Step state: Migratory (fall),Point state: Migratory (fall),Not nesting
36338056326,Step state: Migratory (fall),Point state: Migratory (fall),Not nesting
36338056327,Step state: Migratory (fall),Point state: Migratory (fall),Not nesting
36338056328,Step state: Migratory (fall),Point state: Migratory (fall),Not nesting
36338056329,Step state: Migratory (fall),Point state: Migratory (fall),Not nesting
36338056330,Step state: Migratory (fall),Point state: Migratory (fall),Not nesting
36338056332,Step state: Migratory (fall),Point state: Migratory (fall),Not nesting
36338056333,Step state: Migratory (fall),Point state: Migratory (fall),Not nesting
36338056334,Step state: Migratory (fall),Point state: Migratory (fall),Not nesting
36338056335,Step state: Migratory (fall),Point state: Migratory (fall),Not nesting
36338056336,Step state: Migratory (fall),Point state: Migratory (fall),Not nesting
36338056337,Step state: Migratory (fall),Point state: Migratory (fall),Not nesting
36338056338,Step state: Migratory (fall),Point state: Migratory (fall),Not nesting
36338056339,Step state: Migratory (fall),Point state: Migratory (fall),Not nesting
36338056341,Step state: Migratory (fall),Point state: Migratory (fall),Not nesting
36338056342,Step state: Migratory (fall),Point state: Migratory (fall),Not nesting
36338056343,Step state: Migratory (fall),Point state: Migratory (fall),Not nesting
36338056344,Step state: Migratory (fall),Point state: Migratory (fall),Not nesting
36338056345,Step state: Migratory (fall),Point state: Migratory (fall),Not nesting
36338056346,Step state: Migratory (fall),Point state: Migratory (fall),Not nesting
36338056347,Step state: Migratory (fall),Point state: Migratory (fall),Not nesting
36338056349,Step state: Migratory (fall),Point state: Migratory (fall),Not nesting
36338056350,Step state: Migratory (fall),Point state: Migratory (fall),Not nesting
36338056351,Step state: Migratory (fall),Point state: Migratory (fall),Not nesting
36338056352,Step state: Migratory (fall),Point state: Migratory (fall),Not nesting
36338056353,Step state: Migratory (fall),Point state: Migratory (fall),Not nesting
36338056354,Step state: Migratory (fall),Point state: Migratory (fall),Not nesting
36338056355,Step state: Migratory (fall),Point state: Migratory (fall),Not nesting
36338056357,Step state: Migratory (fall),Point state: Migratory (fall),Not nesting
36338056358,Step state: Migratory (fall),Point state: Migratory (fall),Not nesting
36338056359,Step state: Migratory (fall),Point state: Migratory (fall),Not nesting
36338056360,Step state: Migratory (fall),Point state: Migratory (fall),Not nesting
36338056361,Step state: Migratory (fall),Point state: Migratory (fall),Not nesting
36338056362,Step state: Migratory (fall),Point state: Migratory (fall),Not nesting
36338056363,Step state: Migratory (fall),Point state: Migratory (fall),Not nesting
36338056365,Step state: Migratory (fall),Point state: Migratory (fall),Not nesting
36338056366,Step state: Migratory (fall),Point state: Migratory (fall),Not nesting
36338056367,Step state: Migratory (fall),Point state: Migratory (fall),Not nesting
36338056368,Step state: Migratory (fall),Point state: Migratory (fall),Not nesting
36338056369,Step state: Migratory (fall),Point state: Migratory (fall),Not nesting
36338056370,Step state: Migratory (fall),Point state: Migratory (fall),Not nesting
36338056371,Step state: Migratory (fall),Point state: Migratory (fall),Not nesting
36338056372,Step state: Migratory (fall),Point state: Migratory (fall),Not nesting
36338056373,Step state: Migratory (fall),Point state: Migratory (fall),Not nesting
36338056374,Step state: Migratory (fall),Point state: Migratory (fall),Not nesting
36338056376,Step state: Migratory (fall),Point state: Migratory (fall),Not nesting
36338056377,Step state: Migratory (fall),Point state: Migratory (fall),Not nesting
36338056378,Step state: Migratory (fall),Point state: Migratory (fall),Not nesting
36338056379,Step state: Migratory (fall),Point state: Migratory (fall),Not nesting
36338056380,Step state: Migratory (fall),Point state: Migratory (fall),Not nesting
36338056381,Step state: Migratory (fall),Point state: Migratory (fall),Not nesting
36338056382,Step state: Migratory (fall),Point state: Migratory (fall),Not nesting
36338056384,Step state: Migratory (fall),Point state: Migratory (fall),Not nesting
36338056385,Step state: Migratory (fall),Point state: Migratory (fall),Not nesting
36338056386,Step state: Migratory (fall),Point state: Migratory (fall),Not nesting
36338056387,Step state: Migratory (fall),Point state: Migratory (fall),Not nesting
36338056388,Step state: Migratory (fall),Point state: Migratory (fall),Not nesting
36338056389,Step state: Migratory (fall),Point state: Migratory (fall),Not nesting
36338056390,Step state: Migratory (fall),Point state: Migratory (fall),Not nesting
36338056391,Step state: Migratory (fall),Point state: Migratory (fall),Not nesting
36338056392,Step state: Migratory (fall),Point state: Migratory (fall),Not nesting
36338056393,Step state: Migratory (fall),Point state: Migratory (fall),Not nesting
36338056395,Step state: Migratory (fall),Point state: Migratory (fall),Not nesting
36338056396,Step state: Migratory (fall),Point state: Migratory (fall),Not nesting
36338056397,Step state: Migratory (fall),Point state: Migratory (fall),Not nesting
36338056398,Step state: Migratory (fall),Point state: Migratory (fall),Not nesting
36338056399,Step state: Migratory (fall),Point state: Migratory (fall),Not nesting
36338056400,Step state: Migratory (fall),Point state: Migratory (fall),Not nesting
36338056401,Step state: Migratory (fall),Point state: Migratory (fall),Not nesting
36338056403,Step state: Migratory (fall),Point state: Migratory (fall),Not nesting
36338056404,Step state: Migratory (fall),Point state: Migratory (fall),Not nesting
36338056405,Step state: Migratory (fall),Point state: Migratory (fall),Not nesting
36338056406,Step state: Migratory (fall),Point state: Migratory (fall),Not nesting
36338056407,Step state: Migratory (fall),Point state: Migratory (fall),Not nesting
36338056408,Step state: Migratory (fall),Point state: Migratory (fall),Not nesting
36338056409,Step state: Migratory (fall),Point state: Migratory (fall),Not nesting
36338056410,Step state: Migratory (fall),Point state: Migratory (fall),Not nesting
36338056411,Step state: Migratory (fall),Point state: Migratory (fall),Not nesting
36338056413,Step state: Migratory (fall),Point state: Migratory (fall),Not nesting
36338056414,Step state: Migratory (fall),Point state: Migratory (fall),Not nesting
36338056415,Step state: Migratory (fall),Point state: Migratory (fall),Not nesting
36338056416,Step state: Migratory (fall),Point state: Migratory (fall),Not nesting
36338056417,Step state: Migratory (fall),Point state: Migratory (fall),Not nesting
36338056418,Step state: Migratory (fall),Point state: Migratory (fall),Not nesting
36338056419,Step state: Migratory (fall),Point state: Migratory (fall),Not nesting
36338056421,Step state: Migratory (fall),Point state: Migratory (fall),Not nesting
36338056422,Step state: Migratory (fall),Point state: Migratory (fall),Not nesting
36338056423,Step state: Migratory (fall),Point state: Migratory (fall),Not nesting
36338056424,Step state: Migratory (fall),Point state: Migratory (fall),Not nesting
36338056425,Step state: Migratory (fall),Point state: Migratory (fall),Not nesting
36338056426,Step state: Migratory (fall),Point state: Migratory (fall),Not nesting
36338056427,Step state: Migratory (fall),Point state: Migratory (fall),Not nesting
36338056428,Step state: Migratory (fall),Point state: Migratory (fall),Not nesting
36338056429,Step state: Migratory (fall),Point state: Migratory (fall),Not nesting
36338056431,Step state: Migratory (fall),Point state: Migratory (fall),Not nesting
36338056432,Step state: Migratory (fall),Point state: Migratory (fall),Not nesting
36338056433,Step state: Migratory (fall),Point state: Migratory (fall),Not nesting
36338056434,Step state: Migratory (fall),Point state: Migratory (fall),Not nesting
36338056435,Step state: Migratory (fall),Point state: Migratory (fall),Not nesting
36338056436,Step state: Migratory (fall),Point state: Migratory (fall),Not nesting
36338056437,Step state: Migratory (fall),Point state: Migratory (fall),Not nesting
36338056438,Step state: Migratory (fall),Point state: Migratory (fall),Not nesting
36338056439,Step state: Migratory (fall),Point state: Migratory (fall),Not nesting
36338056440,Step state: Migratory (fall),Point state: Migratory (fall),Not nesting
36338056441,Step state: Migratory (fall),Point state: Migratory (fall),Not nesting
36338056442,Step state: Migratory (fall),Point state: Migratory (fall),Not nesting
36338056443,Step state: Migratory (fall),Point state: Migratory (fall),Not nesting
36338056444,Step state: Migratory (fall),Point state: Migratory (fall),Not nesting
36338056445,Step state: Migratory (fall),Point state: Migratory (fall),Not nesting
36338056447,Step state: Migratory (fall),Point state: Migratory (fall),Not nesting
36338056448,Step state: Migratory (fall),Point state: Migratory (fall),Not nesting
36338056449,Step state: Migratory (fall),Point state: Migratory (fall),Not nesting
36338056450,Step state: Migratory (fall),Point state: Migratory (fall),Not nesting
36338056451,Step state: Migratory (fall),Point state: Migratory (fall),Not nesting
36338056452,Step state: Migratory (fall),Point state: Migratory (fall),Not nesting
36338056454,Step state: Migratory (fall),Point state: Migratory (fall),Not nesting
36338056455,Step state: Migratory (fall),Point state: Migratory (fall),Not nesting
36338056456,Step state: Migratory (fall),Point state: Migratory (fall),Not nesting
36338056457,Step state: Migratory (fall),Point state: Migratory (fall),Not nesting
36338056458,Step state: Migratory (fall),Point state: Migratory (fall),Not nesting
36338056459,Step state: Migratory (fall),Point state: Migratory (fall),Not nesting
36338056460,Step state: Migratory (fall),Point state: Migratory (fall),Not nesting
36338056461,Step state: Migratory (fall),Point state: Migratory (fall),Not nesting
36338056462,Step state: Migratory (fall),Point state: Migratory (fall),Not nesting
36338056463,Step state: Migratory (fall),Point state: Migratory (fall),Not nesting
36338056465,Step state: Migratory (fall),Point state: Migratory (fall),Not nesting
36338056466,Step state: Migratory (fall),Point state: Migratory (fall),Not nesting
36338056467,Step state: Migratory (fall),Point state: Migratory (fall),Not nesting
36338056468,Step state: Migratory (fall),Point state: Migratory (fall),Not nesting
36338056469,Step state: Migratory (fall),Point state: Migratory (fall),Not nesting
36338056470,Step state: Migratory (fall),Point state: Migratory (fall),Not nesting
36338056472,Step state: Migratory (fall),Point state: Migratory (fall),Not nesting
36338056473,Step state: Migratory (fall),Point state: Migratory (fall),Not nesting
36338056474,Step state: Migratory (fall),Point state: Migratory (fall),Not nesting
36338056475,Step state: Migratory (fall),Point state: Migratory (fall),Not nesting
36338056476,Step state: Migratory (fall),Point state: Migratory (fall),Not nesting
36338056477,Step state: Migratory (fall),Point state: Migratory (fall),Not nesting
36338056478,Step state: Migratory (fall),Point state: Migratory (fall),Not nesting
36338056480,Step state: Migratory (fall),Point state: Migratory (fall),Not nesting
36338056481,Step state: Migratory (fall),Point state: Migratory (fall),Not nesting
36338056482,Step state: Migratory (fall),Point state: Migratory (fall),Not nesting
36338056483,Step state: Migratory (fall),Point state: Migratory (fall),Not nesting
36338056484,Step state: Migratory (fall),Point state: Migratory (fall),Not nesting
36338056486,Step state: Migratory (fall),Point state: Migratory (fall),Not nesting
36338056487,Step state: Migratory (fall),Point state: Migratory (fall),Not nesting
36338056489,Step state: Migratory (fall),Point state: Migratory (fall),Not nesting
36338056490,Step state: Migratory (fall),Point state: Migratory (fall),Not nesting
36338056491,Step state: Migratory (fall),Point state: Migratory (fall),Not nesting
36338056492,Step state: Migratory (fall),Point state: Migratory (fall),Not nesting
36338056493,Step state: Migratory (fall),Point state: Migratory (fall),Not nesting
36355950678,Step state: Migratory (fall),Point state: Migratory (fall),Not nesting
36355950679,Step state: Migratory (fall),Point state: Migratory (fall),Not nesting
36355950680,Step state: Migratory (fall),Point state: Migratory (fall),Not nesting
36355950681,Step state: Migratory (fall),Point state: Migratory (fall),Not nesting
36355950682,Step state: Migratory (fall),Point state: Migratory (fall),Not nesting
36355950683,Step state: Migratory (fall),Point state: Migratory (fall),Not nesting
36355950684,Step state: Migratory (fall),Point state: Migratory (fall),Not nesting
36355950685,Step state: Migratory (fall),Point state: Migratory (fall),Not nesting
36355950686,Step state: Migratory (fall),Point state: Migratory (fall),Not nesting
36355950687,Step state: Migratory (fall),Point state: Migratory (fall),Not nesting
36355950688,Step state: Migratory (fall),Point state: Migratory (fall),Not nesting
36355950689,Step state: Migratory (fall),Point state: Migratory (fall),Not nesting
36355950690,Step state: Migratory (fall),Point state: Migratory (fall),Not nesting
36355950691,Step state: Migratory (fall),Point state: Migratory (fall),Not nesting
36355950692,Step state: Migratory (fall),Point state: Migratory (fall),Not nesting
36355950694,Step state: Migratory (fall),Point state: Migratory (fall),Not nesting
36355950695,Step state: Migratory (fall),Point state: Migratory (fall),Not nesting
36355950696,Step state: Migratory (fall),Point state: Migratory (fall),Not nesting
36355950697,Step state: Migratory (fall),Point state: Migratory (fall),Not nesting
36355950698,Step state: Migratory (fall),Point state: Migratory (fall),Not nesting
36355950699,Step state: Migratory (fall),Point state: Migratory (fall),Not nesting
36355950700,Step state: Migratory (fall),Point state: Migratory (fall),Not nesting
36355950701,Step state: Migratory (fall),Point state: Migratory (fall),Not nesting
36355950702,Step state: Migratory (fall),Point state: Migratory (fall),Not nesting
36355950704,Step state: Migratory (fall),Point state: Migratory (fall),Not nesting
36355950705,Step state: Migratory (fall),Point state: Migratory (fall),Not nesting
36355950706,Step state: Migratory (fall),Point state: Migratory (fall),Not nesting
36355950707,Step state: Migratory (fall),Point state: Migratory (fall),Not nesting
36355950708,Step state: Migratory (fall),Point state: Migratory (fall),Not nesting
36355950709,Step state: Migratory (fall),Point state: Migratory (fall),Not nesting
36355950710,Step state: Migratory (fall),Point state: Migratory (fall),Not nesting
36355950712,Step state: Migratory (fall),Point state: Migratory (fall),Not nesting
36355950713,Step state: Migratory (fall),Point state: Migratory (fall),Not nesting
36355950714,Step state: Migratory (fall),Point state: Migratory (fall),Not nesting
36355950715,Step state: Migratory (fall),Point state: Migratory (fall),Not nesting
36355950716,Step state: Migratory (fall),Point state: Migratory (fall),Not nesting
36355950717,Step state: Migratory (fall),Point state: Migratory (fall),Not nesting
36355950718,Step state: Migratory (fall),Point state: Migratory (fall),Not nesting
36355950719,Step state: Migratory (fall),Point state: Migratory (fall),Not nesting
36355950720,Step state: Migratory (fall),Point state: Migratory (fall),Not nesting
36355950722,Step state: Migratory (fall),Point state: Migratory (fall),Not nesting
36355950723,Step state: Migratory (fall),Point state: Migratory (fall),Not nesting
36355950724,Step state: Migratory (fall),Point state: Migratory (fall),Not nesting
36355950725,Step state: Migratory (fall),Point state: Migratory (fall),Not nesting
36355950726,Step state: Migratory (fall),Point state: Migratory (fall),Not nesting
36355950727,Step state: Migratory (fall),Point state: Migratory (fall),Not nesting
36355950728,Step state: Migratory (fall),Point state: Migratory (fall),Not nesting
36355950731,Step state: Migratory (fall),Point state: Migratory (fall),Not nesting
36355950732,Step state: Migratory (fall),Point state: Migratory (fall),Not nesting
36355950733,Step state: Migratory (fall),Point state: Migratory (fall),Not nesting
36355950734,Step state: Migratory (fall),Point state: Migratory (fall),Not nesting
36355950735,Step state: Migratory (fall),Point state: Migratory (fall),Not nesting
36355950736,Step state: Migratory (fall),Point state: Migratory (fall),Not nesting
36355950737,Step state: Migratory (fall),Point state: Migratory (fall),Not nesting
36355950738,Step state: Migratory (fall),Point state: Migratory (fall),Not nesting
36355950740,Step state: Migratory (fall),Point state: Migratory (fall),Not nesting
36355950741,Step state: Migratory (fall),Point state: Migratory (fall),Not nesting
36355950742,Step state: Migratory (fall),Point state: Migratory (fall),Not nesting
36355950743,Step state: Migratory (fall),Point state: Migratory (fall),Not nesting
36355950744,Step state: Migratory (fall),Point state: Migratory (fall),Not nesting
36355950745,Step state: Migratory (fall),Point state: Migratory (fall),Not nesting
36355950746,Step state: Migratory (fall),Point state: Migratory (fall),Not nesting
36355950748,Step state: Migratory (fall),Point state: Migratory (fall),Not nesting
36355950749,Step state: Migratory (fall),Point state: Migratory (fall),Not nesting
36355950751,Step state: Migratory (fall),Point state: Migratory (fall),Not nesting
36355950752,Step state: Migratory (fall),Point state: Migratory (fall),Not nesting
36355950753,Step state: Migratory (fall),Point state: Migratory (fall),Not nesting
36355950755,Step state: Migratory (fall),Point state: Migratory (fall),Not nesting
36355950756,Step state: Migratory (fall),Point state: Migratory (fall),Not nesting
36355950757,Step state: Migratory (fall),Point state: Migratory (fall),Not nesting
36355950758,Step state: Migratory (fall),Point state: Migratory (fall),Not nesting
36355950759,Step state: Migratory (fall),Point state: Migratory (fall),Not nesting
36355950760,Step state: Migratory (fall),Point state: Migratory (fall),Not nesting
36355950762,Step state: Migratory (fall),Point state: Migratory (fall),Not nesting
36355950763,Step state: Migratory (fall),Point state: Migratory (fall),Not nesting
36355950764,Step state: Migratory (fall),Point state: Migratory (fall),Not nesting
36355950766,Step state: Migratory (fall),Point state: Migratory (fall),Not nesting
36355950767,Step state: Migratory (fall),Point state: Migratory (fall),Not nesting
36355950768,Step state: Migratory (fall),Point state: Migratory (fall),Not nesting
36355950769,Step state: Migratory (fall),Point state: Migratory (fall),Not nesting
36355950770,Step state: Migratory (fall),Point state: Migratory (fall),Not nesting
36355950771,Step state: Migratory (fall),Point state: Migratory (fall),Not nesting
36355950773,Step state: Migratory (fall),Point state: Migratory (fall),Not nesting
36355950775,Step state: Migratory (fall),Point state: Migratory (fall),Not nesting
36355950776,Step state: Migratory (fall),Point state: Migratory (fall),Not nesting
36355950777,Step state: Migratory (fall),Point state: Migratory (fall),Not nesting
36355950778,Step state: Migratory (fall),Point state: Migratory (fall),Not nesting
36355950779,Step state: Migratory (fall),Point state: Migratory (fall),Not nesting
36355950780,Step state: Migratory (fall),Point state: Migratory (fall),Not nesting
36380458417,Step state: Migratory (fall),Point state: Migratory (fall),Not nesting
36380458418,Step state: Migratory (fall),Point state: Migratory (fall),Not nesting
36380458419,Step state: Migratory (fall),Point state: Migratory (fall),Not nesting
36380458420,Step state: Migratory (fall),Point state: Migratory (fall),Not nesting
36380458421,Step state: Migratory (fall),Point state: Migratory (fall),Not nesting
36380458422,Step state: Migratory (fall),Point state: Migratory (fall),Not nesting
36380458423,Step state: Migratory (fall),Point state: Migratory (fall),Not nesting
36380458425,Step state: Migratory (fall),Point state: Migratory (fall),Not nesting
36380458426,Step state: Migratory (fall),Point state: Migratory (fall),Not nesting
36380458427,Step state: Migratory (fall),Point state: Migratory (fall),Not nesting
36380458428,Step state: Migratory (fall),Point state: Migratory (fall),Not nesting
36380458429,Step state: Migratory (fall),Point state: Migratory (fall),Not nesting
36380458430,Step state: Migratory (fall),Point state: Migratory (fall),Not nesting
36380458432,Step state: Migratory (fall),Point state: Migratory (fall),Not nesting
36380458433,Step state: Migratory (fall),Point state: Migratory (fall),Not nesting
36380458434,Step state: Migratory (fall),Point state: Migratory (fall),Not nesting
36380458435,Step state: Migratory (fall),Point state: Migratory (fall),Not nesting
36380458436,Step state: Migratory (fall),Point state: Migratory (fall),Not nesting
36380458437,Step state: Migratory (fall),Point state: Migratory (fall),Not nesting
36380458438,Step state: Migratory (fall),Point state: Migratory (fall),Not nesting
36380458439,Step state: Migratory (fall),Point state: Migratory (fall),Not nesting
36380458440,Step state: Migratory (fall),Point state: Migratory (fall),Not nesting
36380458442,Step state: Migratory (fall),Point state: Migratory (fall),Not nesting
36380458443,Step state: Migratory (fall),Point state: Migratory (fall),Not nesting
36380458444,Step state: Migratory (fall),Point state: Migratory (fall),Not nesting
36380458445,Step state: Migratory (fall),Point state: Migratory (fall),Not nesting
36380458446,Step state: Migratory (fall),Point state: Migratory (fall),Not nesting
36380458447,Step state: Migratory (fall),Point state: Migratory (fall),Not nesting
36380458448,Step state: Migratory (fall),Point state: Migratory (fall),Not nesting
36380458449,Step state: Migratory (fall),Point state: Migratory (fall),Not nesting
36380458451,Step state: Migratory (fall),Point state: Migratory (fall),Not nesting
36380458452,Step state: Migratory (fall),Point state: Migratory (fall),Not nesting
36380458453,Step state: Migratory (fall),Point state: Migratory (fall),Not nesting
36380458454,Step state: Migratory (fall),Point state: Migratory (fall),Not nesting
36380458455,Step state: Migratory (fall),Point state: Migratory (fall),Not nesting
36380458456,Step state: Migratory (fall),Point state: Migratory (fall),Not nesting
36380458457,Step state: Migratory (fall),Point state: Migratory (fall),Not nesting
36380458460,Step state: Migratory (fall),Point state: Migratory (fall),Not nesting
36380458461,Step state: Migratory (fall),Point state: Migratory (fall),Not nesting
36380458462,Step state: Migratory (fall),Point state: Migratory (fall),Not nesting
36380458463,Step state: Migratory (fall),Point state: Migratory (fall),Not nesting
36380458464,Step state: Migratory (fall),Point state: Migratory (fall),Not nesting
36380458465,Step state: Migratory (fall),Point state: Migratory (fall),Not nesting
36380458466,Step state: Migratory (fall),Point state: Migratory (fall),Not nesting
36380458467,Step state: Migratory (fall),Point state: Migratory (fall),Not nesting
36380458468,Step state: Migratory (fall),Point state: Migratory (fall),Not nesting
36380458470,Step state: Migratory (fall),Point state: Migratory (fall),Not nesting
36380458471,Step state: Migratory (fall),Point state: Migratory (fall),Not nesting
36380458472,Step state: Migratory (fall),Point state: Migratory (fall),Not nesting
36380458473,Step state: Migratory (fall),Point state: Migratory (fall),Not nesting
36380458474,Step state: Migratory (fall),Point state: Migratory (fall),Not nesting
36380458475,Step state: Migratory (fall),Point state: Migratory (fall),Not nesting
36380458476,Step state: Migratory (fall),Point state: Migratory (fall),Not nesting
36380458479,Step state: Migratory (fall),Point state: Migratory (fall),Not nesting
36380458480,Step state: Migratory (fall),Point state: Migratory (fall),Not nesting
36380458481,Step state: Migratory (fall),Point state: Migratory (fall),Not nesting
36380458482,Step state: Migratory (fall),Point state: Migratory (fall),Not nesting
36380458483,Step state: Migratory (fall),Point state: Migratory (fall),Not nesting
36380458484,Step state: Migratory (fall),Point state: Migratory (fall),Not nesting
36380458485,Step state: Migratory (fall),Point state: Migratory (fall),Not nesting
36380458486,Step state: Migratory (fall),Point state: Migratory (fall),Not nesting
36380458488,Step state: Migratory (fall),Point state: Migratory (fall),Not nesting
36380458489,Step state: Migratory (fall),Point state: Migratory (fall),Not nesting
36380458490,Step state: Migratory (fall),Point state: Migratory (fall),Not nesting
36380458491,Step state: Migratory (fall),Point state: Migratory (fall),Not nesting
36380458492,Step state: Migratory (fall),Point state: Migratory (fall),Not nesting
36380458493,Step state: Migratory (fall),Point state: Migratory (fall),Not nesting
36380458496,Step state: Migratory (fall),Point state: Migratory (fall),Not nesting
36380458497,Step state: Migratory (fall),Point state: Migratory (fall),Not nesting
36380458498,Step state: Migratory (fall),Point state: Migratory (fall),Not nesting
36380458499,Step state: Migratory (fall),Point state: Migratory (fall),Not nesting
36380458500,Step state: Migratory (fall),Point state: Migratory (fall),Not nesting
36380458501,Step state: Migratory (fall),Point state: Migratory (fall),Not nesting
36380458502,Step state: Migratory (fall),Point state: Migratory (fall),Not nesting
36380458503,Step state: Migratory (fall),Point state: Migratory (fall),Not nesting
36380458505,Step state: Migratory (fall),Point state: Migratory (fall),Not nesting
36380458506,Step state: Migratory (fall),Point state: Migratory (fall),Not nesting
36380458507,Step state: Migratory (fall),Point state: Migratory (fall),Not nesting
36380458508,Step state: Migratory (fall),Point state: Migratory (fall),Not nesting
36380458509,Step state: Migratory (fall),Point state: Migratory (fall),Not nesting
36380458510,Step state: Migratory (fall),Point state: Migratory (fall),Not nesting
36380458511,Step state: Migratory (fall),Point state: Migratory (fall),Not nesting
36380458514,Step state: Migratory (fall),Point state: Migratory (fall),Not nesting
36380458515,Step state: Migratory (fall),Point state: Migratory (fall),Not nesting
36380458516,Step state: Migratory (fall),Point state: Migratory (fall),Not nesting
36380458517,Step state: Migratory (fall),Point state: Migratory (fall),Not nesting
36380458518,Step state: Migratory (fall),Point state: Migratory (fall),Not nesting
36380458519,Step state: Migratory (fall),Point state: Migratory (fall),Not nesting
36380458521,Step state: Migratory (fall),Point state: Migratory (fall),Not nesting
36380458522,Step state: Migratory (fall),Point state: Migratory (fall),Not nesting
36380458523,Step state: Migratory (fall),Point state: Migratory (fall),Not nesting
36380458524,Step state: Migratory (fall),Point state: Migratory (fall),Not nesting
36380458525,Step state: Migratory (fall),Point state: Migratory (fall),Not nesting
36380458526,Step state: Migratory (fall),Point state: Migratory (fall),Not nesting
36380458529,Step state: Migratory (fall),Point state: Migratory (fall),Not nesting
36380458530,Step state: Migratory (fall),Point state: Migratory (fall),Not nesting
36380458532,Step state: Migratory (fall),Point state: Migratory (fall),Not nesting
36380458533,Step state: Migratory (fall),Point state: Migratory (fall),Not nesting
36380458534,Step state: Migratory (fall),Point state: Migratory (fall),Not nesting
36380458535,Step state: Migratory (fall),Point state: Migratory (fall),Not nesting
36380458536,Step state: Migratory (fall),Point state: Migratory (fall),Not nesting
36595292299,Step state: Migratory (fall),Point state: Migratory (fall),Not nesting
36595292300,Step state: Migratory (fall),Point state: Migratory (fall),Not nesting
36595292301,Step state: Migratory (fall),Point state: Migratory (fall),Not nesting
36595292302,Step state: Migratory (fall),Point state: Migratory (fall),Not nesting
36595292303,Step state: Migratory (fall),Point state: Migratory (fall),Not nesting
36595292304,Step state: Migratory (fall),Point state: Migratory (fall),Not nesting
36595292305,Step state: Migratory (fall),Point state: Migratory (fall),Not nesting
36595292306,Step state: Migratory (fall),Point state: Migratory (fall),Not nesting
36595292307,Step state: Migratory (fall),Point state: Migratory (fall),Not nesting
36595292308,Step state: Migratory (fall),Point state: Migratory (fall),Not nesting
36595292309,Step state: Migratory (fall),Point state: Migratory (fall),Not nesting
36595292310,Step state: Migratory (fall),Point state: Migratory (fall),Not nesting
36595292311,Step state: Migratory (fall),Point state: Migratory (fall),Not nesting
36595292312,Step state: Migratory (fall),Point state: Migratory (fall),Not nesting
36595292313,Step state: Migratory (fall),Point state: Migratory (fall),Not nesting
36595292314,Step state: Migratory (fall),Point state: Migratory (fall),Not nesting
36595292317,Step state: Migratory (fall),Point state: Migratory (fall),Not nesting
36595292318,Step state: Migratory (fall),Point state: Migratory (fall),Not nesting
36595292319,Step state: Migratory (fall),Point state: Migratory (fall),Not nesting
36595292320,Step state: Migratory (fall),Point state: Migratory (fall),Not nesting
36595292321,Step state: Migratory (fall),Point state: Migratory (fall),Not nesting
36595292322,Step state: Migratory (fall),Point state: Migratory (fall),Not nesting
36595292323,Step state: Migratory (fall),Point state: Migratory (fall),Not nesting
36595292324,Step state: Migratory (fall),Point state: Migratory (fall),Not nesting
36595292326,Step state: Migratory (fall),Point state: Migratory (fall),Not nesting
36595292327,Step state: Migratory (fall),Point state: Migratory (fall),Not nesting
36595292328,Step state: Migratory (fall),Point state: Migratory (fall),Not nesting
36595292329,Step state: Migratory (fall),Point state: Migratory (fall),Not nesting
36595292330,Step state: Migratory (fall),Point state: Migratory (fall),Not nesting
36595292331,Step state: Migratory (fall),Point state: Migratory (fall),Not nesting
36595292332,Step state: Migratory (fall),Point state: Migratory (fall),Not nesting
36595292334,Step state: Migratory (fall),Point state: Migratory (fall),Not nesting
36595292335,Step state: Migratory (fall),Point state: Migratory (fall),Not nesting
36595292336,Step state: Migratory (fall),Point state: Migratory (fall),Not nesting
36595292337,Step state: Migratory (fall),Point state: Migratory (fall),Not nesting
36595292338,Step state: Migratory (fall),Point state: Migratory (fall),Not nesting
36595292339,Step state: Migratory (fall),Point state: Migratory (fall),Not nesting
36595292340,Step state: Migratory (fall),Point state: Migratory (fall),Not nesting
36595292341,Step state: Migratory (fall),Point state: Migratory (fall),Not nesting
36595292343,Step state: Migratory (fall),Point state: Migratory (fall),Not nesting
36595292344,Step state: Migratory (fall),Point state: Migratory (fall),Not nesting
36595292345,Step state: Migratory (fall),Point state: Migratory (fall),Not nesting
36595292346,Step state: Migratory (fall),Point state: Migratory (fall),Not nesting
36595292347,Step state: Migratory (fall),Point state: Migratory (fall),Not nesting
36595292348,Step state: Migratory (fall),Point state: Migratory (fall),Not nesting
36595292351,Step state: Migratory (fall),Point state: Migratory (fall),Not nesting
36595292352,Step state: Migratory (fall),Point state: Migratory (fall),Not nesting
36595292353,Step state: Migratory (fall),Point state: Migratory (fall),Not nesting
36595292354,Step state: Migratory (fall),Point state: Migratory (fall),Not nesting
36595292355,Step state: Migratory (fall),Point state: Migratory (fall),Not nesting
36595292356,Step state: Migratory (fall),Point state: Migratory (fall),Not nesting
36595292357,Step state: Migratory (fall),Point state: Migratory (fall),Not nesting
36595292359,Step state: Migratory (fall),Point state: Migratory (fall),Not nesting
36595292360,Step state: Migratory (fall),Point state: Migratory (fall),Not nesting
36595292361,Step state: Migratory (fall),Point state: Migratory (fall),Not nesting
36595292362,Step state: Migratory (fall),Point state: Migratory (fall),Not nesting
36595292363,Step state: Migratory (fall),Point state: Migratory (fall),Not nesting
36595292364,Step state: Migratory (fall),Point state: Migratory (fall),Not nesting
36595292365,Step state: Migratory (fall),Point state: Migratory (fall),Not nesting
36595292367,Step state: Migratory (fall),Point state: Migratory (fall),Not nesting
36595292368,Step state: Migratory (fall),Point state: Migratory (fall),Not nesting
36595292369,Step state: Migratory (fall),Point state: Migratory (fall),Not nesting
36595292370,Step state: Migratory (fall),Point state: Migratory (fall),Not nesting
36595292371,Step state: Migratory (fall),Point state: Migratory (fall),Not nesting
36595292372,Step state: Migratory (fall),Point state: Migratory (fall),Not nesting
36595292373,Step state: Migratory (fall),Point state: Migratory (fall),Not nesting
36595292375,Step state: Migratory (fall),Point state: Migratory (fall),Not nesting
36595292376,Step state: Migratory (fall),Point state: Migratory (fall),Not nesting
36595292377,Step state: Migratory (fall),Point state: Migratory (fall),Not nesting
36595292378,Step state: Migratory (fall),Point state: Migratory (fall),Not nesting
36595292379,Step state: Migratory (fall),Point state: Migratory (fall),Not nesting
36595292380,Step state: Migratory (fall),Point state: Migratory (fall),Not nesting
36595292381,Step state: Migratory (fall),Point state: Migratory (fall),Not nesting
36595292382,Step state: Migratory (fall),Point state: Migratory (fall),Not nesting
36595292383,Step state: Migratory (fall),Point state: Migratory (fall),Not nesting
36595292384,Step state: Migratory (fall),Point state: Migratory (fall),Not nesting
36595292385,Step state: Migratory (fall),Point state: Migratory (fall),Not nesting
36595292386,Step state: Migratory (fall),Point state: Migratory (fall),Not nesting
36595292387,Step state: Migratory (fall),Point state: Migratory (fall),Not nesting
36595292388,Step state: Migratory (fall),Point state: Migratory (fall),Not nesting
36595292390,Step state: Migratory (fall),Point state: Migratory (fall),Not nesting
36595292391,Step state: Migratory (fall),Point state: Migratory (fall),Not nesting
36595292392,Step state: Migratory (fall),Point state: Migratory (fall),Not nesting
36595292393,Step state: Migratory (fall),Point state: Migratory (fall),Not nesting
36595292394,Step state: Migratory (fall),Point state: Migratory (fall),Not nesting
36595292395,Step state: Migratory (fall),Point state: Migratory (fall),Not nesting
36595292396,Step state: Migratory (fall),Point state: Migratory (fall),Not nesting
36595292397,Step state: Migratory (fall),Point state: Migratory (fall),Not nesting
36595292398,Step state: Migratory (fall),Point state: Migratory (fall),Not nesting
36595292399,Step state: Migratory (fall),Point state: Migratory (fall),Not nesting
36595292400,Step state: Migratory (fall),Point state: Migratory (fall),Not nesting
36595292401,Step state: Migratory (fall),Point state: Migratory (fall),Not nesting
36595292403,Step state: Migratory (fall),Point state: Migratory (fall),Not nesting
36595292404,Step state: Migratory (fall),Point state: Migratory (fall),Not nesting
36595292405,Step state: Migratory (fall),Point state: Migratory (fall),Not nesting
36595292406,Step state: Migratory (fall),Point state: Migratory (fall),Not nesting
36595292407,Step state: Migratory (fall),Point state: Migratory (fall),Not nesting
36595292408,Step state: Migratory (fall),Point state: Migratory (fall),Not nesting
36595292409,Step state: Migratory (fall),Point state: Migratory (fall),Not nesting
36595292411,Step state: Migratory (fall),Point state: Migratory (fall),Not nesting
36595292412,Step state: Migratory (fall),Point state: Migratory (fall),Not nesting
36595292413,Step state: Migratory (fall),Point state: Migratory (fall),Not nesting
36595292414,Step state: Migratory (fall),Point state: Migratory (fall),Not nesting
36595292415,Step state: Migratory (fall),Point state: Migratory (fall),Not nesting
36595292417,Step state: Migratory (fall),Point state: Migratory (fall),Not nesting
36595292418,Step state: Migratory (fall),Point state: Migratory (fall),Not nesting
36595292420,Step state: Migratory (fall),Point state: Migratory (fall),Not nesting
36595292421,Step state: Migratory (fall),Point state: Migratory (fall),Not nesting
36595292422,Step state: Migratory (fall),Point state: Migratory (fall),Not nesting
36595292423,Step state: Migratory (fall),Point state: Migratory (fall),Not nesting
36595292425,Step state: Migratory (fall),Point state: Migratory (fall),Not nesting
36595292426,Step state: Migratory (fall),Point state: Migratory (fall),Not nesting
36595292427,Step state: Migratory (fall),Point state: Migratory (fall),Not nesting
36595292428,Step state: Migratory (fall),Point state: Migratory (fall),Not nesting
36595292429,Step state: Migratory (fall),Point state: Migratory (fall),Not nesting
36595292430,Step state: Migratory (fall),Point state: Migratory (fall),Not nesting
36595292431,Step state: Migratory (fall),Point state: Migratory (fall),Not nesting
36595292432,Step state: Migratory (fall),Point state: Migratory (fall),Not nesting
36595292433,Step state: Migratory (fall),Point state: Migratory (fall),Not nesting
36642387948,Step state: Migratory (fall),Point state: Migratory (fall),Not nesting
36642387949,Step state: Migratory (fall),Point state: Migratory (fall),Not nesting
36642387950,Step state: Migratory (fall),Point state: Migratory (fall),Not nesting
36642387951,Step state: Migratory (fall),Point state: Migratory (fall),Not nesting
36642387952,Step state: Migratory (fall),Point state: Migratory (fall),Not nesting
36642387953,Step state: Migratory (fall),Point state: Migratory (fall),Not nesting
36642387954,Step state: Migratory (fall),Point state: Migratory (fall),Not nesting
36642387956,Step state: Migratory (fall),Point state: Migratory (fall),Not nesting
36642387957,Step state: Migratory (fall),Point state: Migratory (fall),Not nesting
36642387958,Step state: Migratory (fall),Point state: Migratory (fall),Not nesting
36642387959,Step state: Migratory (fall),Point state: Migratory (fall),Not nesting
36642387960,Step state: Migratory (fall),Point state: Migratory (fall),Not nesting
36642387961,Step state: Migratory (fall),Point state: Migratory (fall),Not nesting
36642387962,Step state: Migratory (fall),Point state: Migratory (fall),Not nesting
36642387963,Step state: Migratory (fall),Point state: Migratory (fall),Not nesting
36642387964,Step state: Migratory (fall),Point state: Migratory (fall),Not nesting
36642387966,Step state: Migratory (fall),Point state: Migratory (fall),Not nesting
36642387967,Step state: Migratory (fall),Point state: Migratory (fall),Not nesting
36642387968,Step state: Migratory (fall),Point state: Migratory (fall),Not nesting
36642387969,Step state: Migratory (fall),Point state: Migratory (fall),Not nesting
36642387970,Step state: Migratory (fall),Point state: Migratory (fall),Not nesting
36642387971,Step state: Migratory (fall),Point state: Migratory (fall),Not nesting
36642387972,Step state: Migratory (fall),Point state: Migratory (fall),Not nesting
36642387974,Step state: Migratory (fall),Point state: Migratory (fall),Not nesting
36642387975,Step state: Migratory (fall),Point state: Migratory (fall),Not nesting
36642387976,Step state: Migratory (fall),Point state: Migratory (fall),Not nesting
36642387977,Step state: Migratory (fall),Point state: Migratory (fall),Not nesting
36642387979,Step state: Migratory (fall),Point state: Migratory (fall),Not nesting
36642387980,Step state: Migratory (fall),Point state: Migratory (fall),Not nesting
36642387981,Step state: Migratory (fall),Point state: Migratory (fall),Not nesting
36642387982,Step state: Migratory (fall),Point state: Migratory (fall),Not nesting
36642387983,Step state: Migratory (fall),Point state: Migratory (fall),Not nesting
36642387986,Step state: Migratory (fall),Point state: Migratory (fall),Not nesting
36642387987,Step state: Migratory (fall),Point state: Migratory (fall),Not nesting
36642387988,Step state: Migratory (fall),Point state: Migratory (fall),Not nesting
36642387989,Step state: Migratory (fall),Point state: Migratory (fall),Not nesting
36642387990,Step state: Migratory (fall),Point state: Migratory (fall),Not nesting
36642387991,Step state: Migratory (fall),Point state: Migratory (fall),Not nesting
36642387992,Step state: Migratory (fall),Point state: Migratory (fall),Not nesting
36642387993,Step state: Migratory (fall),Point state: Migratory (fall),Not nesting
36642387995,Step state: Migratory (fall),Point state: Migratory (fall),Not nesting
36642387996,Step state: Migratory (fall),Point state: Migratory (fall),Not nesting
36642387997,Step state: Migratory (fall),Point state: Migratory (fall),Not nesting
36642387998,Step state: Migratory (fall),Point state: Migratory (fall),Not nesting
36642387999,Step state: Migratory (fall),Point state: Migratory (fall),Not nesting
36642388000,Step state: Migratory (fall),Point state: Migratory (fall),Not nesting
36642388001,Step state: Migratory (fall),Point state: Migratory (fall),Not nesting
36642388004,Step state: Migratory (fall),Point state: Migratory (fall),Not nesting
36642388005,Step state: Migratory (fall),Point state: Migratory (fall),Not nesting
36642388006,Step state: Migratory (fall),Point state: Migratory (fall),Not nesting
36642388007,Step state: Migratory (fall),Point state: Migratory (fall),Not nesting
36642388008,Step state: Migratory (fall),Point state: Migratory (fall),Not nesting
36642388009,Step state: Migratory (fall),Point state: Migratory (fall),Not nesting
36642388010,Step state: Migratory (fall),Point state: Migratory (fall),Not nesting
36642388011,Step state: Migratory (fall),Point state: Migratory (fall),Not nesting
36642388012,Step state: Migratory (fall),Point state: Migratory (fall),Not nesting
36642388014,Step state: Migratory (fall),Point state: Migratory (fall),Not nesting
36642388015,Step state: Migratory (fall),Point state: Migratory (fall),Not nesting
36642388016,Step state: Migratory (fall),Point state: Migratory (fall),Not nesting
36642388017,Step state: Migratory (fall),Point state: Migratory (fall),Not nesting
36642388018,Step state: Migratory (fall),Point state: Migratory (fall),Not nesting
36642388019,Step state: Migratory (fall),Point state: Migratory (fall),Not nesting
36642388020,Step state: Migratory (fall),Point state: Migratory (fall),Not nesting
36642388023,Step state: Migratory (fall),Point state: Migratory (fall),Not nesting
36642388024,Step state: Migratory (fall),Point state: Migratory (fall),Not nesting
36642388025,Step state: Migratory (fall),Point state: Migratory (fall),Not nesting
36642388026,Step state: Migratory (fall),Point state: Migratory (fall),Not nesting
36642388027,Step state: Migratory (fall),Point state: Migratory (fall),Not nesting
36642388028,Step state: Migratory (fall),Point state: Migratory (fall),Not nesting
36642388029,Step state: Migratory (fall),Point state: Migratory (fall),Not nesting
36642388030,Step state: Migratory (fall),Point state: Migratory (fall),Not nesting
36642388031,Step state: Migratory (fall),Point state: Migratory (fall),Not nesting
36642388033,Step state: Migratory (fall),Point state: Migratory (fall),Not nesting
36642388034,Step state: Migratory (fall),Point state: Migratory (fall),Not nesting
36642388035,Step state: Migratory (fall),Point state: Migratory (fall),Not nesting
36642388036,Step state: Migratory (fall),Point state: Migratory (fall),Not nesting
36642388037,Step state: Migratory (fall),Point state: Migratory (fall),Not nesting
36642388038,Step state: Migratory (fall),Point state: Migratory (fall),Not nesting
36642388039,Step state: Migratory (fall),Point state: Migratory (fall),Not nesting
36642388042,Step state: Migratory (fall),Point state: Migratory (fall),Not nesting
36642388043,Step state: Migratory (fall),Point state: Migratory (fall),Not nesting
36642388044,Step state: Migratory (fall),Point state: Migratory (fall),Not nesting
36642388045,Step state: Migratory (fall),Point state: Migratory (fall),Not nesting
36642388046,Step state: Migratory (fall),Point state: Migratory (fall),Not nesting
36642388047,Step state: Migratory (fall),Point state: Migratory (fall),Not nesting
36642388048,Step state: Migratory (fall),Point state: Migratory (fall),Not nesting
36642388049,Step state: Migratory (fall),Point state: Migratory (fall),Not nesting
36642388050,Step state: Migratory (fall),Point state: Migratory (fall),Not nesting
36642388052,Step state: Migratory (fall),Point state: Migratory (fall),Not nesting
36642388053,Step state: Migratory (fall),Point state: Migratory (fall),Not nesting
36642388054,Step state: Migratory (fall),Point state: Migratory (fall),Not nesting
36642388055,Step state: Migratory (fall),Point state: Migratory (fall),Not nesting
36642388056,Step state: Migratory (fall),Point state: Migratory (fall),Not nesting
36642388057,Step state: Migratory (fall),Point state: Migratory (fall),Not nesting
36642388058,Step state: Migratory (fall),Point state: Migratory (fall),Not nesting
36642388061,Step state: Migratory (fall),Point state: Migratory (fall),Not nesting
36642388062,Step state: Migratory (fall),Point state: Migratory (fall),Not nesting
36642388063,Step state: Migratory (fall),Point state: Migratory (fall),Not nesting
36642388064,Step state: Migratory (fall),Point state: Migratory (fall),Not nesting
36642388065,Step state: Migratory (fall),Point state: Migratory (fall),Not nesting
36642388066,Step state: Migratory (fall),Point state: Migratory (fall),Not nesting
36642388067,Step state: Migratory (fall),Point state: Migratory (fall),Not nesting
36642388068,Step state: Migratory (fall),Point state: Migratory (fall),Not nesting
36642388069,Step state: Migratory (fall),Point state: Migratory (fall),Not nesting
36642388071,Step state: Migratory (fall),Point state: Migratory (fall),Not nesting
36642388072,Step state: Migratory (fall),Point state: Migratory (fall),Not nesting
36642388073,Step state: Migratory (fall),Point state: Migratory (fall),Not nesting
36642388074,Step state: Migratory (fall),Point state: Migratory (fall),Not nesting
36642388075,Step state: Migratory (fall),Point state: Migratory (fall),Not nesting
36642388076,Step state: Migratory (fall),Point state: Migratory (fall),Not nesting
36642388077,Step state: Migratory (fall),Point state: Migratory (fall),Not nesting
36642388080,Step state: Migratory (fall),Point state: Migratory (fall),Not nesting
36642388081,Step state: Migratory (fall),Point state: Migratory (fall),Not nesting
36642388082,Step state: Migratory (fall),Point state: Migratory (fall),Not nesting
36642388083,Step state: Migratory (fall),Point state: Migratory (fall),Not nesting
36642388084,Step state: Migratory (fall),Point state: Migratory (fall),Not nesting
36642388085,Step state: Migratory (fall),Point state: Migratory (fall),Not nesting
36642388086,Step state: Migratory (fall),Point state: Migratory (fall),Not nesting
36642388087,Step state: Migratory (fall),Point state: Migratory (fall),Not nesting
36642388088,Step state: Migratory (fall),Point state: Migratory (fall),Not nesting
36642388090,Step state: Migratory (fall),Point state: Migratory (fall),Not nesting
36642388091,Step state: Migratory (fall),Point state: Migratory (fall),Not nesting
36642388092,Step state: Migratory (fall),Point state: Migratory (fall),Not nesting
36642388093,Step state: Migratory (fall),Point state: Migratory (fall),Not nesting
36642388094,Step state: Migratory (fall),Point state: Migratory (fall),Not nesting
36642388095,Step state: Migratory (fall),Point state: Migratory (fall),Not nesting
36642388096,Step state: Migratory (fall),Point state: Migratory (fall),Not nesting
36642388098,Step state: Migratory (fall),Point state: Migratory (fall),Not nesting
36642388099,Step state: Migratory (fall),Point state: Migratory (fall),Not nesting
36642388100,Step state: Migratory (fall),Point state: Migratory (fall),Not nesting
36642388101,Step state: Migratory (fall),Point state: Migratory (fall),Not nesting
36642388102,Step state: Migratory (fall),Point state: Migratory (fall),Not nesting
36642388103,Step state: Migratory (fall),Point state: Migratory (fall),Not nesting
36642388104,Step state: Migratory (fall),Point state: Migratory (fall),Not nesting
36642388105,Step state: Migratory (fall),Point state: Migratory (fall),Not nesting
36642388106,Step state: Migratory (fall),Point state: Migratory (fall),Not nesting
36642388108,Step state: Migratory (fall),Point state: Migratory (fall),Not nesting
36642388109,Step state: Winter,Point state: Winter,Not nesting
36642388110,Step state: Migratory (fall),Point state: Migratory (fall),Not nesting
36642388111,Step state: Migratory (fall),Point state: Migratory (fall),Not nesting
36642388112,Step state: Migratory (fall),Point state: Migratory (fall),Not nesting
36642388113,Step state: Migratory (fall),Point state: Migratory (fall),Not nesting
36642388114,Step state: Migratory (fall),Point state: Migratory (fall),Not nesting
36642388117,Step state: Migratory (fall),Point state: Migratory (fall),Not nesting
36642388118,Step state: Migratory (fall),Point state: Migratory (fall),Not nesting
36642388119,Step state: Migratory (fall),Point state: Migratory (fall),Not nesting
36642388120,Step state: Migratory (fall),Point state: Migratory (fall),Not nesting
36642388121,Step state: Migratory (fall),Point state: Migratory (fall),Not nesting
36642388122,Step state: Winter,Point state: Winter,Not nesting
36642388123,Step state: Migratory (fall),Point state: Migratory (fall),Not nesting
36642388124,Step state: Migratory (fall),Point state: Migratory (fall),Not nesting
36642388125,Step state: Migratory (fall),Point state: Migratory (fall),Not nesting
36642388127,Step state: Migratory (fall),Point state: Migratory (fall),Not nesting
36642388128,Step state: Migratory (fall),Point state: Migratory (fall),Not nesting
36642388129,Step state: Migratory (fall),Point state: Migratory (fall),Not nesting
36642388130,Step state: Migratory (fall),Point state: Migratory (fall),Not nesting
36642388131,Step state: Migratory (fall),Point state: Migratory (fall),Not nesting
36642388132,Step state: Migratory (fall),Point state: Migratory (fall),Not nesting
36642388133,Step state: Migratory (fall),Point state: Migratory (fall),Not nesting
36642388134,Step state: Migratory (fall),Point state: Migratory (fall),Not nesting
36642388136,Step state: Migratory (fall),Point state: Migratory (fall),Not nesting
36642388137,Step state: Winter,Point state: Winter,Not nesting
36642388138,Step state: Migratory (fall),Point state: Migratory (fall),Not nesting
36642388139,Step state: Migratory (fall),Point state: Migratory (fall),Not nesting
36642388140,Step state: Migratory (fall),Point state: Migratory (fall),Not nesting
36642388141,Step state: Migratory (fall),Point state: Migratory (fall),Not nesting
36642388142,Step state: Migratory (fall),Point state: Migratory (fall),Not nesting
36642388144,Step state: Migratory (fall),Point state: Migratory (fall),Not nesting
36642388145,Step state: Migratory (fall),Point state: Migratory (fall),Not nesting
36642388146,Step state: Migratory (fall),Point state: Migratory (fall),Not nesting
36642388147,Step state: Migratory (fall),Point state: Migratory (fall),Not nesting
36642388148,Step state: Migratory (fall),Point state: Migratory (fall),Not nesting
36642388149,Step state: Migratory (fall),Point state: Migratory (fall),Not nesting
36642388150,Step state: Migratory (fall),Point state: Migratory (fall),Not nesting
36642388151,Step state: Migratory (fall),Point state: Migratory (fall),Not nesting
36642388152,Step state: Migratory (fall),Point state: Migratory (fall),Not nesting
36642388153,Step state: Migratory (fall),Point state: Migratory (fall),Not nesting
36642388154,Step state: Winter,Point state: Winter,Not nesting
36642388155,Step state: Migratory (fall),Point state: Migratory (fall),Not nesting
36642388156,Step state: Migratory (fall),Point state: Migratory (fall),Not nesting
36642388157,Step state: Migratory (fall),Point state: Migratory (fall),Not nesting
36642388158,Step state: Migratory (fall),Point state: Migratory (fall),Not nesting
36642388160,Step state: Migratory (fall),Point state: Migratory (fall),Not nesting
36642388161,Step state: Migratory (fall),Point state: Migratory (fall),Not nesting
36642388162,Step state: Migratory (fall),Point state: Migratory (fall),Not nesting
36642388163,Step state: Migratory (fall),Point state: Migratory (fall),Not nesting
36642388164,Step state: Migratory (fall),Point state: Migratory (fall),Not nesting
36642388165,Step state: Migratory (fall),Point state: Migratory (fall),Not nesting
36642388166,Step state: Migratory (fall),Point state: Migratory (fall),Not nesting
36642388167,Step state: Migratory (fall),Point state: Migratory (fall),Not nesting
36642388168,Step state: Migratory (fall),Point state: Migratory (fall),Not nesting
36642388170,Step state: Migratory (fall),Point state: Migratory (fall),Not nesting
36642388171,Step state: Winter,Point state: Winter,Not nesting
36642388172,Step state: Migratory (fall),Point state: Migratory (fall),Not nesting
36642388173,Step state: Migratory (fall),Point state: Migratory (fall),Not nesting
36642388174,Step state: Migratory (fall),Point state: Migratory (fall),Not nesting
36642388176,Step state: Migratory (fall),Point state: Migratory (fall),Not nesting
36642388177,Step state: Migratory (fall),Point state: Migratory (fall),Not nesting
36642388178,Step state: Migratory (fall),Point state: Migratory (fall),Not nesting
36642388179,Step state: Migratory (fall),Point state: Migratory (fall),Not nesting
36642388180,Step state: Migratory (fall),Point state: Migratory (fall),Not nesting
36642388181,Step state: Migratory (fall),Point state: Migratory (fall),Not nesting
36642388182,Step state: Migratory (fall),Point state: Migratory (fall),Not nesting
36642388183,Step state: Migratory (fall),Point state: Migratory (fall),Not nesting
36642388184,Step state: Migratory (fall),Point state: Migratory (fall),Not nesting
36642388185,Step state: Migratory (fall),Point state: Migratory (fall),Not nesting
36642388186,Step state: Winter,Point state: Winter,Not nesting
36642388187,Step state: Migratory (fall),Point state: Migratory (fall),Not nesting
36642388188,Step state: Migratory (fall),Point state: Migratory (fall),Not nesting
36642388189,Step state: Migratory (fall),Point state: Migratory (fall),Not nesting
36642388191,Step state: Migratory (fall),Point state: Migratory (fall),Not nesting
36642388192,Step state: Migratory (fall),Point state: Migratory (fall),Not nesting
36642388194,Step state: Migratory (fall),Point state: Migratory (fall),Not nesting
36642388195,Step state: Migratory (fall),Point state: Migratory (fall),Not nesting
36642388196,Step state: Migratory (fall),Point state: Migratory (fall),Not nesting
36642388197,Step state: Migratory (fall),Point state: Migratory (fall),Not nesting
36642388198,Step state: Migratory (fall),Point state: Migratory (fall),Not nesting
36642388199,Step state: Migratory (fall),Point state: Migratory (fall),Not nesting
36642388200,Step state: Migratory (fall),Point state: Migratory (fall),Not nesting
36642388201,Step state: Migratory (fall),Point state: Migratory (fall),Not nesting
36642388203,Step state: Migratory (fall),Point state: Migratory (fall),Not nesting
36642388204,Step state: Winter,Point state: Winter,Not nesting
36642388205,Step state: Migratory (fall),Point state: Migratory (fall),Not nesting
36642388206,Step state: Migratory (fall),Point state: Migratory (fall),Not nesting
36642388207,Step state: Migratory (fall),Point state: Migratory (fall),Not nesting
36642388208,Step state: Migratory (fall),Point state: Migratory (fall),Not nesting
36642388209,Step state: Migratory (fall),Point state: Migratory (fall),Not nesting
36642388211,Step state: Migratory (fall),Point state: Migratory (fall),Not nesting
36642388212,Step state: Migratory (fall),Point state: Migratory (fall),Not nesting
36642388213,Step state: Migratory (fall),Point state: Migratory (fall),Not nesting
36642388214,Step state: Migratory (fall),Point state: Migratory (fall),Not nesting
36642388215,Step state: Migratory (fall),Point state: Migratory (fall),Not nesting
36642388216,Step state: Migratory (fall),Point state: Migratory (fall),Not nesting
36642388217,Step state: Migratory (fall),Point state: Migratory (fall),Not nesting
36642388218,Step state: Migratory (fall),Point state: Migratory (fall),Not nesting
36642388219,Step state: Migratory (fall),Point state: Migratory (fall),Not nesting
36642388221,Step state: Migratory (fall),Point state: Migratory (fall),Not nesting
36642388222,Step state: Winter,Point state: Winter,Not nesting
36642388223,Step state: Migratory (fall),Point state: Migratory (fall),Not nesting
36642388224,Step state: Migratory (fall),Point state: Migratory (fall),Not nesting
36642388225,Step state: Migratory (fall),Point state: Migratory (fall),Not nesting
36642388226,Step state: Migratory (fall),Point state: Migratory (fall),Not nesting
36642388227,Step state: Migratory (fall),Point state: Migratory (fall),Not nesting
36642388229,Step state: Migratory (fall),Point state: Migratory (fall),Not nesting
36642388230,Step state: Migratory (fall),Point state: Migratory (fall),Not nesting
36642388231,Step state: Migratory (fall),Point state: Migratory (fall),Not nesting
36642388232,Step state: Migratory (fall),Point state: Migratory (fall),Not nesting
36642388233,Step state: Winter,Point state: Winter,Not nesting
36642388234,Step state: Migratory (fall),Point state: Migratory (fall),Not nesting
36642388235,Step state: Migratory (fall),Point state: Migratory (fall),Not nesting
36642388236,Step state: Migratory (fall),Point state: Migratory (fall),Not nesting
36642388237,Step state: Migratory (fall),Point state: Migratory (fall),Not nesting
36642388239,Step state: Migratory (fall),Point state: Migratory (fall),Not nesting
36642388240,Step state: Winter,Point state: Winter,Not nesting
36642388241,Step state: Migratory (fall),Point state: Migratory (fall),Not nesting
36642388242,Step state: Migratory (fall),Point state: Migratory (fall),Not nesting
36642388243,Step state: Migratory (fall),Point state: Migratory (fall),Not nesting
36642388244,Step state: Migratory (fall),Point state: Migratory (fall),Not nesting
36642388245,Step state: Migratory (fall),Point state: Migratory (fall),Not nesting
36642388247,Step state: Migratory (fall),Point state: Migratory (fall),Not nesting
36642388248,Step state: Migratory (fall),Point state: Migratory (fall),Not nesting
36642388249,Step state: Migratory (fall),Point state: Migratory (fall),Not nesting
36642388250,Step state: Migratory (fall),Point state: Migratory (fall),Not nesting
36642388251,Step state: Winter,Point state: Winter,Not nesting
36642388252,Step state: Migratory (fall),Point state: Migratory (fall),Not nesting
36642388253,Step state: Migratory (fall),Point state: Migratory (fall),Not nesting
36642388254,Step state: Migratory (fall),Point state: Migratory (fall),Not nesting
36642388255,Step state: Migratory (fall),Point state: Migratory (fall),Not nesting
36642388256,Step state: Migratory (fall),Point state: Migratory (fall),Not nesting
36642388257,Step state: Winter,Point state: Winter,Not nesting
36642388258,Step state: Migratory (fall),Point state: Migratory (fall),Not nesting
36642388259,Step state: Migratory (fall),Point state: Migratory (fall),Not nesting
36642388260,Step state: Migratory (fall),Point state: Migratory (fall),Not nesting
36642388261,Step state: Migratory (fall),Point state: Migratory (fall),Not nesting
36642388263,Step state: Migratory (fall),Point state: Migratory (fall),Not nesting
36642388264,Step state: Migratory (fall),Point state: Migratory (fall),Not nesting
36642388265,Step state: Migratory (fall),Point state: Migratory (fall),Not nesting
36642388266,Step state: Migratory (fall),Point state: Migratory (fall),Not nesting
36642388267,Step state: Winter,Point state: Winter,Not nesting
36642388268,Step state: Migratory (fall),Point state: Migratory (fall),Not nesting
36642388269,Step state: Migratory (fall),Point state: Migratory (fall),Not nesting
36642388270,Step state: Migratory (fall),Point state: Migratory (fall),Not nesting
36642388271,Step state: Migratory (fall),Point state: Migratory (fall),Not nesting
36642388272,Step state: Migratory (fall),Point state: Migratory (fall),Not nesting
36642388273,Step state: Winter,Point state: Winter,Not nesting
36642388274,Step state: Migratory (fall),Point state: Migratory (fall),Not nesting
36642388275,Step state: Migratory (fall),Point state: Migratory (fall),Not nesting
36642388276,Step state: Migratory (fall),Point state: Migratory (fall),Not nesting
36642388277,Step state: Migratory (fall),Point state: Migratory (fall),Not nesting
36642388278,Step state: Migratory (fall),Point state: Migratory (fall),Not nesting
36642388280,Step state: Migratory (fall),Point state: Migratory (fall),Not nesting
36642388281,Step state: Migratory (fall),Point state: Migratory (fall),Not nesting
36642388282,Step state: Migratory (fall),Point state: Migratory (fall),Not nesting
36642388283,Step state: Migratory (fall),Point state: Migratory (fall),Not nesting
36642388284,Step state: Winter,Point state: Winter,Not nesting
36642388285,Step state: Migratory (fall),Point state: Migratory (fall),Not nesting
36642388286,Step state: Migratory (fall),Point state: Migratory (fall),Not nesting
36642388287,Step state: Migratory (fall),Point state: Migratory (fall),Not nesting
36642388288,Step state: Migratory (fall),Point state: Migratory (fall),Not nesting
36642388289,Step state: Migratory (fall),Point state: Migratory (fall),Not nesting
36642388290,Step state: Winter,Point state: Winter,Not nesting
36642388291,Step state: Migratory (fall),Point state: Migratory (fall),Not nesting
36642388292,Step state: Migratory (fall),Point state: Migratory (fall),Not nesting
36642388293,Step state: Migratory (fall),Point state: Migratory (fall),Not nesting
36642388294,Step state: Migratory (fall),Point state: Migratory (fall),Not nesting
36642388295,Step state: Migratory (fall),Point state: Migratory (fall),Not nesting
36642388297,Step state: Migratory (fall),Point state: Migratory (fall),Not nesting
36642388298,Step state: Migratory (fall),Point state: Migratory (fall),Not nesting
36642388299,Step state: Migratory (fall),Point state: Migratory (fall),Not nesting
36642388300,Step state: Migratory (fall),Point state: Migratory (fall),Not nesting
36642388301,Step state: Migratory (fall),Point state: Migratory (fall),Not nesting
36642388302,Step state: Migratory (fall),Point state: Migratory (fall),Not nesting
36642388303,Step state: Migratory (fall),Point state: Migratory (fall),Not nesting
36642388304,Step state: Winter,Point state: Winter,Not nesting
36642388305,Step state: Migratory (fall),Point state: Migratory (fall),Not nesting
36642388306,Step state: Migratory (fall),Point state: Migratory (fall),Not nesting
36642388307,Step state: Migratory (fall),Point state: Migratory (fall),Not nesting
36642388308,Step state: Migratory (fall),Point state: Migratory (fall),Not nesting
36642388309,Step state: Migratory (fall),Point state: Migratory (fall),Not nesting
36642388311,Step state: Migratory (fall),Point state: Migratory (fall),Not nesting
36642388312,Step state: Migratory (fall),Point state: Migratory (fall),Not nesting
36642388313,Step state: Migratory (fall),Point state: Migratory (fall),Not nesting
36642388314,Step state: Migratory (fall),Point state: Migratory (fall),Not nesting
36642388315,Step state: Migratory (fall),Point state: Migratory (fall),Not nesting
36642388316,Step state: Migratory (fall),Point state: Migratory (fall),Not nesting
36642388317,Step state: Migratory (fall),Point state: Migratory (fall),Not nesting
36642388318,Step state: Winter,Point state: Winter,Not nesting
36642388319,Step state: Migratory (fall),Point state: Migratory (fall),Not nesting
36642388320,Step state: Migratory (fall),Point state: Migratory (fall),Not nesting
36642388321,Step state: Migratory (fall),Point state: Migratory (fall),Not nesting
36642388322,Step state: Migratory (fall),Point state: Migratory (fall),Not nesting
36642388323,Step state: Migratory (fall),Point state: Migratory (fall),Not nesting
36642388325,Step state: Migratory (fall),Point state: Migratory (fall),Not nesting
36642388326,Step state: Migratory (fall),Point state: Migratory (fall),Not nesting
36642388327,Step state: Migratory (fall),Point state: Migratory (fall),Not nesting
36748089460,Step state: Winter,Point state: Winter,Not nesting
36748089461,Step state: Migratory (fall),Point state: Migratory (fall),Not nesting
36748089462,Step state: Migratory (fall),Point state: Migratory (fall),Not nesting
36748089463,Step state: Winter,Point state: Winter,Not nesting
36748089464,Step state: Winter,Point state: Winter,Not nesting
36748089465,Step state: Migratory (fall),Point state: Migratory (fall),Not nesting
36748089466,Step state: Migratory (fall),Point state: Migratory (fall),Not nesting
36748089467,Step state: Migratory (fall),Point state: Migratory (fall),Not nesting
36748089468,Step state: Winter,Point state: Winter,Not nesting
36748089469,Step state: Migratory (fall),Point state: Migratory (fall),Not nesting
36748089470,Step state: Migratory (fall),Point state: Migratory (fall),Not nesting
36748089471,Step state: Winter,Point state: Winter,Not nesting
36748089472,Step state: Migratory (fall),Point state: Migratory (fall),Not nesting
36748089473,Step state: Migratory (fall),Point state: Migratory (fall),Not nesting
36748089474,Step state: Winter,Point state: Winter,Not nesting
36748089475,Step state: Migratory (fall),Point state: Migratory (fall),Not nesting
36748089476,Step state: Migratory (fall),Point state: Migratory (fall),Not nesting
36748089477,Step state: Migratory (fall),Point state: Migratory (fall),Not nesting
36748089478,Step state: Migratory (fall),Point state: Migratory (fall),Not nesting
36748089480,Step state: Migratory (fall),Point state: Migratory (fall),Not nesting
36748089481,Step state: Migratory (fall),Point state: Migratory (fall),Not nesting
36748089482,Step state: Migratory (fall),Point state: Migratory (fall),Not nesting
36748089483,Step state: Migratory (fall),Point state: Migratory (fall),Not nesting
36748089484,Step state: Winter,Point state: Winter,Not nesting
36748089485,Step state: Migratory (fall),Point state: Migratory (fall),Not nesting
36748089486,Step state: Migratory (fall),Point state: Migratory (fall),Not nesting
36748089487,Step state: Winter,Point state: Winter,Not nesting
36748089488,Step state: Migratory (fall),Point state: Migratory (fall),Not nesting
36748089489,Step state: Migratory (fall),Point state: Migratory (fall),Not nesting
36748089490,Step state: Winter,Point state: Winter,Not nesting
36748089491,Step state: Migratory (fall),Point state: Migratory (fall),Not nesting
36748089492,Step state: Migratory (fall),Point state: Migratory (fall),Not nesting
36748089493,Step state: Migratory (fall),Point state: Migratory (fall),Not nesting
36748089494,Step state: Migratory (fall),Point state: Migratory (fall),Not nesting
36748089496,Step state: Migratory (fall),Point state: Migratory (fall),Not nesting
36748089497,Step state: Migratory (fall),Point state: Migratory (fall),Not nesting
36748089498,Step state: Migratory (fall),Point state: Migratory (fall),Not nesting
36748089499,Step state: Winter,Point state: Winter,Not nesting
36748089500,Step state: Migratory (fall),Point state: Migratory (fall),Not nesting
36748089501,Step state: Migratory (fall),Point state: Migratory (fall),Not nesting
36748089502,Step state: Migratory (fall),Point state: Migratory (fall),Not nesting
36748089503,Step state: Migratory (fall),Point state: Migratory (fall),Not nesting
36748089504,Step state: Winter,Point state: Winter,Not nesting
36748089505,Step state: Migratory (fall),Point state: Migratory (fall),Not nesting
36748089506,Step state: Migratory (fall),Point state: Migratory (fall),Not nesting
36748089507,Step state: Winter,Point state: Winter,Not nesting
36748089508,Step state: Migratory (fall),Point state: Migratory (fall),Not nesting
36748089509,Step state: Migratory (fall),Point state: Migratory (fall),Not nesting
36748089510,Step state: Winter,Point state: Winter,Not nesting
36748089511,Step state: Migratory (fall),Point state: Migratory (fall),Not nesting
36748089512,Step state: Migratory (fall),Point state: Migratory (fall),Not nesting
36748089513,Step state: Migratory (fall),Point state: Migratory (fall),Not nesting
36748089514,Step state: Migratory (fall),Point state: Migratory (fall),Not nesting
36748089516,Step state: Migratory (fall),Point state: Migratory (fall),Not nesting
36748089517,Step state: Migratory (fall),Point state: Migratory (fall),Not nesting
36748089518,Step state: Migratory (fall),Point state: Migratory (fall),Not nesting
36748089519,Step state: Migratory (fall),Point state: Migratory (fall),Not nesting
36748089520,Step state: Winter,Point state: Winter,Not nesting
36748089521,Step state: Migratory (fall),Point state: Migratory (fall),Not nesting
36748089522,Step state: Migratory (fall),Point state: Migratory (fall),Not nesting
36748089523,Step state: Winter,Point state: Winter,Not nesting
36748089524,Step state: Migratory (fall),Point state: Migratory (fall),Not nesting
36748089525,Step state: Migratory (fall),Point state: Migratory (fall),Not nesting
36748089526,Step state: Winter,Point state: Winter,Not nesting
36748089527,Step state: Migratory (fall),Point state: Migratory (fall),Not nesting
36748089528,Step state: Migratory (fall),Point state: Migratory (fall),Not nesting
36748089529,Step state: Migratory (fall),Point state: Migratory (fall),Not nesting
36748089530,Step state: Migratory (fall),Point state: Migratory (fall),Not nesting
36748089532,Step state: Migratory (fall),Point state: Migratory (fall),Not nesting
36748089533,Step state: Migratory (fall),Point state: Migratory (fall),Not nesting
36748089534,Step state: Migratory (fall),Point state: Migratory (fall),Not nesting
36748089535,Step state: Migratory (fall),Point state: Migratory (fall),Not nesting
36748089536,Step state: Migratory (fall),Point state: Migratory (fall),Not nesting
36748089537,Step state: Migratory (fall),Point state: Migratory (fall),Not nesting
36748089538,Step state: Winter,Point state: Winter,Not nesting
36748089539,Step state: Migratory (fall),Point state: Migratory (fall),Not nesting
36748089540,Step state: Migratory (fall),Point state: Migratory (fall),Not nesting
36748089541,Step state: Winter,Point state: Winter,Not nesting
36748089542,Step state: Migratory (fall),Point state: Migratory (fall),Not nesting
36748089543,Step state: Migratory (fall),Point state: Migratory (fall),Not nesting
36748089544,Step state: Migratory (fall),Point state: Migratory (fall),Not nesting
36748089545,Step state: Migratory (fall),Point state: Migratory (fall),Not nesting
36748089547,Step state: Migratory (fall),Point state: Migratory (fall),Not nesting
36748089548,Step state: Migratory (fall),Point state: Migratory (fall),Not nesting
36748089549,Step state: Migratory (fall),Point state: Migratory (fall),Not nesting
36748089550,Step state: Migratory (fall),Point state: Migratory (fall),Not nesting
36748089551,Step state: Migratory (fall),Point state: Migratory (fall),Not nesting
36748089552,Step state: Winter,Point state: Winter,Not nesting
36748089553,Step state: Migratory (fall),Point state: Migratory (fall),Not nesting
36748089554,Step state: Migratory (fall),Point state: Migratory (fall),Not nesting
36748089555,Step state: Migratory (fall),Point state: Migratory (fall),Not nesting
36748089557,Step state: Migratory (fall),Point state: Migratory (fall),Not nesting
36933939214,Step state: Winter,Point state: Winter,Not nesting
36933939215,Step state: Migratory (fall),Point state: Migratory (fall),Not nesting
36933939216,Step state: Migratory (fall),Point state: Migratory (fall),Not nesting
36933939217,Step state: Winter,Point state: Winter,Not nesting
36933939218,Step state: Winter,Point state: Winter,Not nesting
36933939219,Step state: Migratory (fall),Point state: Migratory (fall),Not nesting
36933939220,Step state: Migratory (fall),Point state: Migratory (fall),Not nesting
36933939221,Step state: Migratory (fall),Point state: Migratory (fall),Not nesting
36933939222,Step state: Migratory (fall),Point state: Migratory (fall),Not nesting
36933939223,Step state: Winter,Point state: Winter,Not nesting
36933939224,Step state: Migratory (fall),Point state: Migratory (fall),Not nesting
36933939225,Step state: Migratory (fall),Point state: Migratory (fall),Not nesting
36933939226,Step state: Winter,Point state: Winter,Not nesting
36933939227,Step state: Migratory (fall),Point state: Migratory (fall),Not nesting
36933939228,Step state: Migratory (fall),Point state: Migratory (fall),Not nesting
36933939229,Step state: Winter,Point state: Winter,Not nesting
36933939230,Step state: Migratory (fall),Point state: Migratory (fall),Not nesting
36933939231,Step state: Migratory (fall),Point state: Migratory (fall),Not nesting
36933939232,Step state: Migratory (fall),Point state: Migratory (fall),Not nesting
36933939233,Step state: Migratory (fall),Point state: Migratory (fall),Not nesting
36933939235,Step state: Migratory (fall),Point state: Migratory (fall),Not nesting
36933939236,Step state: Migratory (fall),Point state: Migratory (fall),Not nesting
36933939237,Step state: Migratory (fall),Point state: Migratory (fall),Not nesting
36933939238,Step state: Migratory (fall),Point state: Migratory (fall),Not nesting
36933939239,Step state: Winter,Point state: Winter,Not nesting
36933939240,Step state: Migratory (fall),Point state: Migratory (fall),Not nesting
36933939241,Step state: Migratory (fall),Point state: Migratory (fall),Not nesting
36933939242,Step state: Winter,Point state: Winter,Not nesting
36933939243,Step state: Migratory (fall),Point state: Migratory (fall),Not nesting
36933939244,Step state: Migratory (fall),Point state: Migratory (fall),Not nesting
36933939245,Step state: Winter,Point state: Winter,Not nesting
36933939246,Step state: Migratory (fall),Point state: Migratory (fall),Not nesting
36933939247,Step state: Migratory (fall),Point state: Migratory (fall),Not nesting
36933939248,Step state: Migratory (fall),Point state: Migratory (fall),Not nesting
36933939249,Step state: Migratory (fall),Point state: Migratory (fall),Not nesting
36933939251,Step state: Migratory (fall),Point state: Migratory (fall),Not nesting
36933939252,Step state: Migratory (fall),Point state: Migratory (fall),Not nesting
36933939253,Step state: Migratory (fall),Point state: Migratory (fall),Not nesting
36933939254,Step state: Migratory (fall),Point state: Migratory (fall),Not nesting
36933939255,Step state: Winter,Point state: Winter,Not nesting
36933939256,Step state: Migratory (fall),Point state: Migratory (fall),Not nesting
36933939257,Step state: Winter,Point state: Winter,Not nesting
36933939258,Step state: Migratory (fall),Point state: Migratory (fall),Not nesting
36933939259,Step state: Migratory (fall),Point state: Migratory (fall),Not nesting
36933939260,Step state: Winter,Point state: Winter,Not nesting
36933939261,Step state: Migratory (fall),Point state: Migratory (fall),Not nesting
36933939262,Step state: Migratory (fall),Point state: Migratory (fall),Not nesting
36933939264,Step state: Migratory (fall),Point state: Migratory (fall),Not nesting
36933939265,Step state: Migratory (fall),Point state: Migratory (fall),Not nesting
36933939266,Step state: Migratory (fall),Point state: Migratory (fall),Not nesting
36933939267,Step state: Migratory (fall),Point state: Migratory (fall),Not nesting
36933939268,Step state: Migratory (fall),Point state: Migratory (fall),Not nesting
36933939269,Step state: Winter,Point state: Winter,Not nesting
36933939270,Step state: Migratory (fall),Point state: Migratory (fall),Not nesting
36933939271,Step state: Winter,Point state: Winter,Not nesting
36933939272,Step state: Migratory (fall),Point state: Migratory (fall),Not nesting
36933939273,Step state: Migratory (fall),Point state: Migratory (fall),Not nesting
36933939274,Step state: Winter,Point state: Winter,Not nesting
36933939275,Step state: Migratory (fall),Point state: Migratory (fall),Not nesting
36933939276,Step state: Migratory (fall),Point state: Migratory (fall),Not nesting
36933939277,Step state: Migratory (fall),Point state: Migratory (fall),Not nesting
36933939279,Step state: Migratory (fall),Point state: Migratory (fall),Not nesting
36933939280,Step state: Migratory (fall),Point state: Migratory (fall),Not nesting
36933939281,Step state: Migratory (fall),Point state: Migratory (fall),Not nesting
36933939282,Step state: Migratory (fall),Point state: Migratory (fall),Not nesting
36933939283,Step state: Winter,Point state: Winter,Not nesting
36933939284,Step state: Migratory (fall),Point state: Migratory (fall),Not nesting
36933939285,Step state: Migratory (fall),Point state: Migratory (fall),Not nesting
36933939286,Step state: Winter,Point state: Winter,Not nesting
36933939287,Step state: Migratory (fall),Point state: Migratory (fall),Not nesting
36933939288,Step state: Migratory (fall),Point state: Migratory (fall),Not nesting
36933939289,Step state: Migratory (fall),Point state: Migratory (fall),Not nesting
36933939290,Step state: Migratory (fall),Point state: Migratory (fall),Not nesting
36933939291,Step state: Winter,Point state: Winter,Not nesting
36933939292,Step state: Migratory (fall),Point state: Migratory (fall),Not nesting
36933939293,Step state: Winter,Point state: Winter,Not nesting
36933939294,Step state: Migratory (fall),Point state: Migratory (fall),Not nesting
36933939295,Step state: Migratory (fall),Point state: Migratory (fall),Not nesting
36933939296,Step state: Winter,Point state: Winter,Not nesting
36933939297,Step state: Migratory (fall),Point state: Migratory (fall),Not nesting
36933939298,Step state: Migratory (fall),Point state: Migratory (fall),Not nesting
36933939300,Step state: Migratory (fall),Point state: Migratory (fall),Not nesting
36933939301,Step state: Migratory (fall),Point state: Migratory (fall),Not nesting
36933939302,Step state: Migratory (fall),Point state: Migratory (fall),Not nesting
36933939303,Step state: Winter,Point state: Winter,Not nesting
36933939304,Step state: Migratory (fall),Point state: Migratory (fall),Not nesting
36933939305,Step state: Winter,Point state: Winter,Not nesting
36933939306,Step state: Migratory (fall),Point state: Migratory (fall),Not nesting
36933939307,Step state: Migratory (fall),Point state: Migratory (fall),Not nesting
36933939308,Step state: Winter,Point state: Winter,Not nesting
36933939309,Step state: Migratory (fall),Point state: Migratory (fall),Not nesting
36933939310,Step state: Migratory (fall),Point state: Migratory (fall),Not nesting
36933939312,Step state: Migratory (fall),Point state: Migratory (fall),Not nesting
36933939313,Step state: Migratory (fall),Point state: Migratory (fall),Not nesting
36933939314,Step state: Migratory (fall),Point state: Migratory (fall),Not nesting
36933939315,Step state: Migratory (fall),Point state: Migratory (fall),Not nesting
36933939316,Step state: Winter,Point state: Winter,Not nesting
36933939317,Step state: Migratory (fall),Point state: Migratory (fall),Not nesting
36933939318,Step state: Winter,Point state: Winter,Not nesting
36933939319,Step state: Migratory (fall),Point state: Migratory (fall),Not nesting
36933939320,Step state: Migratory (fall),Point state: Migratory (fall),Not nesting
36933939321,Step state: Migratory (fall),Point state: Migratory (fall),Not nesting
36933939323,Step state: Migratory (fall),Point state: Migratory (fall),Not nesting
36933939324,Step state: Migratory (fall),Point state: Migratory (fall),Not nesting
36933939325,Step state: Migratory (fall),Point state: Migratory (fall),Not nesting
36933939326,Step state: Migratory (fall),Point state: Migratory (fall),Not nesting
36933939327,Step state: Winter,Point state: Winter,Not nesting
36933939328,Step state: Migratory (fall),Point state: Migratory (fall),Not nesting
36933939329,Step state: Winter,Point state: Winter,Not nesting
36933939330,Step state: Migratory (fall),Point state: Migratory (fall),Not nesting
36933939331,Step state: Migratory (fall),Point state: Migratory (fall),Not nesting
36933939332,Step state: Migratory (fall),Point state: Migratory (fall),Not nesting
36933939334,Step state: Migratory (fall),Point state: Migratory (fall),Not nesting
36933939335,Step state: Migratory (fall),Point state: Migratory (fall),Not nesting
36933939336,Step state: Migratory (fall),Point state: Migratory (fall),Not nesting
36933939337,Step state: Migratory (fall),Point state: Migratory (fall),Not nesting
36933939338,Step state: Winter,Point state: Winter,Not nesting
36933939339,Step state: Winter,Point state: Winter,Not nesting
36933939340,Step state: Migratory (fall),Point state: Migratory (fall),Not nesting
36933939341,Step state: Migratory (fall),Point state: Migratory (fall),Not nesting
36933939342,Step state: Winter,Point state: Winter,Not nesting
36933939343,Step state: Migratory (fall),Point state: Migratory (fall),Not nesting
36933939344,Step state: Migratory (fall),Point state: Migratory (fall),Not nesting
36933939346,Step state: Migratory (fall),Point state: Migratory (fall),Not nesting
36933939347,Step state: Migratory (fall),Point state: Migratory (fall),Not nesting
36933939348,Step state: Winter,Point state: Winter,Not nesting
36933939349,Step state: Winter,Point state: Winter,Not nesting
36933939350,Step state: Migratory (fall),Point state: Migratory (fall),Not nesting
36933939351,Step state: Migratory (fall),Point state: Migratory (fall),Not nesting
36933939352,Step state: Migratory (fall),Point state: Migratory (fall),Not nesting
36933939353,Step state: Migratory (fall),Point state: Migratory (fall),Not nesting
36933939355,Step state: Migratory (fall),Point state: Migratory (fall),Not nesting
36933939356,Step state: Migratory (fall),Point state: Migratory (fall),Not nesting
36933939357,Step state: Migratory (fall),Point state: Migratory (fall),Not nesting
36933939358,Step state: Migratory (fall),Point state: Migratory (fall),Not nesting
36933939359,Step state: Winter,Point state: Winter,Not nesting
36933939360,Step state: Migratory (fall),Point state: Migratory (fall),Not nesting
36933939361,Step state: Winter,Point state: Winter,Not nesting
36933939362,Step state: Migratory (fall),Point state: Migratory (fall),Not nesting
36933939363,Step state: Migratory (fall),Point state: Migratory (fall),Not nesting
36933939364,Step state: Migratory (fall),Point state: Migratory (fall),Not nesting
36933939366,Step state: Migratory (fall),Point state: Migratory (fall),Not nesting
36933939367,Step state: Migratory (fall),Point state: Migratory (fall),Not nesting
36933939368,Step state: Migratory (fall),Point state: Migratory (fall),Not nesting
36933939369,Step state: Migratory (fall),Point state: Migratory (fall),Not nesting
36933939370,Step state: Winter,Point state: Winter,Not nesting
36933939371,Step state: Winter,Point state: Winter,Not nesting
36933939372,Step state: Migratory (fall),Point state: Migratory (fall),Not nesting
36933939373,Step state: Migratory (fall),Point state: Migratory (fall),Not nesting
36933939374,Step state: Migratory (fall),Point state: Migratory (fall),Not nesting
36933939376,Step state: Migratory (fall),Point state: Migratory (fall),Not nesting
36933939377,Step state: Migratory (fall),Point state: Migratory (fall),Not nesting
36933939378,Step state: Migratory (fall),Point state: Migratory (fall),Not nesting
37095716013,Step state: Winter,Point state: Winter,Not nesting
37095716014,Step state: Winter,Point state: Winter,Not nesting
37095716015,Step state: Migratory (fall),Point state: Migratory (fall),Not nesting
37095716016,Step state: Migratory (fall),Point state: Migratory (fall),Not nesting
37095716017,Step state: Migratory (fall),Point state: Migratory (fall),Not nesting
37095716018,Step state: Winter,Point state: Winter,Not nesting
37095716019,Step state: Winter,Point state: Winter,Not nesting
37095716020,Step state: Migratory (fall),Point state: Migratory (fall),Not nesting
37095716021,Step state: Migratory (fall),Point state: Migratory (fall),Not nesting
37095716022,Step state: Winter,Point state: Winter,Not nesting
37095716023,Step state: Migratory (fall),Point state: Migratory (fall),Not nesting
37095716024,Step state: Migratory (fall),Point state: Migratory (fall),Not nesting
37095716026,Step state: Migratory (fall),Point state: Migratory (fall),Not nesting
37095716027,Step state: Migratory (fall),Point state: Migratory (fall),Not nesting
37095716028,Step state: Migratory (fall),Point state: Migratory (fall),Not nesting
37095716029,Step state: Winter,Point state: Winter,Not nesting
37095716030,Step state: Winter,Point state: Winter,Not nesting
37095716031,Step state: Migratory (fall),Point state: Migratory (fall),Not nesting
37095716032,Step state: Winter,Point state: Winter,Not nesting
37095716033,Step state: Migratory (fall),Point state: Migratory (fall),Not nesting
37095716034,Step state: Migratory (fall),Point state: Migratory (fall),Not nesting
37095716036,Step state: Migratory (fall),Point state: Migratory (fall),Not nesting
37095716037,Step state: Migratory (fall),Point state: Migratory (fall),Not nesting
37095716038,Step state: Migratory (fall),Point state: Migratory (fall),Not nesting
37095716039,Step state: Winter,Point state: Winter,Not nesting
37095716040,Step state: Winter,Point state: Winter,Not nesting
37095716041,Step state: Migratory (fall),Point state: Migratory (fall),Not nesting
37095716042,Step state: Migratory (fall),Point state: Migratory (fall),Not nesting
37095716043,Step state: Migratory (fall),Point state: Migratory (fall),Not nesting
37095716045,Step state: Migratory (fall),Point state: Migratory (fall),Not nesting
37095716046,Step state: Migratory (fall),Point state: Migratory (fall),Not nesting
37095716047,Step state: Winter,Point state: Winter,Not nesting
37095716048,Step state: Winter,Point state: Winter,Not nesting
37095716049,Step state: Migratory (fall),Point state: Migratory (fall),Not nesting
37095716050,Step state: Migratory (fall),Point state: Migratory (fall),Not nesting
37095716051,Step state: Migratory (fall),Point state: Migratory (fall),Not nesting
37095716053,Step state: Migratory (fall),Point state: Migratory (fall),Not nesting
37095716054,Step state: Migratory (fall),Point state: Migratory (fall),Not nesting
37095716055,Step state: Migratory (fall),Point state: Migratory (fall),Not nesting
37095716056,Step state: Migratory (fall),Point state: Migratory (fall),Not nesting
37095716057,Step state: Winter,Point state: Winter,Not nesting
37095716058,Step state: Migratory (fall),Point state: Migratory (fall),Not nesting
37095716059,Step state: Winter,Point state: Winter,Not nesting
37095716060,Step state: Winter,Point state: Winter,Not nesting
37095716061,Step state: Migratory (fall),Point state: Migratory (fall),Not nesting
37095716062,Step state: Migratory (fall),Point state: Migratory (fall),Not nesting
37095716064,Step state: Migratory (fall),Point state: Migratory (fall),Not nesting
37095716065,Step state: Migratory (fall),Point state: Migratory (fall),Not nesting
37095716066,Step state: Migratory (fall),Point state: Migratory (fall),Not nesting
37095716067,Step state: Winter,Point state: Winter,Not nesting
37095716068,Step state: Migratory (fall),Point state: Migratory (fall),Not nesting
37095716069,Step state: Winter,Point state: Winter,Not nesting
37095716070,Step state: Winter,Point state: Winter,Not nesting
37095716071,Step state: Migratory (fall),Point state: Migratory (fall),Not nesting
37095716072,Step state: Migratory (fall),Point state: Migratory (fall),Not nesting
37095716074,Step state: Migratory (fall),Point state: Migratory (fall),Not nesting
37095716075,Step state: Migratory (fall),Point state: Migratory (fall),Not nesting
37095716076,Step state: Migratory (fall),Point state: Migratory (fall),Not nesting
37095716077,Step state: Migratory (fall),Point state: Migratory (fall),Not nesting
37095716078,Step state: Migratory (fall),Point state: Migratory (fall),Not nesting
37095716079,Step state: Winter,Point state: Winter,Not nesting
37095716080,Step state: Migratory (fall),Point state: Migratory (fall),Not nesting
37095716081,Step state: Winter,Point state: Winter,Not nesting
37095716082,Step state: Winter,Point state: Winter,Not nesting
37095716083,Step state: Migratory (fall),Point state: Migratory (fall),Not nesting
37095716084,Step state: Migratory (fall),Point state: Migratory (fall),Not nesting
37095716085,Step state: Migratory (fall),Point state: Migratory (fall),Not nesting
37095716087,Step state: Migratory (fall),Point state: Migratory (fall),Not nesting
37095716088,Step state: Migratory (fall),Point state: Migratory (fall),Not nesting
37095716089,Step state: Migratory (fall),Point state: Migratory (fall),Not nesting
37095716090,Step state: Winter,Point state: Winter,Not nesting
37095716091,Step state: Migratory (fall),Point state: Migratory (fall),Not nesting
37095716092,Step state: Winter,Point state: Winter,Not nesting
37095716093,Step state: Winter,Point state: Winter,Not nesting
37095716094,Step state: Migratory (fall),Point state: Migratory (fall),Not nesting
37095716095,Step state: Migratory (fall),Point state: Migratory (fall),Not nesting
37095716096,Step state: Migratory (fall),Point state: Migratory (fall),Not nesting
37095716098,Step state: Migratory (fall),Point state: Migratory (fall),Not nesting
37095716099,Step state: Migratory (fall),Point state: Migratory (fall),Not nesting
37095716100,Step state: Migratory (fall),Point state: Migratory (fall),Not nesting
37095716101,Step state: Winter,Point state: Winter,Not nesting
37095716102,Step state: Winter,Point state: Winter,Not nesting
37095716103,Step state: Migratory (fall),Point state: Migratory (fall),Not nesting
37095716104,Step state: Migratory (fall),Point state: Migratory (fall),Not nesting
37095716106,Step state: Migratory (fall),Point state: Migratory (fall),Not nesting
37095716107,Step state: Migratory (fall),Point state: Migratory (fall),Not nesting
37095716108,Step state: Migratory (fall),Point state: Migratory (fall),Not nesting
37095716109,Step state: Migratory (fall),Point state: Migratory (fall),Not nesting
37095716110,Step state: Migratory (fall),Point state: Migratory (fall),Not nesting
37095716111,Step state: Winter,Point state: Winter,Not nesting
37095716112,Step state: Winter,Point state: Winter,Not nesting
37095716113,Step state: Migratory (fall),Point state: Migratory (fall),Not nesting
37095716114,Step state: Migratory (fall),Point state: Migratory (fall),Not nesting
37095716116,Step state: Migratory (fall),Point state: Migratory (fall),Not nesting
37160396030,Step state: Winter,Point state: Winter,Not nesting
37160396031,Step state: Migratory (fall),Point state: Migratory (fall),Not nesting
37160396032,Step state: Winter,Point state: Winter,Not nesting
37160396033,Step state: Migratory (fall),Point state: Migratory (fall),Not nesting
37160396034,Step state: Migratory (fall),Point state: Migratory (fall),Not nesting
37160396035,Step state: Winter,Point state: Winter,Not nesting
37160396036,Step state: Migratory (fall),Point state: Migratory (fall),Not nesting
37160396037,Step state: Winter,Point state: Winter,Not nesting
37160396038,Step state: Winter,Point state: Winter,Not nesting
37160396039,Step state: Migratory (fall),Point state: Migratory (fall),Not nesting
37160396040,Step state: Migratory (fall),Point state: Migratory (fall),Not nesting
37160396042,Step state: Migratory (fall),Point state: Migratory (fall),Not nesting
37160396043,Step state: Migratory (fall),Point state: Migratory (fall),Not nesting
37160396044,Step state: Migratory (fall),Point state: Migratory (fall),Not nesting
37160396045,Step state: Winter,Point state: Winter,Not nesting
37160396046,Step state: Migratory (fall),Point state: Migratory (fall),Not nesting
37160396047,Step state: Winter,Point state: Winter,Not nesting
37160396048,Step state: Winter,Point state: Winter,Not nesting
37160396049,Step state: Migratory (fall),Point state: Migratory (fall),Not nesting
37160396050,Step state: Migratory (fall),Point state: Migratory (fall),Not nesting
37160396052,Step state: Migratory (fall),Point state: Migratory (fall),Not nesting
37160396053,Step state: Migratory (fall),Point state: Migratory (fall),Not nesting
37160396054,Step state: Migratory (fall),Point state: Migratory (fall),Not nesting
37160396055,Step state: Migratory (fall),Point state: Migratory (fall),Not nesting
37160396056,Step state: Winter,Point state: Winter,Not nesting
37160396057,Step state: Migratory (fall),Point state: Migratory (fall),Not nesting
37160396058,Step state: Winter,Point state: Winter,Not nesting
37160396059,Step state: Winter,Point state: Winter,Not nesting
37160396060,Step state: Migratory (fall),Point state: Migratory (fall),Not nesting
37160396061,Step state: Migratory (fall),Point state: Migratory (fall),Not nesting
37160396063,Step state: Migratory (fall),Point state: Migratory (fall),Not nesting
37160396064,Step state: Migratory (fall),Point state: Migratory (fall),Not nesting
37160396065,Step state: Migratory (fall),Point state: Migratory (fall),Not nesting
37160396066,Step state: Winter,Point state: Winter,Not nesting
37160396067,Step state: Migratory (fall),Point state: Migratory (fall),Not nesting
37160396068,Step state: Winter,Point state: Winter,Not nesting
37160396069,Step state: Winter,Point state: Winter,Not nesting
37160396070,Step state: Migratory (fall),Point state: Migratory (fall),Not nesting
37160396071,Step state: Migratory (fall),Point state: Migratory (fall),Not nesting
37160396073,Step state: Migratory (fall),Point state: Migratory (fall),Not nesting
37160396074,Step state: Winter,Point state: Winter,Not nesting
37160396075,Step state: Migratory (fall),Point state: Migratory (fall),Not nesting
37160396076,Step state: Winter,Point state: Winter,Not nesting
37160396077,Step state: Migratory (fall),Point state: Migratory (fall),Not nesting
37160396078,Step state: Winter,Point state: Winter,Not nesting
37160396079,Step state: Winter,Point state: Winter,Not nesting
37160396080,Step state: Migratory (fall),Point state: Migratory (fall),Not nesting
37160396081,Step state: Migratory (fall),Point state: Migratory (fall),Not nesting
37160396083,Step state: Migratory (fall),Point state: Migratory (fall),Not nesting
37160396084,Step state: Winter,Point state: Winter,Not nesting
37160396085,Step state: Migratory (fall),Point state: Migratory (fall),Not nesting
37160396086,Step state: Migratory (fall),Point state: Migratory (fall),Not nesting
37160396087,Step state: Winter,Point state: Winter,Not nesting
37160396088,Step state: Migratory (fall),Point state: Migratory (fall),Not nesting
37160396089,Step state: Winter,Point state: Winter,Not nesting
37160396090,Step state: Winter,Point state: Winter,Not nesting
37160396091,Step state: Migratory (fall),Point state: Migratory (fall),Not nesting
37160396092,Step state: Migratory (fall),Point state: Migratory (fall),Not nesting
37160396094,Step state: Winter,Point state: Winter,Not nesting
37160396095,Step state: Migratory (fall),Point state: Migratory (fall),Not nesting
37160396096,Step state: Winter,Point state: Winter,Not nesting
37160396097,Step state: Migratory (fall),Point state: Migratory (fall),Not nesting
37160396098,Step state: Winter,Point state: Winter,Not nesting
37160396099,Step state: Winter,Point state: Winter,Not nesting
37160396100,Step state: Migratory (fall),Point state: Migratory (fall),Not nesting
37160396101,Step state: Migratory (fall),Point state: Migratory (fall),Not nesting
37160396103,Step state: Migratory (fall),Point state: Migratory (fall),Not nesting
37160396104,Step state: Winter,Point state: Winter,Not nesting
37160396105,Step state: Migratory (fall),Point state: Migratory (fall),Not nesting
37160396106,Step state: Winter,Point state: Winter,Not nesting
37160396107,Step state: Migratory (fall),Point state: Migratory (fall),Not nesting
37160396108,Step state: Winter,Point state: Winter,Not nesting
37160396109,Step state: Winter,Point state: Winter,Not nesting
37160396110,Step state: Migratory (fall),Point state: Migratory (fall),Not nesting
37160396111,Step state: Migratory (fall),Point state: Migratory (fall),Not nesting
37160396113,Step state: Winter,Point state: Winter,Not nesting
37160396114,Step state: Migratory (fall),Point state: Migratory (fall),Not nesting
37160396115,Step state: Migratory (fall),Point state: Migratory (fall),Not nesting
37160396116,Step state: Winter,Point state: Winter,Not nesting
37160396117,Step state: Winter,Point state: Winter,Not nesting
37160396118,Step state: Winter,Point state: Winter,Not nesting
37160396119,Step state: Migratory (fall),Point state: Migratory (fall),Not nesting
37160396120,Step state: Migratory (fall),Point state: Migratory (fall),Not nesting
37160396122,Step state: Migratory (fall),Point state: Migratory (fall),Not nesting
37160396123,Step state: Winter,Point state: Winter,Not nesting
37160396124,Step state: Migratory (fall),Point state: Migratory (fall),Not nesting
37160396125,Step state: Winter,Point state: Winter,Not nesting
37160396126,Step state: Winter,Point state: Winter,Not nesting
37160396127,Step state: Winter,Point state: Winter,Not nesting
37160396128,Step state: Migratory (fall),Point state: Migratory (fall),Not nesting
37160396129,Step state: Migratory (fall),Point state: Migratory (fall),Not nesting
37160396131,Step state: Migratory (fall),Point state: Migratory (fall),Not nesting
37160396132,Step state: Winter,Point state: Winter,Not nesting
37160396133,Step state: Migratory (fall),Point state: Migratory (fall),Not nesting
37189685599,Step state: Winter,Point state: Winter,Not nesting
37189685600,Step state: Winter,Point state: Winter,Not nesting
37189685601,Step state: Migratory (fall),Point state: Migratory (fall),Not nesting
37189685602,Step state: Winter,Point state: Winter,Not nesting
37189685603,Step state: Migratory (fall),Point state: Migratory (fall),Not nesting
37189685604,Step state: Migratory (fall),Point state: Migratory (fall),Not nesting
37189685605,Step state: Migratory (fall),Point state: Migratory (fall),Not nesting
37189685606,Step state: Migratory (fall),Point state: Migratory (fall),Not nesting
37189685607,Step state: Migratory (fall),Point state: Migratory (fall),Not nesting
37189685608,Step state: Winter,Point state: Winter,Not nesting
37189685609,Step state: Winter,Point state: Winter,Not nesting
37189685610,Step state: Migratory (fall),Point state: Migratory (fall),Not nesting
37189685611,Step state: Migratory (fall),Point state: Migratory (fall),Not nesting
37189685613,Step state: Migratory (fall),Point state: Migratory (fall),Not nesting
37189685614,Step state: Winter,Point state: Winter,Not nesting
37189685615,Step state: Migratory (fall),Point state: Migratory (fall),Not nesting
37189685616,Step state: Migratory (fall),Point state: Migratory (fall),Not nesting
37189685617,Step state: Winter,Point state: Winter,Not nesting
37189685618,Step state: Winter,Point state: Winter,Not nesting
37189685619,Step state: Migratory (fall),Point state: Migratory (fall),Not nesting
37189685620,Step state: Migratory (fall),Point state: Migratory (fall),Not nesting
37189685622,Step state: Migratory (fall),Point state: Migratory (fall),Not nesting
37189685623,Step state: Winter,Point state: Winter,Not nesting
37214693710,Step state: Summer,Point state: Summer,Not nesting
37214693711,Step state: Summer,Point state: Summer,Not nesting
37214693712,Step state: Migratory (fall),Point state: Summer,Not nesting
37214693713,Step state: Winter,Point state: Winter,Not nesting
37214693714,Step state: Migratory (fall),Point state: Migratory (fall),Not nesting
37214693715,Step state: Winter,Point state: Winter,Not nesting
37214693716,Step state: Migratory (fall),Point state: Migratory (fall),Not nesting
37214693717,Step state: Winter,Point state: Winter,Not nesting
37214693718,Step state: Migratory (fall),Point state: Migratory (fall),Not nesting
37214693719,Step state: Winter,Point state: Winter,Not nesting
37214693720,Step state: Winter,Point state: Winter,Not nesting
37214693721,Step state: Migratory (fall),Point state: Migratory (fall),Not nesting
37214693723,Step state: Winter,Point state: Winter,Not nesting
37214693724,Step state: Winter,Point state: Winter,Not nesting
37214693725,Step state: Winter,Point state: Winter,Not nesting
37214693726,Step state: Winter,Point state: Winter,Not nesting
37214693727,Step state: Migratory (fall),Point state: Migratory (fall),Not nesting
37214693728,Step state: Winter,Point state: Winter,Not nesting
37214693729,Step state: Winter,Point state: Winter,Not nesting
37214693730,Step state: Migratory (fall),Point state: Migratory (fall),Not nesting
37214693732,Step state: Winter,Point state: Winter,Not nesting
37214693733,Step state: Winter,Point state: Winter,Not nesting
37260946503,Step state: Summer,Point state: Summer,Not nesting
37260946504,Step state: Summer,Point state: Summer,Not nesting
37260946505,Step state: Summer,Point state: Summer,Not nesting
37260946506,Step state: Summer,Point state: Summer,Not nesting
37260946507,Step state: Migratory (fall),Point state: Summer,Not nesting
37260946508,Step state: Migratory (fall),Point state: Summer,Not nesting
37260946509,Step state: Migratory (fall),Point state: Summer,Not nesting
37260946510,Step state: Migratory (fall),Point state: Summer,Not nesting
37260946511,Step state: Migratory (fall),Point state: Summer,Not nesting
37260946512,Step state: Winter,Point state: Winter,Not nesting
37260946513,Step state: Winter,Point state: Winter,Not nesting
37260946514,Step state: Winter,Point state: Winter,Not nesting
37260946515,Step state: Winter,Point state: Winter,Not nesting
37260946516,Step state: Winter,Point state: Winter,Not nesting
37260946517,Step state: Migratory (fall),Point state: Migratory (fall),Not nesting
37260946518,Step state: Migratory (fall),Point state: Migratory (fall),Not nesting
37260946519,Step state: Migratory (fall),Point state: Migratory (fall),Not nesting
37260946520,Step state: Winter,Point state: Winter,Not nesting
37260946521,Step state: Winter,Point state: Winter,Not nesting
37260946522,Step state: Winter,Point state: Winter,Not nesting
37260946523,Step state: Winter,Point state: Winter,Not nesting
37260946524,Step state: Winter,Point state: Winter,Not nesting
37260946525,Step state: Winter,Point state: Winter,Not nesting
37260946526,Step state: Winter,Point state: Winter,Not nesting
37260946527,Step state: Migratory (fall),Point state: Migratory (fall),Not nesting
37260946528,Step state: Migratory (fall),Point state: Migratory (fall),Not nesting
37260946529,Step state: Migratory (fall),Point state: Migratory (fall),Not nesting
37260946530,Step state: Winter,Point state: Winter,Not nesting
37260946531,Step state: Winter,Point state: Winter,Not nesting
37260946532,Step state: Winter,Point state: Winter,Not nesting
37260946533,Step state: Winter,Point state: Winter,Not nesting
37260946534,Step state: Winter,Point state: Winter,Not nesting
37260946535,Step state: Winter,Point state: Winter,Not nesting
37260946536,Step state: Winter,Point state: Winter,Not nesting
37260946537,Step state: Migratory (fall),Point state: Migratory (fall),Not nesting
37260946538,Step state: Migratory (fall),Point state: Migratory (fall),Not nesting
37260946539,Step state: Winter,Point state: Winter,Not nesting
37260946540,Step state: Winter,Point state: Winter,Not nesting
37260946541,Step state: Winter,Point state: Winter,Not nesting
37260946542,Step state: Migratory (fall),Point state: Migratory (fall),Not nesting
37260946543,Step state: Migratory (fall),Point state: Migratory (fall),Not nesting
37260946545,Step state: Migratory (fall),Point state: Migratory (fall),Not nesting
37260946546,Step state: Winter,Point state: Winter,Not nesting
37260946547,Step state: Winter,Point state: Winter,Not nesting
37260946548,Step state: Winter,Point state: Winter,Not nesting
37260946549,Step state: Winter,Point state: Winter,Not nesting
37260946550,Step state: Winter,Point state: Winter,Not nesting
37260946551,Step state: Winter,Point state: Winter,Not nesting
37260946552,Step state: Winter,Point state: Winter,Not nesting
37260946553,Step state: Winter,Point state: Winter,Not nesting
37260946554,Step state: Migratory (fall),Point state: Migratory (fall),Not nesting
37260946555,Step state: Migratory (fall),Point state: Migratory (fall),Not nesting
37260946556,Step state: Winter,Point state: Winter,Not nesting
37260946557,Step state: Migratory (fall),Point state: Migratory (fall),Not nesting
37260946558,Step state: Winter,Point state: Winter,Not nesting
37260946559,Step state: Winter,Point state: Winter,Not nesting
37260946560,Step state: Migratory (fall),Point state: Migratory (fall),Not nesting
37260946561,Step state: Migratory (fall),Point state: Migratory (fall),Not nesting
37260946563,Step state: Migratory (fall),Point state: Migratory (fall),Not nesting
37260946564,Step state: Winter,Point state: Winter,Not nesting
37260946565,Step state: Winter,Point state: Winter,Not nesting
37260946566,Step state: Winter,Point state: Winter,Not nesting
37260946567,Step state: Migratory (fall),Point state: Migratory (fall),Not nesting
37260946568,Step state: Migratory (fall),Point state: Migratory (fall),Not nesting
37260946569,Step state: Migratory (fall),Point state: Migratory (fall),Not nesting
37260946570,Step state: Winter,Point state: Winter,Not nesting
37260946571,Step state: Migratory (fall),Point state: Migratory (fall),Not nesting
37260946572,Step state: Migratory (fall),Point state: Migratory (fall),Not nesting
37298815515,Step state: Winter,Point state: Winter,Not nesting
37298815516,Step state: Winter,Point state: Winter,Not nesting
37298815517,Step state: Winter,Point state: Winter,Not nesting
37298815518,Step state: Winter,Point state: Winter,Not nesting
37298815519,Step state: Winter,Point state: Winter,Not nesting
37298815520,Step state: Winter,Point state: Winter,Not nesting
37298815521,Step state: Winter,Point state: Winter,Not nesting
37298815522,Step state: Winter,Point state: Winter,Not nesting
37298815523,Step state: Winter,Point state: Winter,Not nesting
37298815524,Step state: Winter,Point state: Winter,Not nesting
37298815525,Step state: Winter,Point state: Winter,Not nesting
37298815526,Step state: Winter,Point state: Winter,Not nesting
37298815527,Step state: Winter,Point state: Winter,Not nesting
37298815528,Step state: Winter,Point state: Winter,Not nesting
37298815529,Step state: Winter,Point state: Winter,Not nesting
37298815530,Step state: Winter,Point state: Winter,Not nesting
37298815531,Step state: Winter,Point state: Winter,Not nesting
37298815532,Step state: Winter,Point state: Winter,Not nesting
37298815533,Step state: Migratory (spring),Point state: Winter,Not nesting
37298815534,Step state: Winter,Point state: Winter,Not nesting
37298815535,Step state: Winter,Point state: Winter,Not nesting
37298815536,Step state: Winter,Point state: Winter,Not nesting
37298815537,Step state: Winter,Point state: Winter,Not nesting
37298815538,Step state: Winter,Point state: Winter,Not nesting
37298815539,Step state: Winter,Point state: Winter,Not nesting
37298815540,Step state: Migratory (fall),Point state: Migratory (fall),Not nesting
37298815541,Step state: Winter,Point state: Winter,Not nesting
37298815542,Step state: Winter,Point state: Winter,Not nesting
37298815543,Step state: Winter,Point state: Winter,Not nesting
37298815544,Step state: Winter,Point state: Winter,Not nesting
37298815545,Step state: Migratory (fall),Point state: Migratory (fall),Not nesting
37298815547,Step state: Winter,Point state: Winter,Not nesting
37298815548,Step state: Winter,Point state: Winter,Not nesting
37298815549,Step state: Winter,Point state: Winter,Not nesting
37298815550,Step state: Winter,Point state: Winter,Not nesting
37298815551,Step state: Winter,Point state: Winter,Not nesting
37298815552,Step state: Winter,Point state: Winter,Not nesting
37298815553,Step state: Winter,Point state: Winter,Not nesting
37298815554,Step state: Winter,Point state: Winter,Not nesting
37298815555,Step state: Winter,Point state: Winter,Not nesting
37298815556,Step state: Winter,Point state: Winter,Not nesting
37298815557,Step state: Winter,Point state: Winter,Not nesting
37298815558,Step state: Migratory (fall),Point state: Migratory (fall),Not nesting
37298815559,Step state: Winter,Point state: Winter,Not nesting
37298815560,Step state: Migratory (fall),Point state: Migratory (fall),Not nesting
37298815561,Step state: Winter,Point state: Winter,Not nesting
37298815562,Step state: Winter,Point state: Winter,Not nesting
37298815563,Step state: Migratory (fall),Point state: Migratory (fall),Not nesting
37298815565,Step state: Winter,Point state: Winter,Not nesting
37298815566,Step state: Winter,Point state: Winter,Not nesting
37298815567,Step state: Winter,Point state: Winter,Not nesting
37298815568,Step state: Winter,Point state: Winter,Not nesting
37298815569,Step state: Winter,Point state: Winter,Not nesting
37298815570,Step state: Winter,Point state: Winter,Not nesting
37298815571,Step state: Winter,Point state: Winter,Not nesting
37298815572,Step state: Winter,Point state: Winter,Not nesting
37298815573,Step state: Winter,Point state: Winter,Not nesting
37298815574,Step state: Winter,Point state: Winter,Not nesting
37298815575,Step state: Winter,Point state: Winter,Not nesting
37298815576,Step state: Migratory (fall),Point state: Migratory (fall),Not nesting
37298815577,Step state: Winter,Point state: Winter,Not nesting
37298815578,Step state: Winter,Point state: Winter,Not nesting
37298815579,Step state: Migratory (fall),Point state: Migratory (fall),Not nesting
37298815580,Step state: Winter,Point state: Winter,Not nesting
37298815581,Step state: Winter,Point state: Winter,Not nesting
37298815582,Step state: Migratory (fall),Point state: Migratory (fall),Not nesting
37298815583,Step state: Migratory (fall),Point state: Migratory (fall),Not nesting
37298815584,Step state: Winter,Point state: Winter,Not nesting
37298815585,Step state: Winter,Point state: Winter,Not nesting
37298815586,Step state: Winter,Point state: Winter,Not nesting
37298815587,Step state: Winter,Point state: Winter,Not nesting
37298815588,Step state: Winter,Point state: Winter,Not nesting
37298815589,Step state: Migratory (fall),Point state: Migratory (fall),Not nesting
37298815590,Step state: Winter,Point state: Winter,Not nesting
37298815591,Step state: Winter,Point state: Winter,Not nesting
37298815592,Step state: Winter,Point state: Winter,Not nesting
37298815593,Step state: Winter,Point state: Winter,Not nesting
37298815594,Step state: Migratory (fall),Point state: Migratory (fall),Not nesting
37298815595,Step state: Migratory (fall),Point state: Migratory (fall),Not nesting
37298815596,Step state: Winter,Point state: Winter,Not nesting
37349173511,Step state: Winter,Point state: Winter,Not nesting
37349173512,Step state: Winter,Point state: Winter,Not nesting
37349173514,Step state: Winter,Point state: Winter,Not nesting
37349173516,Step state: Migratory (fall),Point state: Migratory (fall),Not nesting
37349173517,Step state: Winter,Point state: Winter,Not nesting
37349173518,Step state: Winter,Point state: Winter,Not nesting
37349173519,Step state: Migratory (fall),Point state: Migratory (fall),Not nesting
37349173520,Step state: Winter,Point state: Winter,Not nesting
37349173521,Step state: Winter,Point state: Winter,Not nesting
37349173522,Step state: Migratory (fall),Point state: Migratory (fall),Not nesting
37349173523,Step state: Migratory (fall),Point state: Migratory (fall),Not nesting
37349173525,Step state: Winter,Point state: Winter,Not nesting
37349173526,Step state: Migratory (fall),Point state: Migratory (fall),Not nesting
37349173527,Step state: Winter,Point state: Winter,Not nesting
37349173528,Step state: Migratory (fall),Point state: Migratory (fall),Not nesting
37349173529,Step state: Winter,Point state: Winter,Not nesting
37349173530,Step state: Winter,Point state: Winter,Not nesting
37349173531,Step state: Migratory (fall),Point state: Migratory (fall),Not nesting
37349173532,Step state: Migratory (fall),Point state: Migratory (fall),Not nesting
37349173534,Step state: Winter,Point state: Winter,Not nesting
37349173535,Step state: Migratory (fall),Point state: Migratory (fall),Not nesting
37349173536,Step state: Winter,Point state: Winter,Not nesting
37349173537,Step state: Migratory (fall),Point state: Migratory (fall),Not nesting
37349173538,Step state: Winter,Point state: Winter,Not nesting
37349173539,Step state: Winter,Point state: Winter,Not nesting
37349173540,Step state: Migratory (fall),Point state: Migratory (fall),Not nesting
37349173541,Step state: Migratory (fall),Point state: Migratory (fall),Not nesting
37349173543,Step state: Winter,Point state: Winter,Not nesting
37349173544,Step state: Migratory (fall),Point state: Migratory (fall),Not nesting
37349173545,Step state: Winter,Point state: Winter,Not nesting
37349173546,Step state: Migratory (fall),Point state: Migratory (fall),Not nesting
37349173547,Step state: Winter,Point state: Winter,Not nesting
37349173548,Step state: Winter,Point state: Winter,Not nesting
37349173549,Step state: Migratory (fall),Point state: Migratory (fall),Not nesting
37349173550,Step state: Migratory (fall),Point state: Migratory (fall),Not nesting
37349173552,Step state: Winter,Point state: Winter,Not nesting
37392449412,Step state: Winter,Point state: Winter,Not nesting
37392449413,Step state: Winter,Point state: Winter,Not nesting
37392449414,Step state: Winter,Point state: Winter,Not nesting
37392449415,Step state: Winter,Point state: Winter,Not nesting
37392449416,Step state: Winter,Point state: Winter,Not nesting
37392449417,Step state: Migratory (fall),Point state: Migratory (fall),Not nesting
37392449418,Step state: Winter,Point state: Winter,Not nesting
37392449419,Step state: Winter,Point state: Winter,Not nesting
37392449420,Step state: Migratory (fall),Point state: Migratory (fall),Not nesting
37392449421,Step state: Winter,Point state: Winter,Not nesting
37392449422,Step state: Winter,Point state: Winter,Not nesting
37392449423,Step state: Migratory (fall),Point state: Migratory (fall),Not nesting
37392449424,Step state: Migratory (fall),Point state: Migratory (fall),Not nesting
37392449426,Step state: Winter,Point state: Winter,Not nesting
37392449427,Step state: Migratory (fall),Point state: Migratory (fall),Not nesting
37392449428,Step state: Winter,Point state: Winter,Not nesting
37392449429,Step state: Winter,Point state: Winter,Not nesting
37392449430,Step state: Migratory (fall),Point state: Migratory (fall),Not nesting
37392449431,Step state: Winter,Point state: Winter,Not nesting
37392449432,Step state: Winter,Point state: Winter,Not nesting
37392449433,Step state: Migratory (fall),Point state: Migratory (fall),Not nesting
37392449434,Step state: Migratory (fall),Point state: Migratory (fall),Not nesting
37392449436,Step state: Winter,Point state: Winter,Not nesting
37392449437,Step state: Winter,Point state: Winter,Not nesting
37392449438,Step state: Winter,Point state: Winter,Not nesting
37392449439,Step state: Migratory (fall),Point state: Migratory (fall),Not nesting
37392449440,Step state: Winter,Point state: Winter,Not nesting
37392449441,Step state: Migratory (fall),Point state: Migratory (fall),Not nesting
37449098901,Step state: Winter,Point state: Winter,Not nesting
37449098902,Step state: Winter,Point state: Winter,Not nesting
37449098903,Step state: Winter,Point state: Winter,Not nesting
37449098904,Step state: Migratory (fall),Point state: Migratory (fall),Not nesting
37449098905,Step state: Winter,Point state: Winter,Not nesting
37449098906,Step state: Winter,Point state: Winter,Not nesting
37449098907,Step state: Winter,Point state: Winter,Not nesting
37449098908,Step state: Winter,Point state: Winter,Not nesting
37449098909,Step state: Migratory (fall),Point state: Migratory (fall),Not nesting
37449098910,Step state: Migratory (fall),Point state: Migratory (fall),Not nesting
37449098912,Step state: Winter,Point state: Winter,Not nesting
37449098913,Step state: Migratory (fall),Point state: Migratory (fall),Not nesting
37449098914,Step state: Winter,Point state: Winter,Not nesting
37449098915,Step state: Winter,Point state: Winter,Not nesting
37449098916,Step state: Winter,Point state: Winter,Not nesting
37449098917,Step state: Winter,Point state: Winter,Not nesting
37449098918,Step state: Migratory (fall),Point state: Migratory (fall),Not nesting
37449098919,Step state: Migratory (fall),Point state: Migratory (fall),Not nesting
37449098921,Step state: Winter,Point state: Winter,Not nesting
37449098922,Step state: Winter,Point state: Winter,Not nesting
37449098923,Step state: Winter,Point state: Winter,Not nesting
37449098924,Step state: Migratory (fall),Point state: Migratory (fall),Not nesting
37449098925,Step state: Winter,Point state: Winter,Not nesting
37449098926,Step state: Winter,Point state: Winter,Not nesting
37449098927,Step state: Migratory (fall),Point state: Migratory (fall),Not nesting
37449098928,Step state: Winter,Point state: Winter,Not nesting
37449098929,Step state: Winter,Point state: Winter,Not nesting
37449098930,Step state: Migratory (fall),Point state: Migratory (fall),Not nesting
37449098931,Step state: Migratory (fall),Point state: Migratory (fall),Not nesting
37449098933,Step state: Winter,Point state: Winter,Not nesting
37449098934,Step state: Winter,Point state: Winter,Not nesting
37449098935,Step state: Winter,Point state: Winter,Not nesting
37449098936,Step state: Winter,Point state: Winter,Not nesting
37449098937,Step state: Winter,Point state: Winter,Not nesting
37449098938,Step state: Winter,Point state: Winter,Not nesting
37449098939,Step state: Winter,Point state: Winter,Not nesting
37449098940,Step state: Winter,Point state: Winter,Not nesting
37449098941,Step state: Winter,Point state: Winter,Not nesting
37449098942,Step state: Winter,Point state: Winter,Not nesting
37449098943,Step state: Winter,Point state: Winter,Not nesting
37449098944,Step state: Winter,Point state: Winter,Not nesting
37449098945,Step state: Winter,Point state: Winter,Not nesting
37449098946,Step state: Winter,Point state: Winter,Not nesting
37449098947,Step state: Winter,Point state: Winter,Not nesting
37449098948,Step state: Winter,Point state: Winter,Not nesting
37449098949,Step state: Winter,Point state: Winter,Not nesting
37449098950,Step state: Winter,Point state: Winter,Not nesting
37449098951,Step state: Winter,Point state: Winter,Not nesting
37449098952,Step state: Winter,Point state: Winter,Not nesting
37449098953,Step state: Winter,Point state: Winter,Not nesting
37449098954,Step state: Winter,Point state: Winter,Not nesting
37449098955,Step state: Winter,Point state: Winter,Not nesting
37449098956,Step state: Winter,Point state: Winter,Not nesting
37449098957,Step state: Winter,Point state: Winter,Not nesting
37449098958,Step state: Winter,Point state: Winter,Not nesting
37449098959,Step state: Winter,Point state: Winter,Not nesting
37449098960,Step state: Winter,Point state: Winter,Not nesting
37449098961,Step state: Winter,Point state: Winter,Not nesting
37449098962,Step state: Winter,Point state: Winter,Not nesting
37449098963,Step state: Winter,Point state: Winter,Not nesting
37449098964,Step state: Winter,Point state: Winter,Not nesting
37449098965,Step state: Winter,Point state: Winter,Not nesting
37449098966,Step state: Winter,Point state: Winter,Not nesting
37449098967,Step state: Winter,Point state: Winter,Not nesting
37449098968,Step state: Migratory (fall),Point state: Migratory (fall),Not nesting
37449098969,Step state: Winter,Point state: Winter,Not nesting
37449098970,Step state: Migratory (fall),Point state: Migratory (fall),Not nesting
37449098971,Step state: Winter,Point state: Winter,Not nesting
37449098972,Step state: Winter,Point state: Winter,Not nesting
37449098973,Step state: Migratory (fall),Point state: Migratory (fall),Not nesting
37449098974,Step state: Migratory (fall),Point state: Migratory (fall),Not nesting
37449098976,Step state: Winter,Point state: Winter,Not nesting
37449098977,Step state: Winter,Point state: Winter,Not nesting
37449098978,Step state: Winter,Point state: Winter,Not nesting
37449098979,Step state: Winter,Point state: Winter,Not nesting
37449098980,Step state: Winter,Point state: Winter,Not nesting
37449098981,Step state: Winter,Point state: Winter,Not nesting
37449098982,Step state: Winter,Point state: Winter,Not nesting
37449098983,Step state: Winter,Point state: Winter,Not nesting
37449098984,Step state: Winter,Point state: Winter,Not nesting
37449098985,Step state: Winter,Point state: Winter,Not nesting
37449098986,Step state: Winter,Point state: Winter,Not nesting
37449098987,Step state: Winter,Point state: Winter,Not nesting
37449098988,Step state: Winter,Point state: Winter,Not nesting
37449098989,Step state: Winter,Point state: Winter,Not nesting
37449098990,Step state: Winter,Point state: Winter,Not nesting
37449098991,Step state: Winter,Point state: Winter,Not nesting
37449098992,Step state: Winter,Point state: Winter,Not nesting
37449098993,Step state: Winter,Point state: Winter,Not nesting
37449098994,Step state: Winter,Point state: Winter,Not nesting
37449098995,Step state: Winter,Point state: Winter,Not nesting
37449098996,Step state: Winter,Point state: Winter,Not nesting
37449098997,Step state: Winter,Point state: Winter,Not nesting
37449098998,Step state: Winter,Point state: Winter,Not nesting
37449098999,Step state: Winter,Point state: Winter,Not nesting
37449099000,Step state: Winter,Point state: Winter,Not nesting
37449099001,Step state: Winter,Point state: Winter,Not nesting
37449099002,Step state: Winter,Point state: Winter,Not nesting
37449099003,Step state: Winter,Point state: Winter,Not nesting
37449099004,Step state: Winter,Point state: Winter,Not nesting
37449099005,Step state: Winter,Point state: Winter,Not nesting
37449099006,Step state: Winter,Point state: Winter,Not nesting
37449099007,Step state: Winter,Point state: Winter,Not nesting
37449099008,Step state: Winter,Point state: Winter,Not nesting
37449099009,Step state: Winter,Point state: Winter,Not nesting
37449099010,Step state: Winter,Point state: Winter,Not nesting
37449099011,Step state: Winter,Point state: Winter,Not nesting
37449099012,Step state: Winter,Point state: Winter,Not nesting
37449099013,Step state: Winter,Point state: Winter,Not nesting
37449099014,Step state: Winter,Point state: Winter,Not nesting
37449099015,Step state: Winter,Point state: Winter,Not nesting
37449099016,Step state: Winter,Point state: Winter,Not nesting
37449099017,Step state: Winter,Point state: Winter,Not nesting
37449099018,Step state: Migratory (fall),Point state: Migratory (fall),Not nesting
37449099019,Step state: Winter,Point state: Winter,Not nesting
37449099020,Step state: Winter,Point state: Winter,Not nesting
37449099021,Step state: Migratory (fall),Point state: Migratory (fall),Not nesting
37449099022,Step state: Migratory (fall),Point state: Migratory (fall),Not nesting
37449099024,Step state: Winter,Point state: Winter,Not nesting
37449099025,Step state: Winter,Point state: Winter,Not nesting
37449099026,Step state: Winter,Point state: Winter,Not nesting
37449099027,Step state: Winter,Point state: Winter,Not nesting
37449099028,Step state: Winter,Point state: Winter,Not nesting
37449099029,Step state: Winter,Point state: Winter,Not nesting
37449099030,Step state: Winter,Point state: Winter,Not nesting
37449099031,Step state: Winter,Point state: Winter,Not nesting
37449099032,Step state: Winter,Point state: Winter,Not nesting
37449099033,Step state: Winter,Point state: Winter,Not nesting
37449099034,Step state: Winter,Point state: Winter,Not nesting
37449099035,Step state: Winter,Point state: Winter,Not nesting
37449099036,Step state: Winter,Point state: Winter,Not nesting
37449099037,Step state: Winter,Point state: Winter,Not nesting
37449099038,Step state: Winter,Point state: Winter,Not nesting
37449099039,Step state: Winter,Point state: Winter,Not nesting
37449099040,Step state: Winter,Point state: Winter,Not nesting
37449099041,Step state: Winter,Point state: Winter,Not nesting
37449099042,Step state: Winter,Point state: Winter,Not nesting
37449099043,Step state: Winter,Point state: Winter,Not nesting
37449099044,Step state: Winter,Point state: Winter,Not nesting
37449099045,Step state: Winter,Point state: Winter,Not nesting
37449099046,Step state: Winter,Point state: Winter,Not nesting
37449099047,Step state: Winter,Point state: Winter,Not nesting
37449099048,Step state: Winter,Point state: Winter,Not nesting
37449099049,Step state: Winter,Point state: Winter,Not nesting
37449099050,Step state: Winter,Point state: Winter,Not nesting
37449099051,Step state: Winter,Point state: Winter,Not nesting
37449099052,Step state: Winter,Point state: Winter,Not nesting
37449099053,Step state: Winter,Point state: Winter,Not nesting
37449099054,Step state: Winter,Point state: Winter,Not nesting
37449099055,Step state: Winter,Point state: Winter,Not nesting
37449099056,Step state: Winter,Point state: Winter,Not nesting
37449099057,Step state: Winter,Point state: Winter,Not nesting
37449099058,Step state: Winter,Point state: Winter,Not nesting
37449099059,Step state: Winter,Point state: Winter,Not nesting
37449099060,Step state: Winter,Point state: Winter,Not nesting
37449099061,Step state: Winter,Point state: Winter,Not nesting
37449099062,Step state: Winter,Point state: Winter,Not nesting
37449099063,Step state: Winter,Point state: Winter,Not nesting
37449099064,Step state: Winter,Point state: Winter,Not nesting
37449099065,Step state: Winter,Point state: Winter,Not nesting
37449099066,Step state: Winter,Point state: Winter,Not nesting
37449099067,Step state: Winter,Point state: Winter,Not nesting
37449099068,Step state: Winter,Point state: Winter,Not nesting
37449099069,Step state: Winter,Point state: Winter,Not nesting
37449099070,Step state: Winter,Point state: Winter,Not nesting
37449099071,Step state: Winter,Point state: Winter,Not nesting
37449099072,Step state: Winter,Point state: Winter,Not nesting
37449099073,Step state: Winter,Point state: Winter,Not nesting
37449099074,Step state: Winter,Point state: Winter,Not nesting
37449099075,Step state: Winter,Point state: Winter,Not nesting
37449099076,Step state: Winter,Point state: Winter,Not nesting
37449099077,Step state: Winter,Point state: Winter,Not nesting
37449099078,Step state: Winter,Point state: Winter,Not nesting
37449099079,Step state: Winter,Point state: Winter,Not nesting
37449099080,Step state: Winter,Point state: Winter,Not nesting
37449099081,Step state: Winter,Point state: Winter,Not nesting
37449099082,Step state: Winter,Point state: Winter,Not nesting
37449099083,Step state: Winter,Point state: Winter,Not nesting
37449099084,Step state: Winter,Point state: Winter,Not nesting
37449099085,Step state: Winter,Point state: Winter,Not nesting
37449099086,Step state: Winter,Point state: Winter,Not nesting
37449099087,Step state: Winter,Point state: Winter,Not nesting
37449099088,Step state: Migratory (fall),Point state: Migratory (fall),Not nesting
37449099089,Step state: Winter,Point state: Winter,Not nesting
37449099090,Step state: Winter,Point state: Winter,Not nesting
37449099091,Step state: Migratory (fall),Point state: Migratory (fall),Not nesting
37449099092,Step state: Migratory (fall),Point state: Migratory (fall),Not nesting
37449099094,Step state: Winter,Point state: Winter,Not nesting
37449099095,Step state: Winter,Point state: Winter,Not nesting
37449099096,Step state: Winter,Point state: Winter,Not nesting
37449099097,Step state: Winter,Point state: Winter,Not nesting
37449099098,Step state: Winter,Point state: Winter,Not nesting
37449099099,Step state: Winter,Point state: Winter,Not nesting
37449099100,Step state: Winter,Point state: Winter,Not nesting
37449099101,Step state: Winter,Point state: Winter,Not nesting
37449099102,Step state: Winter,Point state: Winter,Not nesting
37449099103,Step state: Winter,Point state: Winter,Not nesting
37449099104,Step state: Winter,Point state: Winter,Not nesting
37449099105,Step state: Winter,Point state: Winter,Not nesting
37449099106,Step state: Winter,Point state: Winter,Not nesting
37449099107,Step state: Winter,Point state: Winter,Not nesting
37449099108,Step state: Winter,Point state: Winter,Not nesting
37449099109,Step state: Winter,Point state: Winter,Not nesting
37449099110,Step state: Winter,Point state: Winter,Not nesting
37449099111,Step state: Winter,Point state: Winter,Not nesting
37449099112,Step state: Winter,Point state: Winter,Not nesting
37449099113,Step state: Winter,Point state: Winter,Not nesting
37449099114,Step state: Winter,Point state: Winter,Not nesting
37449099115,Step state: Winter,Point state: Winter,Not nesting
37449099116,Step state: Winter,Point state: Winter,Not nesting
37449099117,Step state: Winter,Point state: Winter,Not nesting
37449099118,Step state: Winter,Point state: Winter,Not nesting
37449099119,Step state: Winter,Point state: Winter,Not nesting
37449099120,Step state: Winter,Point state: Winter,Not nesting
37449099121,Step state: Winter,Point state: Winter,Not nesting
37449099122,Step state: Winter,Point state: Winter,Not nesting
37476346957,Step state: Summer,Point state: Summer,Not nesting
37476346958,Step state: Summer,Point state: Summer,Not nesting
37476346959,Step state: Summer,Point state: Summer,Not nesting
37476346960,Step state: Summer,Point state: Summer,Not nesting
37476346961,Step state: Summer,Point state: Summer,Not nesting
37476346962,Step state: Summer,Point state: Summer,Not nesting
37476346963,Step state: Summer,Point state: Summer,Not nesting
37476346964,Step state: Summer,Point state: Summer,Not nesting
37476346965,Step state: Summer,Point state: Summer,Not nesting
37476346966,Step state: Summer,Point state: Summer,Not nesting
37476346967,Step state: Summer,Point state: Summer,Not nesting
37476346968,Step state: Summer,Point state: Summer,Not nesting
37476346969,Step state: Summer,Point state: Summer,Not nesting
37476346970,Step state: Summer,Point state: Summer,Not nesting
37476346971,Step state: Summer,Point state: Summer,Not nesting
37476346972,Step state: Summer,Point state: Summer,Not nesting
37476346973,Step state: Summer,Point state: Summer,Not nesting
37476346974,Step state: Summer,Point state: Summer,Not nesting
37476346975,Step state: Summer,Point state: Summer,Not nesting
37476346976,Step state: Summer,Point state: Summer,Not nesting
37476346977,Step state: Summer,Point state: Summer,Not nesting
37476346978,Step state: Summer,Point state: Summer,Not nesting
37476346979,Step state: Summer,Point state: Summer,Not nesting
37476346980,Step state: Summer,Point state: Summer,Not nesting
37476346981,Step state: Summer,Point state: Summer,Not nesting
37476346982,Step state: Summer,Point state: Summer,Not nesting
37476346983,Step state: Summer,Point state: Summer,Not nesting
37476346984,Step state: Summer,Point state: Summer,Not nesting
37498773859,Step state: Winter,Point state: Winter,Not nesting
37498773860,Step state: Winter,Point state: Winter,Not nesting
37498773861,Step state: Winter,Point state: Winter,Not nesting
37498773862,Step state: Winter,Point state: Winter,Not nesting
37498773863,Step state: Winter,Point state: Winter,Not nesting
37498773864,Step state: Winter,Point state: Winter,Not nesting
37498773865,Step state: Winter,Point state: Winter,Not nesting
37498773866,Step state: Winter,Point state: Winter,Not nesting
37498773867,Step state: Winter,Point state: Winter,Not nesting
37498773868,Step state: Winter,Point state: Winter,Not nesting
37498773869,Step state: Winter,Point state: Winter,Not nesting
37498773870,Step state: Winter,Point state: Winter,Not nesting
37498773871,Step state: Winter,Point state: Winter,Not nesting
37498773872,Step state: Winter,Point state: Winter,Not nesting
37498773873,Step state: Winter,Point state: Winter,Not nesting
37498773874,Step state: Winter,Point state: Winter,Not nesting
37498773875,Step state: Winter,Point state: Winter,Not nesting
37498773876,Step state: Winter,Point state: Winter,Not nesting
37498773877,Step state: Winter,Point state: Winter,Not nesting
37498773878,Step state: Winter,Point state: Winter,Not nesting
37498773879,Step state: Winter,Point state: Winter,Not nesting
37498773880,Step state: Winter,Point state: Winter,Not nesting
37498773881,Step state: Winter,Point state: Winter,Not nesting
37498773882,Step state: Winter,Point state: Winter,Not nesting
37498773883,Step state: Winter,Point state: Winter,Not nesting
37498773884,Step state: Winter,Point state: Winter,Not nesting
37498773885,Step state: Winter,Point state: Winter,Not nesting
37498773886,Step state: Winter,Point state: Winter,Not nesting
37498773887,Step state: Winter,Point state: Winter,Not nesting
37498773888,Step state: Winter,Point state: Winter,Not nesting
37498773889,Step state: Winter,Point state: Winter,Not nesting
37498773890,Step state: Winter,Point state: Winter,Not nesting
37498773891,Step state: Winter,Point state: Winter,Not nesting
37498773892,Step state: Winter,Point state: Winter,Not nesting
37498773893,Step state: Winter,Point state: Winter,Not nesting
37498773894,Step state: Winter,Point state: Winter,Not nesting
37498773895,Step state: Winter,Point state: Winter,Not nesting
37498773896,Step state: Winter,Point state: Winter,Not nesting
37498773897,Step state: Winter,Point state: Winter,Not nesting
37498773898,Step state: Winter,Point state: Winter,Not nesting
37498773899,Step state: Winter,Point state: Winter,Not nesting
37498773900,Step state: Winter,Point state: Winter,Not nesting
37498773901,Step state: Winter,Point state: Winter,Not nesting
37498773902,Step state: Winter,Point state: Winter,Not nesting
37498773903,Step state: Winter,Point state: Winter,Not nesting
37498773904,Step state: Winter,Point state: Winter,Not nesting
37498773905,Step state: Winter,Point state: Winter,Not nesting
37498773906,Step state: Winter,Point state: Winter,Not nesting
37498773907,Step state: Winter,Point state: Winter,Not nesting
37498773908,Step state: Winter,Point state: Winter,Not nesting
37498773909,Step state: Migratory (fall),Point state: Migratory (fall),Not nesting
37498773910,Step state: Winter,Point state: Winter,Not nesting
37498773911,Step state: Migratory (fall),Point state: Migratory (fall),Not nesting
37498773912,Step state: Migratory (fall),Point state: Migratory (fall),Not nesting
37498773914,Step state: Winter,Point state: Winter,Not nesting
37498773915,Step state: Winter,Point state: Winter,Not nesting
37498773916,Step state: Winter,Point state: Winter,Not nesting
37498773917,Step state: Winter,Point state: Winter,Not nesting
37498773918,Step state: Winter,Point state: Winter,Not nesting
37498773919,Step state: Winter,Point state: Winter,Not nesting
37498773920,Step state: Winter,Point state: Winter,Not nesting
37498773921,Step state: Winter,Point state: Winter,Not nesting
37498773922,Step state: Winter,Point state: Winter,Not nesting
37498773923,Step state: Winter,Point state: Winter,Not nesting
37498773924,Step state: Winter,Point state: Winter,Not nesting
37498773925,Step state: Winter,Point state: Winter,Not nesting
37498773926,Step state: Winter,Point state: Winter,Not nesting
37498773927,Step state: Winter,Point state: Winter,Not nesting
37498773928,Step state: Winter,Point state: Winter,Not nesting
37498773929,Step state: Winter,Point state: Winter,Not nesting
37498773930,Step state: Winter,Point state: Winter,Not nesting
37498773931,Step state: Winter,Point state: Winter,Not nesting
37498773932,Step state: Winter,Point state: Winter,Not nesting
37498773933,Step state: Winter,Point state: Winter,Not nesting
37498773934,Step state: Winter,Point state: Winter,Not nesting
37498773935,Step state: Winter,Point state: Winter,Not nesting
37498773936,Step state: Winter,Point state: Winter,Not nesting
37498773937,Step state: Winter,Point state: Winter,Not nesting
37498773938,Step state: Winter,Point state: Winter,Not nesting
37498773939,Step state: Winter,Point state: Winter,Not nesting
37498773940,Step state: Winter,Point state: Winter,Not nesting
37498773941,Step state: Winter,Point state: Winter,Not nesting
37498773942,Step state: Winter,Point state: Winter,Not nesting
37498773943,Step state: Winter,Point state: Winter,Not nesting
37498773944,Step state: Winter,Point state: Winter,Not nesting
37498773945,Step state: Winter,Point state: Winter,Not nesting
37498773946,Step state: Winter,Point state: Winter,Not nesting
37498773947,Step state: Winter,Point state: Winter,Not nesting
37498773948,Step state: Winter,Point state: Winter,Not nesting
37498773949,Step state: Winter,Point state: Winter,Not nesting
37498773950,Step state: Winter,Point state: Winter,Not nesting
37498773951,Step state: Winter,Point state: Winter,Not nesting
37498773952,Step state: Winter,Point state: Winter,Not nesting
37498773953,Step state: Winter,Point state: Winter,Not nesting
37498773954,Step state: Winter,Point state: Winter,Not nesting
37498773955,Step state: Winter,Point state: Winter,Not nesting
37498773956,Step state: Winter,Point state: Winter,Not nesting
37498773957,Step state: Winter,Point state: Winter,Not nesting
37498773958,Step state: Winter,Point state: Winter,Not nesting
37498773959,Step state: Winter,Point state: Winter,Not nesting
37498773960,Step state: Winter,Point state: Winter,Not nesting
37498773961,Step state: Winter,Point state: Winter,Not nesting
37498773962,Step state: Winter,Point state: Winter,Not nesting
37498773963,Step state: Winter,Point state: Winter,Not nesting
37498773964,Step state: Winter,Point state: Winter,Not nesting
37498773965,Step state: Winter,Point state: Winter,Not nesting
37498773966,Step state: Winter,Point state: Winter,Not nesting
37498773967,Step state: Winter,Point state: Winter,Not nesting
37498773968,Step state: Winter,Point state: Winter,Not nesting
37498773969,Step state: Winter,Point state: Winter,Not nesting
37498773970,Step state: Winter,Point state: Winter,Not nesting
37498773971,Step state: Winter,Point state: Winter,Not nesting
37498773972,Step state: Winter,Point state: Winter,Not nesting
37498773973,Step state: Winter,Point state: Winter,Not nesting
37498773974,Step state: Winter,Point state: Winter,Not nesting
37498773975,Step state: Winter,Point state: Winter,Not nesting
37498773976,Step state: Winter,Point state: Winter,Not nesting
37498773977,Step state: Winter,Point state: Winter,Not nesting
37498773978,Step state: Winter,Point state: Winter,Not nesting
37498773979,Step state: Winter,Point state: Winter,Not nesting
37498773980,Step state: Winter,Point state: Winter,Not nesting
37498773981,Step state: Winter,Point state: Winter,Not nesting
37498773982,Step state: Winter,Point state: Winter,Not nesting
37498773983,Step state: Winter,Point state: Winter,Not nesting
37498773984,Step state: Winter,Point state: Winter,Not nesting
37498773985,Step state: Winter,Point state: Winter,Not nesting
37498773986,Step state: Migratory (fall),Point state: Migratory (fall),Not nesting
37498773987,Step state: Winter,Point state: Winter,Not nesting
37498773988,Step state: Winter,Point state: Winter,Not nesting
37498773989,Step state: Migratory (fall),Point state: Migratory (fall),Not nesting
37498773991,Step state: Winter,Point state: Winter,Not nesting
37498773992,Step state: Winter,Point state: Winter,Not nesting
37498773993,Step state: Winter,Point state: Winter,Not nesting
37498773994,Step state: Winter,Point state: Winter,Not nesting
37498773995,Step state: Winter,Point state: Winter,Not nesting
37498773996,Step state: Winter,Point state: Winter,Not nesting
37498773997,Step state: Winter,Point state: Winter,Not nesting
37498773998,Step state: Winter,Point state: Winter,Not nesting
37498773999,Step state: Winter,Point state: Winter,Not nesting
37498774000,Step state: Winter,Point state: Winter,Not nesting
37498774001,Step state: Winter,Point state: Winter,Not nesting
37498774002,Step state: Winter,Point state: Winter,Not nesting
37498774003,Step state: Winter,Point state: Winter,Not nesting
37498774004,Step state: Winter,Point state: Winter,Not nesting
37498774005,Step state: Winter,Point state: Winter,Not nesting
37498774006,Step state: Winter,Point state: Winter,Not nesting
37498774007,Step state: Winter,Point state: Winter,Not nesting
37498774008,Step state: Winter,Point state: Winter,Not nesting
37498774009,Step state: Winter,Point state: Winter,Not nesting
37498774010,Step state: Winter,Point state: Winter,Not nesting
37498774011,Step state: Winter,Point state: Winter,Not nesting
37498774012,Step state: Winter,Point state: Winter,Not nesting
37498774013,Step state: Winter,Point state: Winter,Not nesting
37498774014,Step state: Winter,Point state: Winter,Not nesting
37498774015,Step state: Winter,Point state: Winter,Not nesting
37498774016,Step state: Winter,Point state: Winter,Not nesting
37498774017,Step state: Winter,Point state: Winter,Not nesting
37498774018,Step state: Winter,Point state: Winter,Not nesting
37498774019,Step state: Winter,Point state: Winter,Not nesting
37498774020,Step state: Winter,Point state: Winter,Not nesting
37498774021,Step state: Winter,Point state: Winter,Not nesting
37498774022,Step state: Winter,Point state: Winter,Not nesting
37498774023,Step state: Winter,Point state: Winter,Not nesting
37498774024,Step state: Winter,Point state: Winter,Not nesting
37498774025,Step state: Winter,Point state: Winter,Not nesting
37498774026,Step state: Winter,Point state: Winter,Not nesting
37498774027,Step state: Winter,Point state: Winter,Not nesting
37498774028,Step state: Winter,Point state: Winter,Not nesting
37498774029,Step state: Winter,Point state: Winter,Not nesting
37498774030,Step state: Winter,Point state: Winter,Not nesting
37498774031,Step state: Winter,Point state: Winter,Not nesting
37498774032,Step state: Winter,Point state: Winter,Not nesting
37498774033,Step state: Winter,Point state: Winter,Not nesting
37498774034,Step state: Winter,Point state: Winter,Not nesting
37498774035,Step state: Winter,Point state: Winter,Not nesting
37498774036,Step state: Winter,Point state: Winter,Not nesting
37498774037,Step state: Winter,Point state: Winter,Not nesting
37498774038,Step state: Winter,Point state: Winter,Not nesting
37498774039,Step state: Winter,Point state: Winter,Not nesting
37498774040,Step state: Winter,Point state: Winter,Not nesting
37498774041,Step state: Winter,Point state: Winter,Not nesting
37498774042,Step state: Winter,Point state: Winter,Not nesting
37498774043,Step state: Winter,Point state: Winter,Not nesting
37498774044,Step state: Winter,Point state: Winter,Not nesting
37498774045,Step state: Winter,Point state: Winter,Not nesting
37498774046,Step state: Winter,Point state: Winter,Not nesting
37498774047,Step state: Winter,Point state: Winter,Not nesting
37498774048,Step state: Winter,Point state: Winter,Not nesting
37498774049,Step state: Winter,Point state: Winter,Not nesting
37498774050,Step state: Winter,Point state: Winter,Not nesting
37498774051,Step state: Winter,Point state: Winter,Not nesting
37498774052,Step state: Winter,Point state: Winter,Not nesting
37498774053,Step state: Winter,Point state: Winter,Not nesting
37498774054,Step state: Winter,Point state: Winter,Not nesting
37498774055,Step state: Winter,Point state: Winter,Not nesting
37498774056,Step state: Winter,Point state: Winter,Not nesting
37498774057,Step state: Winter,Point state: Winter,Not nesting
37498774058,Step state: Winter,Point state: Winter,Not nesting
37498774059,Step state: Winter,Point state: Winter,Not nesting
37498774060,Step state: Winter,Point state: Winter,Not nesting
37498774061,Step state: Migratory (fall),Point state: Migratory (fall),Not nesting
37498774062,Step state: Winter,Point state: Winter,Not nesting
37498774063,Step state: Winter,Point state: Winter,Not nesting
37498774064,Step state: Winter,Point state: Winter,Not nesting
37498774065,Step state: Migratory (fall),Point state: Migratory (fall),Not nesting
37498774067,Step state: Winter,Point state: Winter,Not nesting
37498774068,Step state: Winter,Point state: Winter,Not nesting
37498774069,Step state: Winter,Point state: Winter,Not nesting
37498774070,Step state: Winter,Point state: Winter,Not nesting
37498774071,Step state: Winter,Point state: Winter,Not nesting
37498774072,Step state: Winter,Point state: Winter,Not nesting
37498774073,Step state: Winter,Point state: Winter,Not nesting
37498774074,Step state: Winter,Point state: Winter,Not nesting
37498774075,Step state: Winter,Point state: Winter,Not nesting
37498774076,Step state: Winter,Point state: Winter,Not nesting
37498774077,Step state: Winter,Point state: Winter,Not nesting
37498774078,Step state: Winter,Point state: Winter,Not nesting
37498774079,Step state: Winter,Point state: Winter,Not nesting
37498774080,Step state: Winter,Point state: Winter,Not nesting
37498774081,Step state: Winter,Point state: Winter,Not nesting
37498774082,Step state: Winter,Point state: Winter,Not nesting
37498774083,Step state: Winter,Point state: Winter,Not nesting
37498774084,Step state: Winter,Point state: Winter,Not nesting
37498774085,Step state: Winter,Point state: Winter,Not nesting
37498774086,Step state: Winter,Point state: Winter,Not nesting
37498774087,Step state: Winter,Point state: Winter,Not nesting
37498774088,Step state: Winter,Point state: Winter,Not nesting
37498774089,Step state: Winter,Point state: Winter,Not nesting
37498774090,Step state: Winter,Point state: Winter,Not nesting
37498774091,Step state: Winter,Point state: Winter,Not nesting
37498774092,Step state: Winter,Point state: Winter,Not nesting
37498774093,Step state: Winter,Point state: Winter,Not nesting
37498774094,Step state: Winter,Point state: Winter,Not nesting
37498774095,Step state: Winter,Point state: Winter,Not nesting
37498774096,Step state: Winter,Point state: Winter,Not nesting
37498774097,Step state: Winter,Point state: Winter,Not nesting
37498774098,Step state: Winter,Point state: Winter,Not nesting
37498774099,Step state: Winter,Point state: Winter,Not nesting
37498774100,Step state: Winter,Point state: Winter,Not nesting
37498774101,Step state: Winter,Point state: Winter,Not nesting
37498774102,Step state: Winter,Point state: Winter,Not nesting
37498774103,Step state: Winter,Point state: Winter,Not nesting
37498774104,Step state: Winter,Point state: Winter,Not nesting
37498774105,Step state: Winter,Point state: Winter,Not nesting
37498774106,Step state: Winter,Point state: Winter,Not nesting
37498774107,Step state: Winter,Point state: Winter,Not nesting
37498774108,Step state: Winter,Point state: Winter,Not nesting
37498774109,Step state: Winter,Point state: Winter,Not nesting
37498774110,Step state: Winter,Point state: Winter,Not nesting
37498774111,Step state: Winter,Point state: Winter,Not nesting
37498774112,Step state: Winter,Point state: Winter,Not nesting
37498774113,Step state: Winter,Point state: Winter,Not nesting
37498774114,Step state: Winter,Point state: Winter,Not nesting
37498774115,Step state: Winter,Point state: Winter,Not nesting
37498774116,Step state: Winter,Point state: Winter,Not nesting
37498774117,Step state: Winter,Point state: Winter,Not nesting
37498774118,Step state: Winter,Point state: Winter,Not nesting
37498774119,Step state: Winter,Point state: Winter,Not nesting
37498774120,Step state: Migratory (fall),Point state: Migratory (fall),Not nesting
37498774121,Step state: Winter,Point state: Winter,Not nesting
37498774122,Step state: Winter,Point state: Winter,Not nesting
37498774123,Step state: Winter,Point state: Winter,Not nesting
37498774124,Step state: Migratory (fall),Point state: Migratory (fall),Not nesting
37498774126,Step state: Winter,Point state: Winter,Not nesting
37498774127,Step state: Winter,Point state: Winter,Not nesting
37498774128,Step state: Winter,Point state: Winter,Not nesting
37498774129,Step state: Winter,Point state: Winter,Not nesting
37498774130,Step state: Winter,Point state: Winter,Not nesting
37498774131,Step state: Winter,Point state: Winter,Not nesting
37498774132,Step state: Winter,Point state: Winter,Not nesting
37498774133,Step state: Winter,Point state: Winter,Not nesting
37498774134,Step state: Winter,Point state: Winter,Not nesting
37498774135,Step state: Winter,Point state: Winter,Not nesting
37498774136,Step state: Winter,Point state: Winter,Not nesting
37498774137,Step state: Winter,Point state: Winter,Not nesting
37498774138,Step state: Winter,Point state: Winter,Not nesting
37498774139,Step state: Winter,Point state: Winter,Not nesting
37498774140,Step state: Winter,Point state: Winter,Not nesting
37498774141,Step state: Winter,Point state: Winter,Not nesting
37498774142,Step state: Winter,Point state: Winter,Not nesting
37498774143,Step state: Winter,Point state: Winter,Not nesting
37498774144,Step state: Winter,Point state: Winter,Not nesting
37498774145,Step state: Winter,Point state: Winter,Not nesting
37498774146,Step state: Winter,Point state: Winter,Not nesting
37533441171,Step state: Winter,Point state: Winter,Not nesting
37533441172,Step state: Winter,Point state: Winter,Not nesting
37533441173,Step state: Winter,Point state: Winter,Not nesting
37533441174,Step state: Winter,Point state: Winter,Not nesting
37533441175,Step state: Winter,Point state: Winter,Not nesting
37533441176,Step state: Winter,Point state: Winter,Not nesting
37533441177,Step state: Winter,Point state: Winter,Not nesting
37533441178,Step state: Winter,Point state: Winter,Not nesting
37533441179,Step state: Winter,Point state: Winter,Not nesting
37533441180,Step state: Winter,Point state: Winter,Not nesting
37533441181,Step state: Winter,Point state: Winter,Not nesting
37533441182,Step state: Winter,Point state: Winter,Not nesting
37533441183,Step state: Winter,Point state: Winter,Not nesting
37533441184,Step state: Winter,Point state: Winter,Not nesting
37533441185,Step state: Winter,Point state: Winter,Not nesting
37533441186,Step state: Winter,Point state: Winter,Not nesting
37533441187,Step state: Winter,Point state: Winter,Not nesting
37533441188,Step state: Winter,Point state: Winter,Not nesting
37533441189,Step state: Winter,Point state: Winter,Not nesting
37533441190,Step state: Winter,Point state: Winter,Not nesting
37533441191,Step state: Winter,Point state: Winter,Not nesting
37533441192,Step state: Winter,Point state: Winter,Not nesting
37533441193,Step state: Winter,Point state: Winter,Not nesting
37533441194,Step state: Winter,Point state: Winter,Not nesting
37533441195,Step state: Winter,Point state: Winter,Not nesting
37533441196,Step state: Winter,Point state: Winter,Not nesting
37533441197,Step state: Winter,Point state: Winter,Not nesting
37533441198,Step state: Winter,Point state: Winter,Not nesting
37533441199,Step state: Winter,Point state: Winter,Not nesting
37533441200,Step state: Winter,Point state: Winter,Not nesting
37533441201,Step state: Winter,Point state: Winter,Not nesting
37533441202,Step state: Winter,Point state: Winter,Not nesting
37533441203,Step state: Winter,Point state: Winter,Not nesting
37533441204,Step state: Winter,Point state: Winter,Not nesting
37533441205,Step state: Winter,Point state: Winter,Not nesting
37533441206,Step state: Winter,Point state: Winter,Not nesting
37533441207,Step state: Winter,Point state: Winter,Not nesting
37533441208,Step state: Winter,Point state: Winter,Not nesting
37533441209,Step state: Winter,Point state: Winter,Not nesting
37533441210,Step state: Winter,Point state: Winter,Not nesting
37533441211,Step state: Migratory (fall),Point state: Migratory (fall),Not nesting
37533441213,Step state: Winter,Point state: Winter,Not nesting
37533441214,Step state: Winter,Point state: Winter,Not nesting
37533441215,Step state: Winter,Point state: Winter,Not nesting
37533441216,Step state: Winter,Point state: Winter,Not nesting
37533441217,Step state: Winter,Point state: Winter,Not nesting
37533441218,Step state: Winter,Point state: Winter,Not nesting
37533441219,Step state: Winter,Point state: Winter,Not nesting
37533441220,Step state: Winter,Point state: Winter,Not nesting
37533441221,Step state: Winter,Point state: Winter,Not nesting
37533441222,Step state: Winter,Point state: Winter,Not nesting
37533441223,Step state: Winter,Point state: Winter,Not nesting
37533441224,Step state: Winter,Point state: Winter,Not nesting
37533441225,Step state: Winter,Point state: Winter,Not nesting
37533441226,Step state: Winter,Point state: Winter,Not nesting
37533441227,Step state: Winter,Point state: Winter,Not nesting
37533441228,Step state: Winter,Point state: Winter,Not nesting
37533441229,Step state: Winter,Point state: Winter,Not nesting
37533441230,Step state: Winter,Point state: Winter,Not nesting
37533441231,Step state: Winter,Point state: Winter,Not nesting
37533441232,Step state: Winter,Point state: Winter,Not nesting
37533441233,Step state: Winter,Point state: Winter,Not nesting
37533441234,Step state: Winter,Point state: Winter,Not nesting
37533441235,Step state: Winter,Point state: Winter,Not nesting
37533441236,Step state: Winter,Point state: Winter,Not nesting
37533441237,Step state: Winter,Point state: Winter,Not nesting
37533441238,Step state: Winter,Point state: Winter,Not nesting
37533441239,Step state: Winter,Point state: Winter,Not nesting
37533441240,Step state: Winter,Point state: Winter,Not nesting
37533441241,Step state: Winter,Point state: Winter,Not nesting
37533441242,Step state: Winter,Point state: Winter,Not nesting
37533441243,Step state: Winter,Point state: Winter,Not nesting
37533441244,Step state: Winter,Point state: Winter,Not nesting
37533441245,Step state: Winter,Point state: Winter,Not nesting
37533441246,Step state: Winter,Point state: Winter,Not nesting
37533441247,Step state: Winter,Point state: Winter,Not nesting
37533441248,Step state: Winter,Point state: Winter,Not nesting
37533441249,Step state: Winter,Point state: Winter,Not nesting
37533441250,Step state: Winter,Point state: Winter,Not nesting
37533441251,Step state: Winter,Point state: Winter,Not nesting
37533441252,Step state: Winter,Point state: Winter,Not nesting
37533441253,Step state: Winter,Point state: Winter,Not nesting
37533441254,Step state: Winter,Point state: Winter,Not nesting
37533441255,Step state: Winter,Point state: Winter,Not nesting
37533441256,Step state: Winter,Point state: Winter,Not nesting
37533441257,Step state: Winter,Point state: Winter,Not nesting
37533441258,Step state: Winter,Point state: Winter,Not nesting
37533441259,Step state: Winter,Point state: Winter,Not nesting
37533441260,Step state: Winter,Point state: Winter,Not nesting
37533441261,Step state: Winter,Point state: Winter,Not nesting
37533441262,Step state: Winter,Point state: Winter,Not nesting
37533441263,Step state: Winter,Point state: Winter,Not nesting
37533441264,Step state: Winter,Point state: Winter,Not nesting
37533441265,Step state: Winter,Point state: Winter,Not nesting
37533441266,Step state: Winter,Point state: Winter,Not nesting
37533441267,Step state: Winter,Point state: Winter,Not nesting
37533441268,Step state: Winter,Point state: Winter,Not nesting
37533441269,Step state: Winter,Point state: Winter,Not nesting
37533441270,Step state: Winter,Point state: Winter,Not nesting
37533441271,Step state: Winter,Point state: Winter,Not nesting
37533441272,Step state: Winter,Point state: Winter,Not nesting
37533441273,Step state: Winter,Point state: Winter,Not nesting
37533441274,Step state: Winter,Point state: Winter,Not nesting
37533441275,Step state: Migratory (fall),Point state: Migratory (fall),Not nesting
37533441277,Step state: Winter,Point state: Winter,Not nesting
37533441278,Step state: Winter,Point state: Winter,Not nesting
37533441279,Step state: Winter,Point state: Winter,Not nesting
37533441280,Step state: Winter,Point state: Winter,Not nesting
37533441281,Step state: Winter,Point state: Winter,Not nesting
37533441282,Step state: Winter,Point state: Winter,Not nesting
37533441283,Step state: Winter,Point state: Winter,Not nesting
37533441284,Step state: Winter,Point state: Winter,Not nesting
37533441285,Step state: Winter,Point state: Winter,Not nesting
37533441286,Step state: Winter,Point state: Winter,Not nesting
37533441287,Step state: Winter,Point state: Winter,Not nesting
37533441288,Step state: Winter,Point state: Winter,Not nesting
37533441289,Step state: Winter,Point state: Winter,Not nesting
37533441290,Step state: Winter,Point state: Winter,Not nesting
37533441291,Step state: Winter,Point state: Winter,Not nesting
37533441292,Step state: Winter,Point state: Winter,Not nesting
37533441293,Step state: Winter,Point state: Winter,Not nesting
37533441294,Step state: Winter,Point state: Winter,Not nesting
37533441295,Step state: Winter,Point state: Winter,Not nesting
37533441296,Step state: Winter,Point state: Winter,Not nesting
37533441297,Step state: Winter,Point state: Winter,Not nesting
37533441298,Step state: Winter,Point state: Winter,Not nesting
37533441299,Step state: Winter,Point state: Winter,Not nesting
37533441300,Step state: Winter,Point state: Winter,Not nesting
37533441301,Step state: Winter,Point state: Winter,Not nesting
37533441302,Step state: Winter,Point state: Winter,Not nesting
37533441303,Step state: Winter,Point state: Winter,Not nesting
37533441304,Step state: Winter,Point state: Winter,Not nesting
37533441305,Step state: Winter,Point state: Winter,Not nesting
37533441306,Step state: Winter,Point state: Winter,Not nesting
37533441307,Step state: Winter,Point state: Winter,Not nesting
37533441308,Step state: Winter,Point state: Winter,Not nesting
37533441309,Step state: Winter,Point state: Winter,Not nesting
37533441310,Step state: Winter,Point state: Winter,Not nesting
37533441311,Step state: Winter,Point state: Winter,Not nesting
37533441312,Step state: Winter,Point state: Winter,Not nesting
37533441313,Step state: Winter,Point state: Winter,Not nesting
37533441314,Step state: Winter,Point state: Winter,Not nesting
37533441315,Step state: Winter,Point state: Winter,Not nesting
37533441316,Step state: Winter,Point state: Winter,Not nesting
37533441317,Step state: Winter,Point state: Winter,Not nesting
37533441318,Step state: Winter,Point state: Winter,Not nesting
37533441319,Step state: Winter,Point state: Winter,Not nesting
37533441320,Step state: Winter,Point state: Winter,Not nesting
37533441321,Step state: Winter,Point state: Winter,Not nesting
37533441322,Step state: Winter,Point state: Winter,Not nesting
37533441323,Step state: Winter,Point state: Winter,Not nesting
37533441324,Step state: Winter,Point state: Winter,Not nesting
37533441325,Step state: Winter,Point state: Winter,Not nesting
37533441326,Step state: Winter,Point state: Winter,Not nesting
37533441327,Step state: Winter,Point state: Winter,Not nesting
37533441328,Step state: Winter,Point state: Winter,Not nesting
37533441329,Step state: Winter,Point state: Winter,Not nesting
37533441330,Step state: Winter,Point state: Winter,Not nesting
37533441331,Step state: Winter,Point state: Winter,Not nesting
37533441332,Step state: Winter,Point state: Winter,Not nesting
37533441333,Step state: Winter,Point state: Winter,Not nesting
37533441334,Step state: Winter,Point state: Winter,Not nesting
37533441335,Step state: Winter,Point state: Winter,Not nesting
37533441336,Step state: Winter,Point state: Winter,Not nesting
37533441337,Step state: Winter,Point state: Winter,Not nesting
37533441338,Step state: Winter,Point state: Winter,Not nesting
37533441339,Step state: Winter,Point state: Winter,Not nesting
37533441340,Step state: Winter,Point state: Winter,Not nesting
37533441341,Step state: Winter,Point state: Winter,Not nesting
37533441342,Step state: Winter,Point state: Winter,Not nesting
37533441343,Step state: Winter,Point state: Winter,Not nesting
37533441344,Step state: Winter,Point state: Winter,Not nesting
37533441345,Step state: Winter,Point state: Winter,Not nesting
37533441346,Step state: Winter,Point state: Winter,Not nesting
37533441347,Step state: Winter,Point state: Winter,Not nesting
37533441348,Step state: Winter,Point state: Winter,Not nesting
37533441349,Step state: Winter,Point state: Winter,Not nesting
37533441350,Step state: Winter,Point state: Winter,Not nesting
37533441351,Step state: Winter,Point state: Winter,Not nesting
37533441352,Step state: Winter,Point state: Winter,Not nesting
37533441353,Step state: Winter,Point state: Winter,Not nesting
37533441354,Step state: Winter,Point state: Winter,Not nesting
37533441355,Step state: Winter,Point state: Winter,Not nesting
37533441356,Step state: Winter,Point state: Winter,Not nesting
37533441357,Step state: Winter,Point state: Winter,Not nesting
37533441358,Step state: Winter,Point state: Winter,Not nesting
37533441359,Step state: Winter,Point state: Winter,Not nesting
37533441360,Step state: Winter,Point state: Winter,Not nesting
37575912412,Step state: Winter,Point state: Winter,Not nesting
37575912413,Step state: Winter,Point state: Winter,Not nesting
37575912414,Step state: Winter,Point state: Winter,Not nesting
37575912415,Step state: Winter,Point state: Winter,Not nesting
37575912416,Step state: Winter,Point state: Winter,Not nesting
37575912417,Step state: Winter,Point state: Winter,Not nesting
37575912418,Step state: Winter,Point state: Winter,Not nesting
37575912419,Step state: Winter,Point state: Winter,Not nesting
37575912420,Step state: Winter,Point state: Winter,Not nesting
37575912421,Step state: Winter,Point state: Winter,Not nesting
37575912422,Step state: Winter,Point state: Winter,Not nesting
37575912423,Step state: Winter,Point state: Winter,Not nesting
37575912424,Step state: Winter,Point state: Winter,Not nesting
37575912425,Step state: Winter,Point state: Winter,Not nesting
37575912426,Step state: Winter,Point state: Winter,Not nesting
37575912427,Step state: Winter,Point state: Winter,Not nesting
37575912428,Step state: Migratory (fall),Point state: Migratory (fall),Not nesting
37575912429,Step state: Winter,Point state: Winter,Not nesting
37575912430,Step state: Winter,Point state: Winter,Not nesting
37575912431,Step state: Winter,Point state: Winter,Not nesting
37575912432,Step state: Migratory (fall),Point state: Migratory (fall),Not nesting
37575912434,Step state: Winter,Point state: Winter,Not nesting
37575912435,Step state: Winter,Point state: Winter,Not nesting
37575912436,Step state: Winter,Point state: Winter,Not nesting
37575912437,Step state: Winter,Point state: Winter,Not nesting
37575912438,Step state: Winter,Point state: Winter,Not nesting
37575912439,Step state: Winter,Point state: Winter,Not nesting
37575912440,Step state: Winter,Point state: Winter,Not nesting
37575912441,Step state: Winter,Point state: Winter,Not nesting
37575912442,Step state: Winter,Point state: Winter,Not nesting
37575912443,Step state: Winter,Point state: Winter,Not nesting
37575912444,Step state: Winter,Point state: Winter,Not nesting
37575912445,Step state: Winter,Point state: Winter,Not nesting
37575912446,Step state: Winter,Point state: Winter,Not nesting
37575912447,Step state: Winter,Point state: Winter,Not nesting
37575912448,Step state: Winter,Point state: Winter,Not nesting
37575912449,Step state: Winter,Point state: Winter,Not nesting
37575912450,Step state: Winter,Point state: Winter,Not nesting
37575912451,Step state: Winter,Point state: Winter,Not nesting
37575912452,Step state: Winter,Point state: Winter,Not nesting
37575912453,Step state: Winter,Point state: Winter,Not nesting
37575912454,Step state: Winter,Point state: Winter,Not nesting
37575912455,Step state: Winter,Point state: Winter,Not nesting
37575912456,Step state: Winter,Point state: Winter,Not nesting
37575912457,Step state: Winter,Point state: Winter,Not nesting
37575912458,Step state: Winter,Point state: Winter,Not nesting
37575912459,Step state: Winter,Point state: Winter,Not nesting
37575912460,Step state: Winter,Point state: Winter,Not nesting
37575912461,Step state: Winter,Point state: Winter,Not nesting
37575912462,Step state: Winter,Point state: Winter,Not nesting
37575912463,Step state: Winter,Point state: Winter,Not nesting
37575912464,Step state: Winter,Point state: Winter,Not nesting
37575912465,Step state: Winter,Point state: Winter,Not nesting
37575912466,Step state: Winter,Point state: Winter,Not nesting
37575912467,Step state: Winter,Point state: Winter,Not nesting
37575912468,Step state: Winter,Point state: Winter,Not nesting
37575912469,Step state: Winter,Point state: Winter,Not nesting
37575912470,Step state: Winter,Point state: Winter,Not nesting
37575912471,Step state: Winter,Point state: Winter,Not nesting
37575912472,Step state: Winter,Point state: Winter,Not nesting
37575912473,Step state: Winter,Point state: Winter,Not nesting
37575912474,Step state: Migratory (fall),Point state: Migratory (fall),Not nesting
37575912475,Step state: Winter,Point state: Winter,Not nesting
37575912476,Step state: Winter,Point state: Winter,Not nesting
37575912477,Step state: Winter,Point state: Winter,Not nesting
37575912479,Step state: Winter,Point state: Winter,Not nesting
37575912480,Step state: Winter,Point state: Winter,Not nesting
37575912481,Step state: Winter,Point state: Winter,Not nesting
37575912482,Step state: Winter,Point state: Winter,Not nesting
37575912483,Step state: Winter,Point state: Winter,Not nesting
37575912484,Step state: Winter,Point state: Winter,Not nesting
37575912485,Step state: Winter,Point state: Winter,Not nesting
37575912486,Step state: Winter,Point state: Winter,Not nesting
37575912487,Step state: Winter,Point state: Winter,Not nesting
37575912488,Step state: Winter,Point state: Winter,Not nesting
37575912489,Step state: Winter,Point state: Winter,Not nesting
37575912490,Step state: Winter,Point state: Winter,Not nesting
37575912491,Step state: Winter,Point state: Winter,Not nesting
37575912492,Step state: Winter,Point state: Winter,Not nesting
37575912493,Step state: Winter,Point state: Winter,Not nesting
37575912494,Step state: Winter,Point state: Winter,Not nesting
37575912495,Step state: Winter,Point state: Winter,Not nesting
37575912496,Step state: Winter,Point state: Winter,Not nesting
37575912497,Step state: Winter,Point state: Winter,Not nesting
37575912498,Step state: Winter,Point state: Winter,Not nesting
37575912499,Step state: Winter,Point state: Winter,Not nesting
37575912500,Step state: Winter,Point state: Winter,Not nesting
37575912501,Step state: Winter,Point state: Winter,Not nesting
37575912502,Step state: Winter,Point state: Winter,Not nesting
37575912503,Step state: Winter,Point state: Winter,Not nesting
37575912504,Step state: Winter,Point state: Winter,Not nesting
37575912505,Step state: Winter,Point state: Winter,Not nesting
37575912506,Step state: Winter,Point state: Winter,Not nesting
37575912507,Step state: Winter,Point state: Winter,Not nesting
37575912508,Step state: Winter,Point state: Winter,Not nesting
37575912509,Step state: Winter,Point state: Winter,Not nesting
37575912510,Step state: Winter,Point state: Winter,Not nesting
37575912511,Step state: Winter,Point state: Winter,Not nesting
37575912512,Step state: Winter,Point state: Winter,Not nesting
37575912513,Step state: Winter,Point state: Winter,Not nesting
37575912514,Step state: Winter,Point state: Winter,Not nesting
37575912515,Step state: Winter,Point state: Winter,Not nesting
37575912516,Step state: Winter,Point state: Winter,Not nesting
37575912517,Step state: Winter,Point state: Winter,Not nesting
37575912518,Step state: Winter,Point state: Winter,Not nesting
37575912519,Step state: Winter,Point state: Winter,Not nesting
37575912520,Step state: Winter,Point state: Winter,Not nesting
37575912521,Step state: Winter,Point state: Winter,Not nesting
37575912522,Step state: Winter,Point state: Winter,Not nesting
37575912523,Step state: Winter,Point state: Winter,Not nesting
37575912524,Step state: Winter,Point state: Winter,Not nesting
37575912525,Step state: Winter,Point state: Winter,Not nesting
37575912526,Step state: Winter,Point state: Winter,Not nesting
37575912527,Step state: Winter,Point state: Winter,Not nesting
37575912528,Step state: Winter,Point state: Winter,Not nesting
37575912529,Step state: Winter,Point state: Winter,Not nesting
37575912530,Step state: Winter,Point state: Winter,Not nesting
37575912531,Step state: Winter,Point state: Winter,Not nesting
37575912532,Step state: Winter,Point state: Winter,Not nesting
37575912533,Step state: Winter,Point state: Winter,Not nesting
37575912534,Step state: Winter,Point state: Winter,Not nesting
37575912535,Step state: Winter,Point state: Winter,Not nesting
37575912536,Step state: Winter,Point state: Winter,Not nesting
37575912537,Step state: Winter,Point state: Winter,Not nesting
37575912538,Step state: Winter,Point state: Winter,Not nesting
37575912539,Step state: Winter,Point state: Winter,Not nesting
37575912540,Step state: Winter,Point state: Winter,Not nesting
37575912541,Step state: Winter,Point state: Winter,Not nesting
37575912542,Step state: Migratory (fall),Point state: Migratory (fall),Not nesting
37575912543,Step state: Winter,Point state: Winter,Not nesting
37575912544,Step state: Winter,Point state: Winter,Not nesting
37575912545,Step state: Winter,Point state: Winter,Not nesting
37575912546,Step state: Winter,Point state: Winter,Not nesting
37575912547,Step state: Winter,Point state: Winter,Not nesting
37575912548,Step state: Winter,Point state: Winter,Not nesting
37575912549,Step state: Winter,Point state: Winter,Not nesting
37575912550,Step state: Winter,Point state: Winter,Not nesting
37575912551,Step state: Winter,Point state: Winter,Not nesting
37575912552,Step state: Winter,Point state: Winter,Not nesting
37575912553,Step state: Winter,Point state: Winter,Not nesting
37575912554,Step state: Winter,Point state: Winter,Not nesting
37575912555,Step state: Winter,Point state: Winter,Not nesting
37575912556,Step state: Winter,Point state: Winter,Not nesting
37575912557,Step state: Winter,Point state: Winter,Not nesting
37575912558,Step state: Winter,Point state: Winter,Not nesting
37575912559,Step state: Winter,Point state: Winter,Not nesting
37575912560,Step state: Winter,Point state: Winter,Not nesting
37575912561,Step state: Winter,Point state: Winter,Not nesting
37575912562,Step state: Winter,Point state: Winter,Not nesting
37575912563,Step state: Winter,Point state: Winter,Not nesting
37575912564,Step state: Winter,Point state: Winter,Not nesting
37575912565,Step state: Winter,Point state: Winter,Not nesting
37575912566,Step state: Winter,Point state: Winter,Not nesting
37575912567,Step state: Winter,Point state: Winter,Not nesting
37575912568,Step state: Winter,Point state: Winter,Not nesting
37575912569,Step state: Winter,Point state: Winter,Not nesting
37575912570,Step state: Winter,Point state: Winter,Not nesting
37575912571,Step state: Winter,Point state: Winter,Not nesting
37575912572,Step state: Winter,Point state: Winter,Not nesting
37575912573,Step state: Winter,Point state: Winter,Not nesting
37575912574,Step state: Winter,Point state: Winter,Not nesting
37575912575,Step state: Winter,Point state: Winter,Not nesting
37575912576,Step state: Winter,Point state: Winter,Not nesting
37575912577,Step state: Winter,Point state: Winter,Not nesting
37575912578,Step state: Winter,Point state: Winter,Not nesting
37575912579,Step state: Winter,Point state: Winter,Not nesting
37575912580,Step state: Winter,Point state: Winter,Not nesting
37575912581,Step state: Winter,Point state: Winter,Not nesting
37575912582,Step state: Winter,Point state: Winter,Not nesting
37575912583,Step state: Winter,Point state: Winter,Not nesting
37575912584,Step state: Winter,Point state: Winter,Not nesting
37575912585,Step state: Winter,Point state: Winter,Not nesting
37575912586,Step state: Winter,Point state: Winter,Not nesting
37575912587,Step state: Winter,Point state: Winter,Not nesting
37575912588,Step state: Winter,Point state: Winter,Not nesting
37575912589,Step state: Winter,Point state: Winter,Not nesting
37575912590,Step state: Winter,Point state: Winter,Not nesting
37575912591,Step state: Winter,Point state: Winter,Not nesting
37575912592,Step state: Winter,Point state: Winter,Not nesting
37575912593,Step state: Winter,Point state: Winter,Not nesting
37575912594,Step state: Winter,Point state: Winter,Not nesting
37575912595,Step state: Winter,Point state: Winter,Not nesting
37575912596,Step state: Winter,Point state: Winter,Not nesting
37575912597,Step state: Winter,Point state: Winter,Not nesting
37575912598,Step state: Winter,Point state: Winter,Not nesting
37575912599,Step state: Winter,Point state: Winter,Not nesting
37575912600,Step state: Winter,Point state: Winter,Not nesting
37575912601,Step state: Winter,Point state: Winter,Not nesting
37575912602,Step state: Winter,Point state: Winter,Not nesting
37575912603,Step state: Winter,Point state: Winter,Not nesting
37575912604,Step state: Winter,Point state: Winter,Not nesting
37575912605,Step state: Winter,Point state: Winter,Not nesting
37575912606,Step state: Winter,Point state: Winter,Not nesting
37575912607,Step state: Winter,Point state: Winter,Not nesting
37575912608,Step state: Winter,Point state: Winter,Not nesting
37575912609,Step state: Winter,Point state: Winter,Not nesting
37575912610,Step state: Winter,Point state: Winter,Not nesting
37575912611,Step state: Winter,Point state: Winter,Not nesting
37575912612,Step state: Winter,Point state: Winter,Not nesting
37575912613,Step state: Winter,Point state: Winter,Not nesting
37575912614,Step state: Winter,Point state: Winter,Not nesting
37575912615,Step state: Winter,Point state: Winter,Not nesting
37575912616,Step state: Winter,Point state: Winter,Not nesting
37575912617,Step state: Winter,Point state: Winter,Not nesting
37575912618,Step state: Winter,Point state: Winter,Not nesting
37575912619,Step state: Winter,Point state: Winter,Not nesting
37575912620,Step state: Winter,Point state: Winter,Not nesting
37575912621,Step state: Winter,Point state: Winter,Not nesting
37575912622,Step state: Winter,Point state: Winter,Not nesting
37575912623,Step state: Winter,Point state: Winter,Not nesting
37575912624,Step state: Winter,Point state: Winter,Not nesting
37575912625,Step state: Winter,Point state: Winter,Not nesting
37575912626,Step state: Winter,Point state: Winter,Not nesting
37575912627,Step state: Winter,Point state: Winter,Not nesting
37575912628,Step state: Winter,Point state: Winter,Not nesting
37575912629,Step state: Winter,Point state: Winter,Not nesting
37575912630,Step state: Winter,Point state: Winter,Not nesting
37575912631,Step state: Winter,Point state: Winter,Not nesting
37635720383,Step state: Winter,Point state: Winter,Not nesting
37635720384,Step state: Winter,Point state: Winter,Not nesting
37635720385,Step state: Winter,Point state: Winter,Not nesting
37635720386,Step state: Winter,Point state: Winter,Not nesting
37635720387,Step state: Winter,Point state: Winter,Not nesting
37635720388,Step state: Winter,Point state: Winter,Not nesting
37635720390,Step state: Winter,Point state: Winter,Not nesting
37635720391,Step state: Winter,Point state: Winter,Not nesting
37635720392,Step state: Winter,Point state: Winter,Not nesting
37635720393,Step state: Winter,Point state: Winter,Not nesting
37635720394,Step state: Winter,Point state: Winter,Not nesting
37635720395,Step state: Winter,Point state: Winter,Not nesting
37635720396,Step state: Winter,Point state: Winter,Not nesting
37635720397,Step state: Migratory (fall),Point state: Migratory (fall),Not nesting
37635720399,Step state: Winter,Point state: Winter,Not nesting
37635720400,Step state: Winter,Point state: Winter,Not nesting
37635720401,Step state: Winter,Point state: Winter,Not nesting
37635720402,Step state: Winter,Point state: Winter,Not nesting
37635720403,Step state: Winter,Point state: Winter,Not nesting
37635720404,Step state: Winter,Point state: Winter,Not nesting
37635720405,Step state: Winter,Point state: Winter,Not nesting
37635720406,Step state: Winter,Point state: Winter,Not nesting
37635720407,Step state: Winter,Point state: Winter,Not nesting
37635720408,Step state: Winter,Point state: Winter,Not nesting
37635720409,Step state: Winter,Point state: Winter,Not nesting
37635720410,Step state: Winter,Point state: Winter,Not nesting
37635720411,Step state: Winter,Point state: Winter,Not nesting
37635720412,Step state: Winter,Point state: Winter,Not nesting
37635720413,Step state: Winter,Point state: Winter,Not nesting
37635720414,Step state: Winter,Point state: Winter,Not nesting
37635720415,Step state: Winter,Point state: Winter,Not nesting
37635720416,Step state: Winter,Point state: Winter,Not nesting
37635720417,Step state: Winter,Point state: Winter,Not nesting
37635720418,Step state: Winter,Point state: Winter,Not nesting
37635720419,Step state: Winter,Point state: Winter,Not nesting
37635720420,Step state: Winter,Point state: Winter,Not nesting
37635720421,Step state: Winter,Point state: Winter,Not nesting
37635720422,Step state: Winter,Point state: Winter,Not nesting
37635720423,Step state: Winter,Point state: Winter,Not nesting
37635720424,Step state: Winter,Point state: Winter,Not nesting
37635720425,Step state: Winter,Point state: Winter,Not nesting
37635720426,Step state: Winter,Point state: Winter,Not nesting
37635720427,Step state: Winter,Point state: Winter,Not nesting
37635720428,Step state: Winter,Point state: Winter,Not nesting
37635720429,Step state: Winter,Point state: Winter,Not nesting
37635720430,Step state: Winter,Point state: Winter,Not nesting
37635720431,Step state: Winter,Point state: Winter,Not nesting
37635720432,Step state: Winter,Point state: Winter,Not nesting
37635720433,Step state: Winter,Point state: Winter,Not nesting
37635720434,Step state: Winter,Point state: Winter,Not nesting
37635720435,Step state: Winter,Point state: Winter,Not nesting
37635720436,Step state: Winter,Point state: Winter,Not nesting
37635720437,Step state: Winter,Point state: Winter,Not nesting
37635720438,Step state: Winter,Point state: Winter,Not nesting
37635720439,Step state: Winter,Point state: Winter,Not nesting
37635720440,Step state: Winter,Point state: Winter,Not nesting
37635720441,Step state: Winter,Point state: Winter,Not nesting
37635720442,Step state: Winter,Point state: Winter,Not nesting
37635720443,Step state: Winter,Point state: Winter,Not nesting
37635720444,Step state: Winter,Point state: Winter,Not nesting
37635720445,Step state: Winter,Point state: Winter,Not nesting
37635720446,Step state: Winter,Point state: Winter,Not nesting
37635720447,Step state: Winter,Point state: Winter,Not nesting
37635720448,Step state: Winter,Point state: Winter,Not nesting
37635720449,Step state: Winter,Point state: Winter,Not nesting
37635720450,Step state: Winter,Point state: Winter,Not nesting
37635720451,Step state: Winter,Point state: Winter,Not nesting
37635720452,Step state: Winter,Point state: Winter,Not nesting
37635720453,Step state: Winter,Point state: Winter,Not nesting
37635720454,Step state: Migratory (fall),Point state: Migratory (fall),Not nesting
37635720456,Step state: Winter,Point state: Winter,Not nesting
37635720457,Step state: Winter,Point state: Winter,Not nesting
37635720458,Step state: Winter,Point state: Winter,Not nesting
37635720459,Step state: Winter,Point state: Winter,Not nesting
37635720460,Step state: Winter,Point state: Winter,Not nesting
37635720461,Step state: Winter,Point state: Winter,Not nesting
37635720462,Step state: Winter,Point state: Winter,Not nesting
37635720463,Step state: Winter,Point state: Winter,Not nesting
37635720464,Step state: Winter,Point state: Winter,Not nesting
37635720465,Step state: Winter,Point state: Winter,Not nesting
37635720466,Step state: Winter,Point state: Winter,Not nesting
37635720467,Step state: Winter,Point state: Winter,Not nesting
37635720468,Step state: Winter,Point state: Winter,Not nesting
37635720469,Step state: Winter,Point state: Winter,Not nesting
37635720470,Step state: Winter,Point state: Winter,Not nesting
37635720471,Step state: Winter,Point state: Winter,Not nesting
37635720472,Step state: Winter,Point state: Winter,Not nesting
37635720473,Step state: Winter,Point state: Winter,Not nesting
37635720474,Step state: Winter,Point state: Winter,Not nesting
37635720475,Step state: Winter,Point state: Winter,Not nesting
37635720476,Step state: Winter,Point state: Winter,Not nesting
37635720477,Step state: Winter,Point state: Winter,Not nesting
37635720478,Step state: Winter,Point state: Winter,Not nesting
37635720479,Step state: Winter,Point state: Winter,Not nesting
37635720480,Step state: Winter,Point state: Winter,Not nesting
37635720481,Step state: Winter,Point state: Winter,Not nesting
37635720482,Step state: Winter,Point state: Winter,Not nesting
37635720483,Step state: Winter,Point state: Winter,Not nesting
37635720484,Step state: Winter,Point state: Winter,Not nesting
37635720485,Step state: Winter,Point state: Winter,Not nesting
37635720486,Step state: Winter,Point state: Winter,Not nesting
37635720487,Step state: Winter,Point state: Winter,Not nesting
37635720488,Step state: Winter,Point state: Winter,Not nesting
37635720489,Step state: Winter,Point state: Winter,Not nesting
37635720490,Step state: Winter,Point state: Winter,Not nesting
37635720491,Step state: Winter,Point state: Winter,Not nesting
37635720492,Step state: Winter,Point state: Winter,Not nesting
37635720493,Step state: Winter,Point state: Winter,Not nesting
37635720494,Step state: Winter,Point state: Winter,Not nesting
37635720495,Step state: Winter,Point state: Winter,Not nesting
37635720496,Step state: Winter,Point state: Winter,Not nesting
37635720497,Step state: Winter,Point state: Winter,Not nesting
37635720498,Step state: Winter,Point state: Winter,Not nesting
37635720499,Step state: Winter,Point state: Winter,Not nesting
37635720500,Step state: Winter,Point state: Winter,Not nesting
37635720501,Step state: Winter,Point state: Winter,Not nesting
37635720502,Step state: Winter,Point state: Winter,Not nesting
37635720503,Step state: Winter,Point state: Winter,Not nesting
37635720504,Step state: Winter,Point state: Winter,Not nesting
37635720505,Step state: Winter,Point state: Winter,Not nesting
37635720506,Step state: Winter,Point state: Winter,Not nesting
37635720507,Step state: Winter,Point state: Winter,Not nesting
37635720508,Step state: Winter,Point state: Winter,Not nesting
37635720509,Step state: Winter,Point state: Winter,Not nesting
37635720510,Step state: Winter,Point state: Winter,Not nesting
37635720511,Step state: Winter,Point state: Winter,Not nesting
37635720512,Step state: Winter,Point state: Winter,Not nesting
37635720513,Step state: Winter,Point state: Winter,Not nesting
37635720514,Step state: Winter,Point state: Winter,Not nesting
37635720515,Step state: Winter,Point state: Winter,Not nesting
37635720516,Step state: Winter,Point state: Winter,Not nesting
37635720517,Step state: Winter,Point state: Winter,Not nesting
37635720518,Step state: Winter,Point state: Winter,Not nesting
37635720519,Step state: Winter,Point state: Winter,Not nesting
37635720520,Step state: Winter,Point state: Winter,Not nesting
37635720521,Step state: Winter,Point state: Winter,Not nesting
37635720522,Step state: Winter,Point state: Winter,Not nesting
37635720523,Step state: Winter,Point state: Winter,Not nesting
37635720524,Step state: Winter,Point state: Winter,Not nesting
37635720525,Step state: Winter,Point state: Winter,Not nesting
37635720526,Step state: Winter,Point state: Winter,Not nesting
37635720527,Step state: Winter,Point state: Winter,Not nesting
37635720528,Step state: Winter,Point state: Winter,Not nesting
37635720529,Step state: Winter,Point state: Winter,Not nesting
37635720530,Step state: Winter,Point state: Winter,Not nesting
37635720531,Step state: Winter,Point state: Winter,Not nesting
37635720532,Step state: Winter,Point state: Winter,Not nesting
37635720533,Step state: Winter,Point state: Winter,Not nesting
37635720534,Step state: Winter,Point state: Winter,Not nesting
37635720535,Step state: Winter,Point state: Winter,Not nesting
37635720536,Step state: Winter,Point state: Winter,Not nesting
37635720537,Step state: Winter,Point state: Winter,Not nesting
37635720538,Step state: Winter,Point state: Winter,Not nesting
37635720539,Step state: Winter,Point state: Winter,Not nesting
37635720540,Step state: Winter,Point state: Winter,Not nesting
37635720541,Step state: Winter,Point state: Winter,Not nesting
37635720542,Step state: Winter,Point state: Winter,Not nesting
37635720543,Step state: Winter,Point state: Winter,Not nesting
37635720544,Step state: Winter,Point state: Winter,Not nesting
37635720545,Step state: Winter,Point state: Winter,Not nesting
37635720546,Step state: Migratory (fall),Point state: Migratory (fall),Not nesting
37635720548,Step state: Winter,Point state: Winter,Not nesting
37635720549,Step state: Winter,Point state: Winter,Not nesting
37635720550,Step state: Winter,Point state: Winter,Not nesting
37635720551,Step state: Winter,Point state: Winter,Not nesting
37635720552,Step state: Winter,Point state: Winter,Not nesting
37635720553,Step state: Winter,Point state: Winter,Not nesting
37635720554,Step state: Winter,Point state: Winter,Not nesting
37635720555,Step state: Winter,Point state: Winter,Not nesting
37635720556,Step state: Winter,Point state: Winter,Not nesting
37635720557,Step state: Winter,Point state: Winter,Not nesting
37635720558,Step state: Winter,Point state: Winter,Not nesting
37635720559,Step state: Winter,Point state: Winter,Not nesting
37635720560,Step state: Winter,Point state: Winter,Not nesting
37635720561,Step state: Winter,Point state: Winter,Not nesting
37635720562,Step state: Winter,Point state: Winter,Not nesting
37635720563,Step state: Winter,Point state: Winter,Not nesting
37635720564,Step state: Winter,Point state: Winter,Not nesting
37635720565,Step state: Winter,Point state: Winter,Not nesting
37635720566,Step state: Winter,Point state: Winter,Not nesting
37635720567,Step state: Winter,Point state: Winter,Not nesting
37635720568,Step state: Winter,Point state: Winter,Not nesting
37635720569,Step state: Winter,Point state: Winter,Not nesting
37635720570,Step state: Winter,Point state: Winter,Not nesting
37635720571,Step state: Winter,Point state: Winter,Not nesting
37635720572,Step state: Winter,Point state: Winter,Not nesting
37635720573,Step state: Winter,Point state: Winter,Not nesting
37635720574,Step state: Winter,Point state: Winter,Not nesting
37635720575,Step state: Winter,Point state: Winter,Not nesting
37635720576,Step state: Winter,Point state: Winter,Not nesting
37635720577,Step state: Winter,Point state: Winter,Not nesting
37635720578,Step state: Winter,Point state: Winter,Not nesting
37635720579,Step state: Winter,Point state: Winter,Not nesting
37635720580,Step state: Winter,Point state: Winter,Not nesting
37635720581,Step state: Winter,Point state: Winter,Not nesting
37635720582,Step state: Winter,Point state: Winter,Not nesting
37635720583,Step state: Winter,Point state: Winter,Not nesting
37635720584,Step state: Winter,Point state: Winter,Not nesting
37635720585,Step state: Winter,Point state: Winter,Not nesting
37635720586,Step state: Winter,Point state: Winter,Not nesting
37635720587,Step state: Winter,Point state: Winter,Not nesting
37635720588,Step state: Winter,Point state: Winter,Not nesting
37635720589,Step state: Winter,Point state: Winter,Not nesting
37635720590,Step state: Winter,Point state: Winter,Not nesting
37635720591,Step state: Winter,Point state: Winter,Not nesting
37635720592,Step state: Winter,Point state: Winter,Not nesting
37635720593,Step state: Winter,Point state: Winter,Not nesting
37635720594,Step state: Winter,Point state: Winter,Not nesting
37635720595,Step state: Winter,Point state: Winter,Not nesting
37635720596,Step state: Winter,Point state: Winter,Not nesting
37635720597,Step state: Winter,Point state: Winter,Not nesting
37635720598,Step state: Winter,Point state: Winter,Not nesting
37635720599,Step state: Winter,Point state: Winter,Not nesting
37635720600,Step state: Winter,Point state: Winter,Not nesting
37635720601,Step state: Winter,Point state: Winter,Not nesting
37635720602,Step state: Winter,Point state: Winter,Not nesting
37635720603,Step state: Winter,Point state: Winter,Not nesting
37635720604,Step state: Winter,Point state: Winter,Not nesting
37635720605,Step state: Winter,Point state: Winter,Not nesting
37635720606,Step state: Winter,Point state: Winter,Not nesting
37635720607,Step state: Winter,Point state: Winter,Not nesting
37635720608,Step state: Winter,Point state: Winter,Not nesting
37635720609,Step state: Winter,Point state: Winter,Not nesting
37635720610,Step state: Winter,Point state: Winter,Not nesting
37635720611,Step state: Winter,Point state: Winter,Not nesting
37635720612,Step state: Winter,Point state: Winter,Not nesting
37635720613,Step state: Winter,Point state: Winter,Not nesting
37635720614,Step state: Winter,Point state: Winter,Not nesting
37635720615,Step state: Winter,Point state: Winter,Not nesting
37635720616,Step state: Winter,Point state: Winter,Not nesting
37635720617,Step state: Winter,Point state: Winter,Not nesting
37635720618,Step state: Winter,Point state: Winter,Not nesting
37635720619,Step state: Winter,Point state: Winter,Not nesting
37635720620,Step state: Winter,Point state: Winter,Not nesting
37635720621,Step state: Winter,Point state: Winter,Not nesting
37635720622,Step state: Winter,Point state: Winter,Not nesting
37635720623,Step state: Winter,Point state: Winter,Not nesting
37635720624,Step state: Winter,Point state: Winter,Not nesting
37635720625,Step state: Winter,Point state: Winter,Not nesting
37635720626,Step state: Winter,Point state: Winter,Not nesting
37635720627,Step state: Winter,Point state: Winter,Not nesting
37635720628,Step state: Winter,Point state: Winter,Not nesting
37635720629,Step state: Winter,Point state: Winter,Not nesting
37635720630,Step state: Migratory (fall),Point state: Migratory (fall),Not nesting
37635720632,Step state: Winter,Point state: Winter,Not nesting
37635720633,Step state: Winter,Point state: Winter,Not nesting
37635720634,Step state: Winter,Point state: Winter,Not nesting
37635720635,Step state: Winter,Point state: Winter,Not nesting
37635720636,Step state: Winter,Point state: Winter,Not nesting
37635720637,Step state: Winter,Point state: Winter,Not nesting
37635720638,Step state: Winter,Point state: Winter,Not nesting
37635720639,Step state: Winter,Point state: Winter,Not nesting
37635720640,Step state: Winter,Point state: Winter,Not nesting
37635720641,Step state: Winter,Point state: Winter,Not nesting
37635720642,Step state: Winter,Point state: Winter,Not nesting
37635720643,Step state: Winter,Point state: Winter,Not nesting
37635720644,Step state: Winter,Point state: Winter,Not nesting
37635720645,Step state: Winter,Point state: Winter,Not nesting
37635720646,Step state: Winter,Point state: Winter,Not nesting
37635720647,Step state: Winter,Point state: Winter,Not nesting
37635720648,Step state: Winter,Point state: Winter,Not nesting
37635720649,Step state: Winter,Point state: Winter,Not nesting
37635720650,Step state: Winter,Point state: Winter,Not nesting
37635720651,Step state: Winter,Point state: Winter,Not nesting
37635720652,Step state: Winter,Point state: Winter,Not nesting
37635720653,Step state: Winter,Point state: Winter,Not nesting
37635720654,Step state: Winter,Point state: Winter,Not nesting
37635720655,Step state: Winter,Point state: Winter,Not nesting
37635720656,Step state: Winter,Point state: Winter,Not nesting
37635720657,Step state: Winter,Point state: Winter,Not nesting
37635720658,Step state: Winter,Point state: Winter,Not nesting
37635720659,Step state: Winter,Point state: Winter,Not nesting
37635720660,Step state: Winter,Point state: Winter,Not nesting
37635720661,Step state: Winter,Point state: Winter,Not nesting
37635720662,Step state: Winter,Point state: Winter,Not nesting
37635720663,Step state: Winter,Point state: Winter,Not nesting
37635720664,Step state: Winter,Point state: Winter,Not nesting
37635720665,Step state: Winter,Point state: Winter,Not nesting
37635720666,Step state: Winter,Point state: Winter,Not nesting
37635720667,Step state: Winter,Point state: Winter,Not nesting
37635720668,Step state: Winter,Point state: Winter,Not nesting
37635720669,Step state: Winter,Point state: Winter,Not nesting
37635720670,Step state: Winter,Point state: Winter,Not nesting
37635720671,Step state: Winter,Point state: Winter,Not nesting
37635720672,Step state: Winter,Point state: Winter,Not nesting
37635720673,Step state: Winter,Point state: Winter,Not nesting
37635720674,Step state: Winter,Point state: Winter,Not nesting
37635720675,Step state: Winter,Point state: Winter,Not nesting
37635720676,Step state: Winter,Point state: Winter,Not nesting
37635720677,Step state: Winter,Point state: Winter,Not nesting
37635720678,Step state: Winter,Point state: Winter,Not nesting
37635720679,Step state: Winter,Point state: Winter,Not nesting
37635720680,Step state: Winter,Point state: Winter,Not nesting
37635720681,Step state: Winter,Point state: Winter,Not nesting
37635720682,Step state: Winter,Point state: Winter,Not nesting
37635720683,Step state: Winter,Point state: Winter,Not nesting
37635720684,Step state: Winter,Point state: Winter,Not nesting
37635720685,Step state: Winter,Point state: Winter,Not nesting
37635720686,Step state: Winter,Point state: Winter,Not nesting
37635720687,Step state: Winter,Point state: Winter,Not nesting
37635720688,Step state: Winter,Point state: Winter,Not nesting
37635720689,Step state: Winter,Point state: Winter,Not nesting
37635720691,Step state: Winter,Point state: Winter,Not nesting
37635720692,Step state: Winter,Point state: Winter,Not nesting
37635720693,Step state: Winter,Point state: Winter,Not nesting
37635720694,Step state: Winter,Point state: Winter,Not nesting
37635720695,Step state: Winter,Point state: Winter,Not nesting
37635720696,Step state: Winter,Point state: Winter,Not nesting
37635720697,Step state: Winter,Point state: Winter,Not nesting
37635720698,Step state: Winter,Point state: Winter,Not nesting
37635720699,Step state: Winter,Point state: Winter,Not nesting
37635720700,Step state: Winter,Point state: Winter,Not nesting
37635720701,Step state: Winter,Point state: Winter,Not nesting
37635720702,Step state: Winter,Point state: Winter,Not nesting
37635720703,Step state: Winter,Point state: Winter,Not nesting
37635720704,Step state: Winter,Point state: Winter,Not nesting
37635720705,Step state: Winter,Point state: Winter,Not nesting
37635720706,Step state: Winter,Point state: Winter,Not nesting
37635720707,Step state: Winter,Point state: Winter,Not nesting
37635720708,Step state: Winter,Point state: Winter,Not nesting
37635720709,Step state: Winter,Point state: Winter,Not nesting
37635720710,Step state: Winter,Point state: Winter,Not nesting
37635720711,Step state: Winter,Point state: Winter,Not nesting
37635720712,Step state: Winter,Point state: Winter,Not nesting
37635720713,Step state: Winter,Point state: Winter,Not nesting
37635720714,Step state: Winter,Point state: Winter,Not nesting
37635720715,Step state: Winter,Point state: Winter,Not nesting
37635720716,Step state: Winter,Point state: Winter,Not nesting
37635720717,Step state: Winter,Point state: Winter,Not nesting
37635720718,Step state: Winter,Point state: Winter,Not nesting
37635720719,Step state: Winter,Point state: Winter,Not nesting
37635720720,Step state: Winter,Point state: Winter,Not nesting
37635720721,Step state: Winter,Point state: Winter,Not nesting
37635720722,Step state: Winter,Point state: Winter,Not nesting
37635720723,Step state: Winter,Point state: Winter,Not nesting
37635720724,Step state: Winter,Point state: Winter,Not nesting
37635720725,Step state: Winter,Point state: Winter,Not nesting
37635720726,Step state: Winter,Point state: Winter,Not nesting
37635720727,Step state: Winter,Point state: Winter,Not nesting
37635720728,Step state: Winter,Point state: Winter,Not nesting
37635720729,Step state: Winter,Point state: Winter,Not nesting
37635720730,Step state: Winter,Point state: Winter,Not nesting
37635720731,Step state: Winter,Point state: Winter,Not nesting
37635720732,Step state: Winter,Point state: Winter,Not nesting
37635720733,Step state: Winter,Point state: Winter,Not nesting
37635720734,Step state: Winter,Point state: Winter,Not nesting
37635720735,Step state: Winter,Point state: Winter,Not nesting
37635720736,Step state: Winter,Point state: Winter,Not nesting
37635720737,Step state: Winter,Point state: Winter,Not nesting
37635720738,Step state: Winter,Point state: Winter,Not nesting
37635720739,Step state: Winter,Point state: Winter,Not nesting
37635720740,Step state: Winter,Point state: Winter,Not nesting
37635720741,Step state: Winter,Point state: Winter,Not nesting
37635720742,Step state: Winter,Point state: Winter,Not nesting
37635720743,Step state: Winter,Point state: Winter,Not nesting
37635720744,Step state: Winter,Point state: Winter,Not nesting
37635720745,Step state: Winter,Point state: Winter,Not nesting
37635720746,Step state: Winter,Point state: Winter,Not nesting
37635720747,Step state: Winter,Point state: Winter,Not nesting
37635720748,Step state: Winter,Point state: Winter,Not nesting
37635720749,Step state: Winter,Point state: Winter,Not nesting
37635720750,Step state: Winter,Point state: Winter,Not nesting
37635720751,Step state: Winter,Point state: Winter,Not nesting
37635720752,Step state: Winter,Point state: Winter,Not nesting
37635720753,Step state: Winter,Point state: Winter,Not nesting
37635720754,Step state: Winter,Point state: Winter,Not nesting
37635720755,Step state: Winter,Point state: Winter,Not nesting
37635720756,Step state: Winter,Point state: Winter,Not nesting
37635720757,Step state: Winter,Point state: Winter,Not nesting
37635720758,Step state: Winter,Point state: Winter,Not nesting
37635720759,Step state: Winter,Point state: Winter,Not nesting
37635720760,Step state: Winter,Point state: Winter,Not nesting
37635720761,Step state: Winter,Point state: Winter,Not nesting
37635720762,Step state: Winter,Point state: Winter,Not nesting
37635720763,Step state: Winter,Point state: Winter,Not nesting
37635720764,Step state: Winter,Point state: Winter,Not nesting
37635720765,Step state: Winter,Point state: Winter,Not nesting
37635720766,Step state: Winter,Point state: Winter,Not nesting
37635720767,Step state: Winter,Point state: Winter,Not nesting
37635720768,Step state: Winter,Point state: Winter,Not nesting
37635720769,Step state: Winter,Point state: Winter,Not nesting
37635720770,Step state: Winter,Point state: Winter,Not nesting
37635720771,Step state: Winter,Point state: Winter,Not nesting
37635720772,Step state: Winter,Point state: Winter,Not nesting
37635720773,Step state: Winter,Point state: Winter,Not nesting
37635720774,Step state: Winter,Point state: Winter,Not nesting
37635720775,Step state: Winter,Point state: Winter,Not nesting
37635720776,Step state: Winter,Point state: Winter,Not nesting
37635720777,Step state: Winter,Point state: Winter,Not nesting
37635720778,Step state: Winter,Point state: Winter,Not nesting
37635720779,Step state: Winter,Point state: Winter,Not nesting
37635720780,Step state: Winter,Point state: Winter,Not nesting
37635720781,Step state: Winter,Point state: Winter,Not nesting
37635720782,Step state: Winter,Point state: Winter,Not nesting
37635720783,Step state: Winter,Point state: Winter,Not nesting
37635720784,Step state: Winter,Point state: Winter,Not nesting
37635720785,Step state: Winter,Point state: Winter,Not nesting
37635720786,Step state: Winter,Point state: Winter,Not nesting
37635720787,Step state: Winter,Point state: Winter,Not nesting
37635720788,Step state: Winter,Point state: Winter,Not nesting
37635720789,Step state: Winter,Point state: Winter,Not nesting
37635720790,Step state: Winter,Point state: Winter,Not nesting
37635720791,Step state: Winter,Point state: Winter,Not nesting
37635720792,Step state: Winter,Point state: Winter,Not nesting
37635720793,Step state: Winter,Point state: Winter,Not nesting
37635720794,Step state: Winter,Point state: Winter,Not nesting
37635720795,Step state: Winter,Point state: Winter,Not nesting
37635720796,Step state: Winter,Point state: Winter,Not nesting
37635720797,Step state: Winter,Point state: Winter,Not nesting
37635720798,Step state: Winter,Point state: Winter,Not nesting
37635720799,Step state: Winter,Point state: Winter,Not nesting
37635720800,Step state: Winter,Point state: Winter,Not nesting
37635720801,Step state: Winter,Point state: Winter,Not nesting
37720581064,Step state: Winter,Point state: Winter,Not nesting
37720581065,Step state: Winter,Point state: Winter,Not nesting
37720581066,Step state: Winter,Point state: Winter,Not nesting
37720581067,Step state: Winter,Point state: Winter,Not nesting
37720581068,Step state: Winter,Point state: Winter,Not nesting
37720581069,Step state: Winter,Point state: Winter,Not nesting
37720581070,Step state: Migratory (spring),Point state: Winter,Not nesting
37720581071,Step state: Winter,Point state: Winter,Not nesting
37720581072,Step state: Winter,Point state: Winter,Not nesting
37720581073,Step state: Winter,Point state: Winter,Not nesting
37720581074,Step state: Winter,Point state: Winter,Not nesting
37720581075,Step state: Winter,Point state: Winter,Not nesting
37720581076,Step state: Winter,Point state: Winter,Not nesting
37720581077,Step state: Winter,Point state: Winter,Not nesting
37720581078,Step state: Winter,Point state: Winter,Not nesting
37720581080,Step state: Winter,Point state: Winter,Not nesting
37720581081,Step state: Winter,Point state: Winter,Not nesting
37720581082,Step state: Winter,Point state: Winter,Not nesting
37720581083,Step state: Winter,Point state: Winter,Not nesting
37720581084,Step state: Winter,Point state: Winter,Not nesting
37720581085,Step state: Winter,Point state: Winter,Not nesting
37720581086,Step state: Winter,Point state: Winter,Not nesting
37720581087,Step state: Winter,Point state: Winter,Not nesting
37720581088,Step state: Winter,Point state: Winter,Not nesting
37720581089,Step state: Winter,Point state: Winter,Not nesting
37720581090,Step state: Winter,Point state: Winter,Not nesting
37720581091,Step state: Winter,Point state: Winter,Not nesting
37720581092,Step state: Migratory (spring),Point state: Winter,Not nesting
37720581093,Step state: Migratory (spring),Point state: Winter,Not nesting
37720581094,Step state: Migratory (spring),Point state: Winter,Not nesting
37720581095,Step state: Winter,Point state: Winter,Not nesting
37720581096,Step state: Winter,Point state: Winter,Not nesting
37720581097,Step state: Winter,Point state: Winter,Not nesting
37720581098,Step state: Winter,Point state: Winter,Not nesting
37720581099,Step state: Winter,Point state: Winter,Not nesting
37720581100,Step state: Winter,Point state: Winter,Not nesting
37720581101,Step state: Winter,Point state: Winter,Not nesting
37720581102,Step state: Winter,Point state: Winter,Not nesting
37720581103,Step state: Winter,Point state: Winter,Not nesting
37720581104,Step state: Winter,Point state: Winter,Not nesting
37720581105,Step state: Winter,Point state: Winter,Not nesting
37720581106,Step state: Winter,Point state: Winter,Not nesting
37720581107,Step state: Winter,Point state: Winter,Not nesting
37720581108,Step state: Winter,Point state: Winter,Not nesting
37720581109,Step state: Winter,Point state: Winter,Not nesting
37720581110,Step state: Winter,Point state: Winter,Not nesting
37720581111,Step state: Winter,Point state: Winter,Not nesting
37720581112,Step state: Winter,Point state: Winter,Not nesting
37720581113,Step state: Winter,Point state: Winter,Not nesting
37720581114,Step state: Winter,Point state: Winter,Not nesting
37720581115,Step state: Winter,Point state: Winter,Not nesting
37720581116,Step state: Winter,Point state: Winter,Not nesting
37720581117,Step state: Winter,Point state: Winter,Not nesting
37720581118,Step state: Winter,Point state: Winter,Not nesting
37720581119,Step state: Winter,Point state: Winter,Not nesting
37720581120,Step state: Winter,Point state: Winter,Not nesting
37720581121,Step state: Winter,Point state: Winter,Not nesting
37720581122,Step state: Winter,Point state: Winter,Not nesting
37720581123,Step state: Winter,Point state: Winter,Not nesting
37720581124,Step state: Winter,Point state: Winter,Not nesting
37720581125,Step state: Winter,Point state: Winter,Not nesting
37720581126,Step state: Winter,Point state: Winter,Not nesting
37720581127,Step state: Winter,Point state: Winter,Not nesting
37720581128,Step state: Winter,Point state: Winter,Not nesting
37720581130,Step state: Winter,Point state: Winter,Not nesting
37720581131,Step state: Winter,Point state: Winter,Not nesting
37720581132,Step state: Winter,Point state: Winter,Not nesting
37720581133,Step state: Winter,Point state: Winter,Not nesting
37720581134,Step state: Winter,Point state: Winter,Not nesting
37720581135,Step state: Winter,Point state: Winter,Not nesting
37720581136,Step state: Winter,Point state: Winter,Not nesting
37720581137,Step state: Winter,Point state: Winter,Not nesting
37720581138,Step state: Winter,Point state: Winter,Not nesting
37720581139,Step state: Winter,Point state: Winter,Not nesting
37720581140,Step state: Winter,Point state: Winter,Not nesting
37720581141,Step state: Winter,Point state: Winter,Not nesting
37720581142,Step state: Winter,Point state: Winter,Not nesting
37720581143,Step state: Winter,Point state: Winter,Not nesting
37720581144,Step state: Winter,Point state: Winter,Not nesting
37720581145,Step state: Winter,Point state: Winter,Not nesting
37720581146,Step state: Winter,Point state: Winter,Not nesting
37720581147,Step state: Winter,Point state: Winter,Not nesting
37720581148,Step state: Winter,Point state: Winter,Not nesting
37720581149,Step state: Winter,Point state: Winter,Not nesting
37720581150,Step state: Winter,Point state: Winter,Not nesting
37720581151,Step state: Winter,Point state: Winter,Not nesting
37720581152,Step state: Winter,Point state: Winter,Not nesting
37720581153,Step state: Winter,Point state: Winter,Not nesting
37720581154,Step state: Winter,Point state: Winter,Not nesting
37720581155,Step state: Winter,Point state: Winter,Not nesting
37720581156,Step state: Winter,Point state: Winter,Not nesting
37720581157,Step state: Winter,Point state: Winter,Not nesting
37720581158,Step state: Winter,Point state: Winter,Not nesting
37720581159,Step state: Winter,Point state: Winter,Not nesting
37720581160,Step state: Winter,Point state: Winter,Not nesting
37720581161,Step state: Winter,Point state: Winter,Not nesting
37720581162,Step state: Winter,Point state: Winter,Not nesting
37720581163,Step state: Winter,Point state: Winter,Not nesting
37720581164,Step state: Winter,Point state: Winter,Not nesting
37720581165,Step state: Winter,Point state: Winter,Not nesting
37720581166,Step state: Winter,Point state: Winter,Not nesting
37720581167,Step state: Winter,Point state: Winter,Not nesting
37720581168,Step state: Winter,Point state: Winter,Not nesting
37720581169,Step state: Winter,Point state: Winter,Not nesting
37720581170,Step state: Winter,Point state: Winter,Not nesting
37720581171,Step state: Winter,Point state: Winter,Not nesting
37720581172,Step state: Winter,Point state: Winter,Not nesting
37720581173,Step state: Winter,Point state: Winter,Not nesting
37720581174,Step state: Winter,Point state: Winter,Not nesting
37720581175,Step state: Winter,Point state: Winter,Not nesting
37720581176,Step state: Winter,Point state: Winter,Not nesting
37720581177,Step state: Winter,Point state: Winter,Not nesting
37720581178,Step state: Winter,Point state: Winter,Not nesting
37720581179,Step state: Winter,Point state: Winter,Not nesting
37720581180,Step state: Winter,Point state: Winter,Not nesting
37720581181,Step state: Winter,Point state: Winter,Not nesting
37720581182,Step state: Winter,Point state: Winter,Not nesting
37720581183,Step state: Winter,Point state: Winter,Not nesting
37720581184,Step state: Winter,Point state: Winter,Not nesting
37720581185,Step state: Winter,Point state: Winter,Not nesting
37720581186,Step state: Winter,Point state: Winter,Not nesting
37720581187,Step state: Winter,Point state: Winter,Not nesting
37720581188,Step state: Winter,Point state: Winter,Not nesting
37720581189,Step state: Winter,Point state: Winter,Not nesting
37720581190,Step state: Winter,Point state: Winter,Not nesting
37720581191,Step state: Winter,Point state: Winter,Not nesting
37720581192,Step state: Winter,Point state: Winter,Not nesting
37720581193,Step state: Winter,Point state: Winter,Not nesting
37720581194,Step state: Winter,Point state: Winter,Not nesting
37720581195,Step state: Winter,Point state: Winter,Not nesting
37720581196,Step state: Winter,Point state: Winter,Not nesting
37720581197,Step state: Winter,Point state: Winter,Not nesting
37720581198,Step state: Winter,Point state: Winter,Not nesting
37720581199,Step state: Winter,Point state: Winter,Not nesting
37720581200,Step state: Winter,Point state: Winter,Not nesting
37720581201,Step state: Winter,Point state: Winter,Not nesting
37720581202,Step state: Winter,Point state: Winter,Not nesting
37720581203,Step state: Winter,Point state: Winter,Not nesting
37720581204,Step state: Winter,Point state: Winter,Not nesting
37720581205,Step state: Winter,Point state: Winter,Not nesting
37720581206,Step state: Winter,Point state: Winter,Not nesting
37720581207,Step state: Winter,Point state: Winter,Not nesting
37720581208,Step state: Winter,Point state: Winter,Not nesting
37720581209,Step state: Winter,Point state: Winter,Not nesting
37720581210,Step state: Winter,Point state: Winter,Not nesting
37720581211,Step state: Winter,Point state: Winter,Not nesting
37720581212,Step state: Winter,Point state: Winter,Not nesting
37720581213,Step state: Winter,Point state: Winter,Not nesting
37720581214,Step state: Winter,Point state: Winter,Not nesting
37720581215,Step state: Winter,Point state: Winter,Not nesting
37720581216,Step state: Winter,Point state: Winter,Not nesting
37720581217,Step state: Winter,Point state: Winter,Not nesting
37720581218,Step state: Winter,Point state: Winter,Not nesting
37720581219,Step state: Winter,Point state: Winter,Not nesting
37720581220,Step state: Winter,Point state: Winter,Not nesting
37720581221,Step state: Winter,Point state: Winter,Not nesting
37720581222,Step state: Winter,Point state: Winter,Not nesting
37720581223,Step state: Winter,Point state: Winter,Not nesting
37720581224,Step state: Winter,Point state: Winter,Not nesting
37720581225,Step state: Winter,Point state: Winter,Not nesting
37720581226,Step state: Winter,Point state: Winter,Not nesting
37720581227,Step state: Winter,Point state: Winter,Not nesting
37720581228,Step state: Winter,Point state: Winter,Not nesting
37720581229,Step state: Winter,Point state: Winter,Not nesting
37720581230,Step state: Winter,Point state: Winter,Not nesting
37720581231,Step state: Winter,Point state: Winter,Not nesting
37720581232,Step state: Winter,Point state: Winter,Not nesting
37720581233,Step state: Winter,Point state: Winter,Not nesting
37720581234,Step state: Winter,Point state: Winter,Not nesting
37720581235,Step state: Winter,Point state: Winter,Not nesting
37720581236,Step state: Winter,Point state: Winter,Not nesting
37720581237,Step state: Winter,Point state: Winter,Not nesting
37720581238,Step state: Winter,Point state: Winter,Not nesting
37720581239,Step state: Winter,Point state: Winter,Not nesting
37720581240,Step state: Winter,Point state: Winter,Not nesting
37720581241,Step state: Winter,Point state: Winter,Not nesting
37720581242,Step state: Winter,Point state: Winter,Not nesting
37720581243,Step state: Winter,Point state: Winter,Not nesting
37720581244,Step state: Winter,Point state: Winter,Not nesting
37720581245,Step state: Winter,Point state: Winter,Not nesting
37720581246,Step state: Winter,Point state: Winter,Not nesting
37720581247,Step state: Winter,Point state: Winter,Not nesting
37720581248,Step state: Winter,Point state: Winter,Not nesting
37720581249,Step state: Winter,Point state: Winter,Not nesting
37720581250,Step state: Winter,Point state: Winter,Not nesting
37720581251,Step state: Winter,Point state: Winter,Not nesting
37720581252,Step state: Winter,Point state: Winter,Not nesting
37720581253,Step state: Winter,Point state: Winter,Not nesting
37720581254,Step state: Winter,Point state: Winter,Not nesting
37720581255,Step state: Winter,Point state: Winter,Not nesting
37720581256,Step state: Winter,Point state: Winter,Not nesting
37720581257,Step state: Winter,Point state: Winter,Not nesting
37720581258,Step state: Winter,Point state: Winter,Not nesting
37720581259,Step state: Winter,Point state: Winter,Not nesting
37720581260,Step state: Winter,Point state: Winter,Not nesting
37720581261,Step state: Winter,Point state: Winter,Not nesting
37720581262,Step state: Winter,Point state: Winter,Not nesting
37720581263,Step state: Winter,Point state: Winter,Not nesting
37720581264,Step state: Winter,Point state: Winter,Not nesting
37720581265,Step state: Winter,Point state: Winter,Not nesting
37720581266,Step state: Winter,Point state: Winter,Not nesting
37720581267,Step state: Winter,Point state: Winter,Not nesting
37720581268,Step state: Winter,Point state: Winter,Not nesting
37720581269,Step state: Winter,Point state: Winter,Not nesting
37720581270,Step state: Winter,Point state: Winter,Not nesting
37720581271,Step state: Winter,Point state: Winter,Not nesting
37720581272,Step state: Winter,Point state: Winter,Not nesting
37720581273,Step state: Winter,Point state: Winter,Not nesting
37720581274,Step state: Winter,Point state: Winter,Not nesting
37720581275,Step state: Winter,Point state: Winter,Not nesting
37720581276,Step state: Winter,Point state: Winter,Not nesting
37720581277,Step state: Winter,Point state: Winter,Not nesting
37720581278,Step state: Winter,Point state: Winter,Not nesting
37720581279,Step state: Winter,Point state: Winter,Not nesting
37720581280,Step state: Winter,Point state: Winter,Not nesting
37720581281,Step state: Winter,Point state: Winter,Not nesting
37720581282,Step state: Winter,Point state: Winter,Not nesting
37720581283,Step state: Winter,Point state: Winter,Not nesting
37720581284,Step state: Winter,Point state: Winter,Not nesting
37720581285,Step state: Winter,Point state: Winter,Not nesting
37720581286,Step state: Winter,Point state: Winter,Not nesting
37720581287,Step state: Winter,Point state: Winter,Not nesting
37720581288,Step state: Winter,Point state: Winter,Not nesting
37720581289,Step state: Winter,Point state: Winter,Not nesting
37720581290,Step state: Winter,Point state: Winter,Not nesting
37720581291,Step state: Winter,Point state: Winter,Not nesting
37720581292,Step state: Winter,Point state: Winter,Not nesting
37720581293,Step state: Winter,Point state: Winter,Not nesting
37720581294,Step state: Winter,Point state: Winter,Not nesting
37720581295,Step state: Winter,Point state: Winter,Not nesting
37720581296,Step state: Winter,Point state: Winter,Not nesting
37720581297,Step state: Winter,Point state: Winter,Not nesting
37720581298,Step state: Winter,Point state: Winter,Not nesting
37720581299,Step state: Winter,Point state: Winter,Not nesting
37720581300,Step state: Winter,Point state: Winter,Not nesting
37720581301,Step state: Winter,Point state: Winter,Not nesting
37720581302,Step state: Winter,Point state: Winter,Not nesting
37720581303,Step state: Winter,Point state: Winter,Not nesting
37720581304,Step state: Winter,Point state: Winter,Not nesting
37720581305,Step state: Winter,Point state: Winter,Not nesting
37720581306,Step state: Winter,Point state: Winter,Not nesting
37720581307,Step state: Winter,Point state: Winter,Not nesting
37720581308,Step state: Winter,Point state: Winter,Not nesting
37720581309,Step state: Winter,Point state: Winter,Not nesting
37720581310,Step state: Winter,Point state: Winter,Not nesting
37720581311,Step state: Winter,Point state: Winter,Not nesting
37720581312,Step state: Winter,Point state: Winter,Not nesting
37720581313,Step state: Winter,Point state: Winter,Not nesting
37720581314,Step state: Winter,Point state: Winter,Not nesting
37720581315,Step state: Winter,Point state: Winter,Not nesting
37720581316,Step state: Winter,Point state: Winter,Not nesting
37720581317,Step state: Winter,Point state: Winter,Not nesting
37720581318,Step state: Winter,Point state: Winter,Not nesting
37720581319,Step state: Winter,Point state: Winter,Not nesting
37720581320,Step state: Winter,Point state: Winter,Not nesting
37720581321,Step state: Winter,Point state: Winter,Not nesting
37720581322,Step state: Winter,Point state: Winter,Not nesting
37720581323,Step state: Winter,Point state: Winter,Not nesting
37720581324,Step state: Winter,Point state: Winter,Not nesting
37720581325,Step state: Winter,Point state: Winter,Not nesting
37720581326,Step state: Winter,Point state: Winter,Not nesting
37720581327,Step state: Winter,Point state: Winter,Not nesting
37720581328,Step state: Winter,Point state: Winter,Not nesting
37720581329,Step state: Winter,Point state: Winter,Not nesting
37720581330,Step state: Winter,Point state: Winter,Not nesting
37720581331,Step state: Winter,Point state: Winter,Not nesting
37720581332,Step state: Winter,Point state: Winter,Not nesting
37720581333,Step state: Winter,Point state: Winter,Not nesting
37720581334,Step state: Winter,Point state: Winter,Not nesting
37720581335,Step state: Winter,Point state: Winter,Not nesting
37720581336,Step state: Winter,Point state: Winter,Not nesting
37720581337,Step state: Winter,Point state: Winter,Not nesting
37720581338,Step state: Winter,Point state: Winter,Not nesting
37720581339,Step state: Winter,Point state: Winter,Not nesting
37720581340,Step state: Winter,Point state: Winter,Not nesting
37720581341,Step state: Winter,Point state: Winter,Not nesting
37720581342,Step state: Winter,Point state: Winter,Not nesting
37720581343,Step state: Winter,Point state: Winter,Not nesting
37720581344,Step state: Winter,Point state: Winter,Not nesting
37720581345,Step state: Winter,Point state: Winter,Not nesting
37720581346,Step state: Winter,Point state: Winter,Not nesting
37720581347,Step state: Winter,Point state: Winter,Not nesting
37720581348,Step state: Winter,Point state: Winter,Not nesting
37720581349,Step state: Winter,Point state: Winter,Not nesting
37720581350,Step state: Winter,Point state: Winter,Not nesting
37720581351,Step state: Winter,Point state: Winter,Not nesting
37720581352,Step state: Winter,Point state: Winter,Not nesting
37720581353,Step state: Winter,Point state: Winter,Not nesting
37720581354,Step state: Winter,Point state: Winter,Not nesting
37720581355,Step state: Winter,Point state: Winter,Not nesting
37720581356,Step state: Winter,Point state: Winter,Not nesting
37720581357,Step state: Winter,Point state: Winter,Not nesting
37720581358,Step state: Winter,Point state: Winter,Not nesting
37720581359,Step state: Winter,Point state: Winter,Not nesting
37720581360,Step state: Winter,Point state: Winter,Not nesting
37720581361,Step state: Winter,Point state: Winter,Not nesting
37720581362,Step state: Winter,Point state: Winter,Not nesting
37720581363,Step state: Winter,Point state: Winter,Not nesting
37720581364,Step state: Winter,Point state: Winter,Not nesting
37720581365,Step state: Winter,Point state: Winter,Not nesting
37720581366,Step state: Winter,Point state: Winter,Not nesting
37720581367,Step state: Winter,Point state: Winter,Not nesting
37720581368,Step state: Winter,Point state: Winter,Not nesting
37720581369,Step state: Winter,Point state: Winter,Not nesting
37720581370,Step state: Winter,Point state: Winter,Not nesting
37720581371,Step state: Winter,Point state: Winter,Not nesting
37720581372,Step state: Winter,Point state: Winter,Not nesting
37720581373,Step state: Winter,Point state: Winter,Not nesting
37720581374,Step state: Winter,Point state: Winter,Not nesting
37720581375,Step state: Winter,Point state: Winter,Not nesting
37720581376,Step state: Winter,Point state: Winter,Not nesting
37720581377,Step state: Winter,Point state: Winter,Not nesting
37720581378,Step state: Winter,Point state: Winter,Not nesting
37720581379,Step state: Winter,Point state: Winter,Not nesting
37720581380,Step state: Winter,Point state: Winter,Not nesting
37720581381,Step state: Winter,Point state: Winter,Not nesting
37720581382,Step state: Winter,Point state: Winter,Not nesting
37720581383,Step state: Winter,Point state: Winter,Not nesting
37720581384,Step state: Winter,Point state: Winter,Not nesting
37720581385,Step state: Winter,Point state: Winter,Not nesting
37720581386,Step state: Winter,Point state: Winter,Not nesting
37720581387,Step state: Winter,Point state: Winter,Not nesting
37720581388,Step state: Winter,Point state: Winter,Not nesting
37720581389,Step state: Winter,Point state: Winter,Not nesting
37720581390,Step state: Winter,Point state: Winter,Not nesting
37720581391,Step state: Winter,Point state: Winter,Not nesting
37720581392,Step state: Winter,Point state: Winter,Not nesting
37720581393,Step state: Winter,Point state: Winter,Not nesting
37720581394,Step state: Winter,Point state: Winter,Not nesting
37720581395,Step state: Winter,Point state: Winter,Not nesting
37720581396,Step state: Winter,Point state: Winter,Not nesting
37720581397,Step state: Winter,Point state: Winter,Not nesting
37720581398,Step state: Winter,Point state: Winter,Not nesting
37720581399,Step state: Winter,Point state: Winter,Not nesting
37720581400,Step state: Winter,Point state: Winter,Not nesting
37720581401,Step state: Winter,Point state: Winter,Not nesting
37720581402,Step state: Winter,Point state: Winter,Not nesting
37720581403,Step state: Winter,Point state: Winter,Not nesting
37720581404,Step state: Winter,Point state: Winter,Not nesting
37720581405,Step state: Winter,Point state: Winter,Not nesting
37720581406,Step state: Winter,Point state: Winter,Not nesting
37720581407,Step state: Winter,Point state: Winter,Not nesting
37720581408,Step state: Winter,Point state: Winter,Not nesting
37720581409,Step state: Winter,Point state: Winter,Not nesting
37720581410,Step state: Winter,Point state: Winter,Not nesting
37720581411,Step state: Winter,Point state: Winter,Not nesting
37720581412,Step state: Winter,Point state: Winter,Not nesting
37720581413,Step state: Winter,Point state: Winter,Not nesting
37720581414,Step state: Winter,Point state: Winter,Not nesting
37720581415,Step state: Winter,Point state: Winter,Not nesting
37720581416,Step state: Winter,Point state: Winter,Not nesting
37720581417,Step state: Winter,Point state: Winter,Not nesting
37720581418,Step state: Winter,Point state: Winter,Not nesting
37720581419,Step state: Winter,Point state: Winter,Not nesting
37720581420,Step state: Winter,Point state: Winter,Not nesting
37720581421,Step state: Winter,Point state: Winter,Not nesting
37720581422,Step state: Winter,Point state: Winter,Not nesting
37720581423,Step state: Winter,Point state: Winter,Not nesting
37720581424,Step state: Winter,Point state: Winter,Not nesting
37720581425,Step state: Winter,Point state: Winter,Not nesting
37720581426,Step state: Winter,Point state: Winter,Not nesting
37720581427,Step state: Winter,Point state: Winter,Not nesting
37720581428,Step state: Winter,Point state: Winter,Not nesting
37720581429,Step state: Winter,Point state: Winter,Not nesting
37720581430,Step state: Winter,Point state: Winter,Not nesting
37720581431,Step state: Winter,Point state: Winter,Not nesting
37720581432,Step state: Winter,Point state: Winter,Not nesting
37720581433,Step state: Winter,Point state: Winter,Not nesting
37720581434,Step state: Winter,Point state: Winter,Not nesting
37720581435,Step state: Winter,Point state: Winter,Not nesting
37720581436,Step state: Winter,Point state: Winter,Not nesting
37720581437,Step state: Winter,Point state: Winter,Not nesting
37720581438,Step state: Winter,Point state: Winter,Not nesting
37720581439,Step state: Winter,Point state: Winter,Not nesting
37720581440,Step state: Winter,Point state: Winter,Not nesting
37720581441,Step state: Winter,Point state: Winter,Not nesting
37720581442,Step state: Winter,Point state: Winter,Not nesting
37720581443,Step state: Winter,Point state: Winter,Not nesting
37720581444,Step state: Winter,Point state: Winter,Not nesting
37720581445,Step state: Winter,Point state: Winter,Not nesting
37720581446,Step state: Winter,Point state: Winter,Not nesting
37720581447,Step state: Winter,Point state: Winter,Not nesting
37720581448,Step state: Winter,Point state: Winter,Not nesting
37720581449,Step state: Winter,Point state: Winter,Not nesting
37720581450,Step state: Winter,Point state: Winter,Not nesting
37720581451,Step state: Winter,Point state: Winter,Not nesting
37720581452,Step state: Winter,Point state: Winter,Not nesting
37720581453,Step state: Winter,Point state: Winter,Not nesting
37720581454,Step state: Winter,Point state: Winter,Not nesting
37720581455,Step state: Winter,Point state: Winter,Not nesting
37720581456,Step state: Winter,Point state: Winter,Not nesting
37720581457,Step state: Winter,Point state: Winter,Not nesting
37720581458,Step state: Winter,Point state: Winter,Not nesting
37720581459,Step state: Winter,Point state: Winter,Not nesting
37720581460,Step state: Winter,Point state: Winter,Not nesting
37720581461,Step state: Winter,Point state: Winter,Not nesting
37720581462,Step state: Winter,Point state: Winter,Not nesting
37720581463,Step state: Winter,Point state: Winter,Not nesting
37720581464,Step state: Winter,Point state: Winter,Not nesting
37720581465,Step state: Winter,Point state: Winter,Not nesting
37720581466,Step state: Winter,Point state: Winter,Not nesting
37720581467,Step state: Winter,Point state: Winter,Not nesting
37720581468,Step state: Winter,Point state: Winter,Not nesting
37720581469,Step state: Winter,Point state: Winter,Not nesting
37720581470,Step state: Winter,Point state: Winter,Not nesting
37720581471,Step state: Winter,Point state: Winter,Not nesting
37720581472,Step state: Winter,Point state: Winter,Not nesting
37720581473,Step state: Winter,Point state: Winter,Not nesting
37720581474,Step state: Winter,Point state: Winter,Not nesting
37720581475,Step state: Winter,Point state: Winter,Not nesting
37720581476,Step state: Winter,Point state: Winter,Not nesting
37720581477,Step state: Winter,Point state: Winter,Not nesting
37720581478,Step state: Winter,Point state: Winter,Not nesting
37720581479,Step state: Winter,Point state: Winter,Not nesting
37720581480,Step state: Winter,Point state: Winter,Not nesting
37720581481,Step state: Winter,Point state: Winter,Not nesting
37720581482,Step state: Winter,Point state: Winter,Not nesting
37720581483,Step state: Winter,Point state: Winter,Not nesting
37720581484,Step state: Winter,Point state: Winter,Not nesting
37720581485,Step state: Winter,Point state: Winter,Not nesting
37720581486,Step state: Winter,Point state: Winter,Not nesting
37720581487,Step state: Winter,Point state: Winter,Not nesting
37720581488,Step state: Winter,Point state: Winter,Not nesting
37720581489,Step state: Winter,Point state: Winter,Not nesting
37720581490,Step state: Winter,Point state: Winter,Not nesting
37720581491,Step state: Winter,Point state: Winter,Not nesting
37720581492,Step state: Winter,Point state: Winter,Not nesting
37720581493,Step state: Winter,Point state: Winter,Not nesting
37720581494,Step state: Winter,Point state: Winter,Not nesting
37720581495,Step state: Winter,Point state: Winter,Not nesting
37720581496,Step state: Winter,Point state: Winter,Not nesting
37720581497,Step state: Winter,Point state: Winter,Not nesting
37720581498,Step state: Winter,Point state: Winter,Not nesting
37720581499,Step state: Winter,Point state: Winter,Not nesting
37720581500,Step state: Winter,Point state: Winter,Not nesting
37720581501,Step state: Winter,Point state: Winter,Not nesting
37720581502,Step state: Winter,Point state: Winter,Not nesting
37720581503,Step state: Winter,Point state: Winter,Not nesting
37720581504,Step state: Winter,Point state: Winter,Not nesting
37720581505,Step state: Winter,Point state: Winter,Not nesting
37720581506,Step state: Winter,Point state: Winter,Not nesting
37720581507,Step state: Winter,Point state: Winter,Not nesting
37720581508,Step state: Winter,Point state: Winter,Not nesting
37720581509,Step state: Winter,Point state: Winter,Not nesting
37720581510,Step state: Winter,Point state: Winter,Not nesting
37720581511,Step state: Winter,Point state: Winter,Not nesting
37720581512,Step state: Winter,Point state: Winter,Not nesting
37720581513,Step state: Winter,Point state: Winter,Not nesting
37720581514,Step state: Winter,Point state: Winter,Not nesting
37720581515,Step state: Winter,Point state: Winter,Not nesting
37720581516,Step state: Winter,Point state: Winter,Not nesting
37720581517,Step state: Winter,Point state: Winter,Not nesting
37720581518,Step state: Winter,Point state: Winter,Not nesting
37720581519,Step state: Winter,Point state: Winter,Not nesting
37720581520,Step state: Winter,Point state: Winter,Not nesting
37720581521,Step state: Winter,Point state: Winter,Not nesting
37720581522,Step state: Winter,Point state: Winter,Not nesting
37720581523,Step state: Winter,Point state: Winter,Not nesting
37720581524,Step state: Winter,Point state: Winter,Not nesting
37720581525,Step state: Winter,Point state: Winter,Not nesting
37720581526,Step state: Winter,Point state: Winter,Not nesting
37720581527,Step state: Winter,Point state: Winter,Not nesting
37720581528,Step state: Winter,Point state: Winter,Not nesting
37720581529,Step state: Winter,Point state: Winter,Not nesting
37720581530,Step state: Winter,Point state: Winter,Not nesting
37720581531,Step state: Winter,Point state: Winter,Not nesting
37720581532,Step state: Winter,Point state: Winter,Not nesting
37720581533,Step state: Winter,Point state: Winter,Not nesting
37720581534,Step state: Winter,Point state: Winter,Not nesting
37720581535,Step state: Winter,Point state: Winter,Not nesting
37720581536,Step state: Winter,Point state: Winter,Not nesting
37720581537,Step state: Winter,Point state: Winter,Not nesting
37720581538,Step state: Winter,Point state: Winter,Not nesting
37720581539,Step state: Winter,Point state: Winter,Not nesting
37720581540,Step state: Winter,Point state: Winter,Not nesting
37720581541,Step state: Winter,Point state: Winter,Not nesting
37720581542,Step state: Winter,Point state: Winter,Not nesting
37720581543,Step state: Winter,Point state: Winter,Not nesting
37720581544,Step state: Winter,Point state: Winter,Not nesting
37720581545,Step state: Winter,Point state: Winter,Not nesting
37720581546,Step state: Winter,Point state: Winter,Not nesting
37720581547,Step state: Winter,Point state: Winter,Not nesting
37720581548,Step state: Winter,Point state: Winter,Not nesting
37720581549,Step state: Winter,Point state: Winter,Not nesting
37720581550,Step state: Winter,Point state: Winter,Not nesting
37720581551,Step state: Winter,Point state: Winter,Not nesting
37720581552,Step state: Winter,Point state: Winter,Not nesting
37720581553,Step state: Winter,Point state: Winter,Not nesting
37720581554,Step state: Winter,Point state: Winter,Not nesting
37720581555,Step state: Winter,Point state: Winter,Not nesting
37720581556,Step state: Winter,Point state: Winter,Not nesting
37720581557,Step state: Winter,Point state: Winter,Not nesting
37720581558,Step state: Winter,Point state: Winter,Not nesting
37720581559,Step state: Winter,Point state: Winter,Not nesting
37720581560,Step state: Winter,Point state: Winter,Not nesting
37720581561,Step state: Winter,Point state: Winter,Not nesting
37720581562,Step state: Winter,Point state: Winter,Not nesting
37720581563,Step state: Winter,Point state: Winter,Not nesting
37720581564,Step state: Winter,Point state: Winter,Not nesting
37720581565,Step state: Winter,Point state: Winter,Not nesting
37720581566,Step state: Winter,Point state: Winter,Not nesting
37720581567,Step state: Winter,Point state: Winter,Not nesting
37720581568,Step state: Winter,Point state: Winter,Not nesting
37720581569,Step state: Winter,Point state: Winter,Not nesting
37720581570,Step state: Winter,Point state: Winter,Not nesting
37720581571,Step state: Winter,Point state: Winter,Not nesting
37720581572,Step state: Winter,Point state: Winter,Not nesting
37720581573,Step state: Winter,Point state: Winter,Not nesting
37720581574,Step state: Winter,Point state: Winter,Not nesting
37720581575,Step state: Winter,Point state: Winter,Not nesting
37720581576,Step state: Winter,Point state: Winter,Not nesting
37720581577,Step state: Winter,Point state: Winter,Not nesting
37720581578,Step state: Winter,Point state: Winter,Not nesting
37720581579,Step state: Winter,Point state: Winter,Not nesting
37720581580,Step state: Winter,Point state: Winter,Not nesting
37720581581,Step state: Winter,Point state: Winter,Not nesting
37720581582,Step state: Winter,Point state: Winter,Not nesting
37720581583,Step state: Winter,Point state: Winter,Not nesting
37720581584,Step state: Winter,Point state: Winter,Not nesting
37720581585,Step state: Winter,Point state: Winter,Not nesting
37720581586,Step state: Winter,Point state: Winter,Not nesting
37720581587,Step state: Winter,Point state: Winter,Not nesting
37720581588,Step state: Winter,Point state: Winter,Not nesting
37720581589,Step state: Winter,Point state: Winter,Not nesting
37720581590,Step state: Winter,Point state: Winter,Not nesting
37720581591,Step state: Winter,Point state: Winter,Not nesting
37720581592,Step state: Winter,Point state: Winter,Not nesting
37720581593,Step state: Winter,Point state: Winter,Not nesting
37720581594,Step state: Winter,Point state: Winter,Not nesting
37720581595,Step state: Winter,Point state: Winter,Not nesting
37720581596,Step state: Winter,Point state: Winter,Not nesting
37720581597,Step state: Winter,Point state: Winter,Not nesting
37720581598,Step state: Winter,Point state: Winter,Not nesting
37720581599,Step state: Winter,Point state: Winter,Not nesting
37720581600,Step state: Winter,Point state: Winter,Not nesting
37720581601,Step state: Winter,Point state: Winter,Not nesting
37720581602,Step state: Winter,Point state: Winter,Not nesting
37720581603,Step state: Winter,Point state: Winter,Not nesting
37720581604,Step state: Winter,Point state: Winter,Not nesting
37720581605,Step state: Winter,Point state: Winter,Not nesting
37720581606,Step state: Winter,Point state: Winter,Not nesting
37720581607,Step state: Winter,Point state: Winter,Not nesting
37720581608,Step state: Winter,Point state: Winter,Not nesting
37720581609,Step state: Winter,Point state: Winter,Not nesting
37720581610,Step state: Winter,Point state: Winter,Not nesting
37720581611,Step state: Winter,Point state: Winter,Not nesting
37720581612,Step state: Winter,Point state: Winter,Not nesting
37720581613,Step state: Winter,Point state: Winter,Not nesting
37720581614,Step state: Winter,Point state: Winter,Not nesting
37720581615,Step state: Winter,Point state: Winter,Not nesting
37720581616,Step state: Winter,Point state: Winter,Not nesting
37720581617,Step state: Winter,Point state: Winter,Not nesting
37720581618,Step state: Winter,Point state: Winter,Not nesting
37720581619,Step state: Winter,Point state: Winter,Not nesting
37720581620,Step state: Winter,Point state: Winter,Not nesting
37720581621,Step state: Winter,Point state: Winter,Not nesting
37720581622,Step state: Winter,Point state: Winter,Not nesting
37720581623,Step state: Winter,Point state: Winter,Not nesting
37720581624,Step state: Winter,Point state: Winter,Not nesting
37720581625,Step state: Winter,Point state: Winter,Not nesting
37720581626,Step state: Winter,Point state: Winter,Not nesting
37720581627,Step state: Winter,Point state: Winter,Not nesting
37720581628,Step state: Winter,Point state: Winter,Not nesting
37720581629,Step state: Winter,Point state: Winter,Not nesting
37720581630,Step state: Winter,Point state: Winter,Not nesting
37720581631,Step state: Winter,Point state: Winter,Not nesting
37720581632,Step state: Winter,Point state: Winter,Not nesting
37720581633,Step state: Winter,Point state: Winter,Not nesting
37720581634,Step state: Winter,Point state: Winter,Not nesting
37720581635,Step state: Winter,Point state: Winter,Not nesting
37720581636,Step state: Winter,Point state: Winter,Not nesting
37720581637,Step state: Winter,Point state: Winter,Not nesting
37720581638,Step state: Winter,Point state: Winter,Not nesting
37720581639,Step state: Winter,Point state: Winter,Not nesting
37720581640,Step state: Winter,Point state: Winter,Not nesting
37720581641,Step state: Winter,Point state: Winter,Not nesting
37720581642,Step state: Winter,Point state: Winter,Not nesting
37720581643,Step state: Winter,Point state: Winter,Not nesting
37720581644,Step state: Winter,Point state: Winter,Not nesting
37720581645,Step state: Winter,Point state: Winter,Not nesting
37720581646,Step state: Winter,Point state: Winter,Not nesting
37720581647,Step state: Winter,Point state: Winter,Not nesting
37720581648,Step state: Winter,Point state: Winter,Not nesting
37720581649,Step state: Winter,Point state: Winter,Not nesting
37720581650,Step state: Winter,Point state: Winter,Not nesting
37720581651,Step state: Winter,Point state: Winter,Not nesting
37720581652,Step state: Winter,Point state: Winter,Not nesting
37720581653,Step state: Winter,Point state: Winter,Not nesting
37720581654,Step state: Winter,Point state: Winter,Not nesting
37720581655,Step state: Winter,Point state: Winter,Not nesting
37817259651,Step state: Summer,Point state: Summer,Not nesting
37817259652,Step state: Migratory (summer),Point state: Migratory (summer),Not nesting
37817259653,Step state: Summer,Point state: Summer,Not nesting
37817259654,Step state: Summer,Point state: Summer,Not nesting
37817259655,Step state: Summer,Point state: Summer,Not nesting
37817259656,Step state: Summer,Point state: Summer,Not nesting
37817259657,Step state: Summer,Point state: Summer,Not nesting
37817259658,Step state: Migratory (fall),Point state: Summer,Not nesting
37817259659,Step state: Migratory (fall),Point state: Summer,Not nesting
37817259660,Step state: Migratory (fall),Point state: Summer,Not nesting
37817259661,Step state: Migratory (fall),Point state: Summer,Not nesting
37817259662,Step state: Migratory (summer),Point state: Migratory (summer),Not nesting
37817259663,Step state: Migratory (fall),Point state: Summer,Not nesting
37817259664,Step state: Migratory (fall),Point state: Summer,Not nesting
37817259665,Step state: Migratory (fall),Point state: Summer,Not nesting
37817259666,Step state: Migratory (fall),Point state: Summer,Not nesting
37817259667,Step state: Winter,Point state: Winter,Not nesting
37817259668,Step state: Winter,Point state: Winter,Not nesting
37817259669,Step state: Winter,Point state: Winter,Not nesting
37817259670,Step state: Winter,Point state: Winter,Not nesting
37817259671,Step state: Winter,Point state: Winter,Not nesting
37817259672,Step state: Winter,Point state: Winter,Not nesting
37817259673,Step state: Winter,Point state: Winter,Not nesting
37817259674,Step state: Winter,Point state: Winter,Not nesting
37817259675,Step state: Winter,Point state: Winter,Not nesting
37817259676,Step state: Winter,Point state: Winter,Not nesting
37817259677,Step state: Winter,Point state: Winter,Not nesting
37817259678,Step state: Winter,Point state: Winter,Not nesting
37817259679,Step state: Winter,Point state: Winter,Not nesting
37817259680,Step state: Winter,Point state: Winter,Not nesting
37817259681,Step state: Winter,Point state: Winter,Not nesting
37817259682,Step state: Winter,Point state: Winter,Not nesting
37817259683,Step state: Winter,Point state: Winter,Not nesting
37817259684,Step state: Winter,Point state: Winter,Not nesting
37817259685,Step state: Winter,Point state: Winter,Not nesting
37817259686,Step state: Winter,Point state: Winter,Not nesting
37817259687,Step state: Winter,Point state: Winter,Not nesting
37817259688,Step state: Winter,Point state: Winter,Not nesting
37817259689,Step state: Winter,Point state: Winter,Not nesting
37817259690,Step state: Winter,Point state: Winter,Not nesting
37817259691,Step state: Winter,Point state: Winter,Not nesting
37817259692,Step state: Winter,Point state: Winter,Not nesting
37817259693,Step state: Winter,Point state: Winter,Not nesting
37817259694,Step state: Winter,Point state: Winter,Not nesting
37817259695,Step state: Winter,Point state: Winter,Not nesting
37817259696,Step state: Winter,Point state: Winter,Not nesting
37817259697,Step state: Winter,Point state: Winter,Not nesting
37817259698,Step state: Winter,Point state: Winter,Not nesting
37817259699,Step state: Winter,Point state: Winter,Not nesting
37817259700,Step state: Winter,Point state: Winter,Not nesting
37817259701,Step state: Winter,Point state: Winter,Not nesting
37817259702,Step state: Winter,Point state: Winter,Not nesting
37817259703,Step state: Winter,Point state: Winter,Not nesting
37817259704,Step state: Winter,Point state: Winter,Not nesting
37817259705,Step state: Winter,Point state: Winter,Not nesting
37817259706,Step state: Winter,Point state: Winter,Not nesting
37817259707,Step state: Winter,Point state: Winter,Not nesting
37817259708,Step state: Winter,Point state: Winter,Not nesting
37817259709,Step state: Winter,Point state: Winter,Not nesting
37817259710,Step state: Winter,Point state: Winter,Not nesting
37817259711,Step state: Winter,Point state: Winter,Not nesting
37817259712,Step state: Winter,Point state: Winter,Not nesting
37817259713,Step state: Winter,Point state: Winter,Not nesting
37817259714,Step state: Winter,Point state: Winter,Not nesting
37817259715,Step state: Winter,Point state: Winter,Not nesting
37817259716,Step state: Winter,Point state: Winter,Not nesting
37817259717,Step state: Winter,Point state: Winter,Not nesting
37817259718,Step state: Winter,Point state: Winter,Not nesting
37817259719,Step state: Winter,Point state: Winter,Not nesting
37817259720,Step state: Winter,Point state: Winter,Not nesting
37817259721,Step state: Winter,Point state: Winter,Not nesting
37817259722,Step state: Winter,Point state: Winter,Not nesting
37817259723,Step state: Winter,Point state: Winter,Not nesting
37817259724,Step state: Winter,Point state: Winter,Not nesting
37817259725,Step state: Winter,Point state: Winter,Not nesting
37817259726,Step state: Winter,Point state: Winter,Not nesting
37817259727,Step state: Winter,Point state: Winter,Not nesting
37817259728,Step state: Winter,Point state: Winter,Not nesting
37817259729,Step state: Winter,Point state: Winter,Not nesting
37817259730,Step state: Winter,Point state: Winter,Not nesting
37817259731,Step state: Winter,Point state: Winter,Not nesting
37817259732,Step state: Winter,Point state: Winter,Not nesting
37817259733,Step state: Winter,Point state: Winter,Not nesting
37817259734,Step state: Winter,Point state: Winter,Not nesting
37817259735,Step state: Winter,Point state: Winter,Not nesting
37817259736,Step state: Winter,Point state: Winter,Not nesting
37817259737,Step state: Winter,Point state: Winter,Not nesting
37817259738,Step state: Winter,Point state: Winter,Not nesting
37817259739,Step state: Winter,Point state: Winter,Not nesting
37817259740,Step state: Winter,Point state: Winter,Not nesting
37817259741,Step state: Winter,Point state: Winter,Not nesting
37817259742,Step state: Winter,Point state: Winter,Not nesting
37817259743,Step state: Winter,Point state: Winter,Not nesting
37817259744,Step state: Winter,Point state: Winter,Not nesting
37817259745,Step state: Winter,Point state: Winter,Not nesting
37817259746,Step state: Winter,Point state: Winter,Not nesting
37817259747,Step state: Winter,Point state: Winter,Not nesting
37817259748,Step state: Winter,Point state: Winter,Not nesting
37817259749,Step state: Winter,Point state: Winter,Not nesting
37817259750,Step state: Winter,Point state: Winter,Not nesting
37817259751,Step state: Winter,Point state: Winter,Not nesting
37817259752,Step state: Winter,Point state: Winter,Not nesting
37817259753,Step state: Winter,Point state: Winter,Not nesting
37817259754,Step state: Winter,Point state: Winter,Not nesting
37817259755,Step state: Winter,Point state: Winter,Not nesting
37817259756,Step state: Winter,Point state: Winter,Not nesting
37817259757,Step state: Winter,Point state: Winter,Not nesting
37817259758,Step state: Winter,Point state: Winter,Not nesting
37817259759,Step state: Winter,Point state: Winter,Not nesting
37817259760,Step state: Winter,Point state: Winter,Not nesting
37817259761,Step state: Winter,Point state: Winter,Not nesting
37817259762,Step state: Winter,Point state: Winter,Not nesting
37817259763,Step state: Winter,Point state: Winter,Not nesting
37817259764,Step state: Winter,Point state: Winter,Not nesting
37817259765,Step state: Winter,Point state: Winter,Not nesting
37817259766,Step state: Winter,Point state: Winter,Not nesting
37817259767,Step state: Winter,Point state: Winter,Not nesting
37817259768,Step state: Winter,Point state: Winter,Not nesting
37817259769,Step state: Winter,Point state: Winter,Not nesting
37817259770,Step state: Winter,Point state: Winter,Not nesting
37817259771,Step state: Winter,Point state: Winter,Not nesting
37817259772,Step state: Winter,Point state: Winter,Not nesting
37817259773,Step state: Winter,Point state: Winter,Not nesting
37817259774,Step state: Winter,Point state: Winter,Not nesting
37817259775,Step state: Winter,Point state: Winter,Not nesting
37817259776,Step state: Winter,Point state: Winter,Not nesting
37817259777,Step state: Winter,Point state: Winter,Not nesting
37817259778,Step state: Winter,Point state: Winter,Not nesting
37817259779,Step state: Winter,Point state: Winter,Not nesting
37817259780,Step state: Winter,Point state: Winter,Not nesting
37817259781,Step state: Winter,Point state: Winter,Not nesting
37817259782,Step state: Winter,Point state: Winter,Not nesting
37817259783,Step state: Winter,Point state: Winter,Not nesting
37817259784,Step state: Winter,Point state: Winter,Not nesting
37817259785,Step state: Winter,Point state: Winter,Not nesting
37817259786,Step state: Winter,Point state: Winter,Not nesting
37817259787,Step state: Winter,Point state: Winter,Not nesting
37817259788,Step state: Winter,Point state: Winter,Not nesting
37817259789,Step state: Winter,Point state: Winter,Not nesting
37817259790,Step state: Winter,Point state: Winter,Not nesting
37817259791,Step state: Winter,Point state: Winter,Not nesting
37817259792,Step state: Winter,Point state: Winter,Not nesting
37817259793,Step state: Winter,Point state: Winter,Not nesting
37817259794,Step state: Winter,Point state: Winter,Not nesting
37817259795,Step state: Winter,Point state: Winter,Not nesting
37817259796,Step state: Winter,Point state: Winter,Not nesting
37817259797,Step state: Winter,Point state: Winter,Not nesting
37817259798,Step state: Winter,Point state: Winter,Not nesting
37817259799,Step state: Winter,Point state: Winter,Not nesting
37817259800,Step state: Winter,Point state: Winter,Not nesting
37817259801,Step state: Winter,Point state: Winter,Not nesting
37817259802,Step state: Winter,Point state: Winter,Not nesting
37817259803,Step state: Winter,Point state: Winter,Not nesting
37817259804,Step state: Winter,Point state: Winter,Not nesting
37817259805,Step state: Winter,Point state: Winter,Not nesting
37817259806,Step state: Winter,Point state: Winter,Not nesting
37817259807,Step state: Winter,Point state: Winter,Not nesting
37817259808,Step state: Winter,Point state: Winter,Not nesting
37817259809,Step state: Winter,Point state: Winter,Not nesting
37817259810,Step state: Winter,Point state: Winter,Not nesting
37817259811,Step state: Winter,Point state: Winter,Not nesting
37817259812,Step state: Winter,Point state: Winter,Not nesting
37817259813,Step state: Winter,Point state: Winter,Not nesting
37817259814,Step state: Winter,Point state: Winter,Not nesting
37817259815,Step state: Winter,Point state: Winter,Not nesting
37817259816,Step state: Winter,Point state: Winter,Not nesting
37817259817,Step state: Winter,Point state: Winter,Not nesting
37817259818,Step state: Winter,Point state: Winter,Not nesting
37817259819,Step state: Winter,Point state: Winter,Not nesting
37817259820,Step state: Winter,Point state: Winter,Not nesting
37817259821,Step state: Winter,Point state: Winter,Not nesting
37817259822,Step state: Winter,Point state: Winter,Not nesting
37817259823,Step state: Winter,Point state: Winter,Not nesting
37817259824,Step state: Winter,Point state: Winter,Not nesting
37817259825,Step state: Winter,Point state: Winter,Not nesting
37817259826,Step state: Winter,Point state: Winter,Not nesting
37817259827,Step state: Winter,Point state: Winter,Not nesting
37817259828,Step state: Winter,Point state: Winter,Not nesting
37817259829,Step state: Winter,Point state: Winter,Not nesting
37817259830,Step state: Winter,Point state: Winter,Not nesting
37817259831,Step state: Winter,Point state: Winter,Not nesting
37817259832,Step state: Winter,Point state: Winter,Not nesting
37817259833,Step state: Winter,Point state: Winter,Not nesting
37817259834,Step state: Winter,Point state: Winter,Not nesting
37817259835,Step state: Winter,Point state: Winter,Not nesting
37817259836,Step state: Winter,Point state: Winter,Not nesting
37817259837,Step state: Winter,Point state: Winter,Not nesting
37817259838,Step state: Winter,Point state: Winter,Not nesting
37817259839,Step state: Winter,Point state: Winter,Not nesting
37817259840,Step state: Winter,Point state: Winter,Not nesting
37817259841,Step state: Winter,Point state: Winter,Not nesting
37817259842,Step state: Winter,Point state: Winter,Not nesting
37817259843,Step state: Winter,Point state: Winter,Not nesting
37817259844,Step state: Winter,Point state: Winter,Not nesting
37817259845,Step state: Winter,Point state: Winter,Not nesting
37817259846,Step state: Winter,Point state: Winter,Not nesting
37817259847,Step state: Winter,Point state: Winter,Not nesting
37817259848,Step state: Winter,Point state: Winter,Not nesting
37817259849,Step state: Winter,Point state: Winter,Not nesting
37817259850,Step state: Winter,Point state: Winter,Not nesting
37817259851,Step state: Winter,Point state: Winter,Not nesting
37817259852,Step state: Winter,Point state: Winter,Not nesting
37817259853,Step state: Winter,Point state: Winter,Not nesting
37817259854,Step state: Winter,Point state: Winter,Not nesting
37817259855,Step state: Winter,Point state: Winter,Not nesting
37817259856,Step state: Winter,Point state: Winter,Not nesting
37817259857,Step state: Winter,Point state: Winter,Not nesting
37817259858,Step state: Winter,Point state: Winter,Not nesting
37817259859,Step state: Winter,Point state: Winter,Not nesting
37817259860,Step state: Winter,Point state: Winter,Not nesting
37817259861,Step state: Winter,Point state: Winter,Not nesting
37817259862,Step state: Winter,Point state: Winter,Not nesting
37817259863,Step state: Winter,Point state: Winter,Not nesting
37817259864,Step state: Winter,Point state: Winter,Not nesting
37817259865,Step state: Winter,Point state: Winter,Not nesting
37817259866,Step state: Winter,Point state: Winter,Not nesting
37817259867,Step state: Winter,Point state: Winter,Not nesting
37817259868,Step state: Winter,Point state: Winter,Not nesting
37817259869,Step state: Winter,Point state: Winter,Not nesting
37817259870,Step state: Winter,Point state: Winter,Not nesting
37817259871,Step state: Winter,Point state: Winter,Not nesting
37817259872,Step state: Winter,Point state: Winter,Not nesting
37817259873,Step state: Winter,Point state: Winter,Not nesting
37817259874,Step state: Winter,Point state: Winter,Not nesting
37817259875,Step state: Winter,Point state: Winter,Not nesting
37817259876,Step state: Winter,Point state: Winter,Not nesting
37817259877,Step state: Winter,Point state: Winter,Not nesting
37817259878,Step state: Winter,Point state: Winter,Not nesting
37817259879,Step state: Winter,Point state: Winter,Not nesting
37817259880,Step state: Winter,Point state: Winter,Not nesting
37817259881,Step state: Winter,Point state: Winter,Not nesting
37817259882,Step state: Winter,Point state: Winter,Not nesting
37817259883,Step state: Winter,Point state: Winter,Not nesting
37817259884,Step state: Winter,Point state: Winter,Not nesting
37817259885,Step state: Winter,Point state: Winter,Not nesting
37817259886,Step state: Winter,Point state: Winter,Not nesting
37817259887,Step state: Winter,Point state: Winter,Not nesting
37817259888,Step state: Winter,Point state: Winter,Not nesting
37817259889,Step state: Winter,Point state: Winter,Not nesting
37817259890,Step state: Winter,Point state: Winter,Not nesting
37817259891,Step state: Winter,Point state: Winter,Not nesting
37817259892,Step state: Winter,Point state: Winter,Not nesting
37817259893,Step state: Winter,Point state: Winter,Not nesting
37817259894,Step state: Winter,Point state: Winter,Not nesting
37817259895,Step state: Winter,Point state: Winter,Not nesting
37817259896,Step state: Winter,Point state: Winter,Not nesting
37817259897,Step state: Winter,Point state: Winter,Not nesting
37817259898,Step state: Winter,Point state: Winter,Not nesting
37817259899,Step state: Winter,Point state: Winter,Not nesting
37817259900,Step state: Winter,Point state: Winter,Not nesting
37817259901,Step state: Winter,Point state: Winter,Not nesting
37817259902,Step state: Winter,Point state: Winter,Not nesting
37817259903,Step state: Winter,Point state: Winter,Not nesting
37817259904,Step state: Winter,Point state: Winter,Not nesting
37817259905,Step state: Winter,Point state: Winter,Not nesting
37817259906,Step state: Winter,Point state: Winter,Not nesting
37817259907,Step state: Winter,Point state: Winter,Not nesting
37817259908,Step state: Winter,Point state: Winter,Not nesting
37817259909,Step state: Winter,Point state: Winter,Not nesting
37817259910,Step state: Winter,Point state: Winter,Not nesting
37817259911,Step state: Winter,Point state: Winter,Not nesting
37817259912,Step state: Winter,Point state: Winter,Not nesting
37817259913,Step state: Winter,Point state: Winter,Not nesting
37817259914,Step state: Winter,Point state: Winter,Not nesting
37817259915,Step state: Winter,Point state: Winter,Not nesting
37817259916,Step state: Winter,Point state: Winter,Not nesting
37817259917,Step state: Winter,Point state: Winter,Not nesting
37817259918,Step state: Winter,Point state: Winter,Not nesting
37817259919,Step state: Winter,Point state: Winter,Not nesting
37817259920,Step state: Winter,Point state: Winter,Not nesting
37817259921,Step state: Winter,Point state: Winter,Not nesting
37817259922,Step state: Winter,Point state: Winter,Not nesting
37817259923,Step state: Winter,Point state: Winter,Not nesting
37817259924,Step state: Winter,Point state: Winter,Not nesting
37817259926,Step state: Winter,Point state: Winter,Not nesting
37817259927,Step state: Winter,Point state: Winter,Not nesting
37817259928,Step state: Winter,Point state: Winter,Not nesting
37817259929,Step state: Winter,Point state: Winter,Not nesting
37817259930,Step state: Winter,Point state: Winter,Not nesting
37817259931,Step state: Winter,Point state: Winter,Not nesting
37817259932,Step state: Winter,Point state: Winter,Not nesting
37817259933,Step state: Winter,Point state: Winter,Not nesting
37817259934,Step state: Winter,Point state: Winter,Not nesting
37817259935,Step state: Winter,Point state: Winter,Not nesting
37817259936,Step state: Winter,Point state: Winter,Not nesting
37817259937,Step state: Winter,Point state: Winter,Not nesting
37817259938,Step state: Winter,Point state: Winter,Not nesting
37817259939,Step state: Winter,Point state: Winter,Not nesting
37817259940,Step state: Winter,Point state: Winter,Not nesting
37817259941,Step state: Winter,Point state: Winter,Not nesting
37817259942,Step state: Winter,Point state: Winter,Not nesting
37817259943,Step state: Winter,Point state: Winter,Not nesting
37817259944,Step state: Winter,Point state: Winter,Not nesting
37817259945,Step state: Winter,Point state: Winter,Not nesting
37817259946,Step state: Winter,Point state: Winter,Not nesting
37817259947,Step state: Winter,Point state: Winter,Not nesting
37817259948,Step state: Winter,Point state: Winter,Not nesting
37817259949,Step state: Winter,Point state: Winter,Not nesting
37817259950,Step state: Winter,Point state: Winter,Not nesting
37817259951,Step state: Winter,Point state: Winter,Not nesting
37817259952,Step state: Winter,Point state: Winter,Not nesting
37817259953,Step state: Winter,Point state: Winter,Not nesting
37817259954,Step state: Winter,Point state: Winter,Not nesting
37817259955,Step state: Winter,Point state: Winter,Not nesting
37817259956,Step state: Winter,Point state: Winter,Not nesting
37817259957,Step state: Winter,Point state: Winter,Not nesting
37817259958,Step state: Winter,Point state: Winter,Not nesting
37817259959,Step state: Winter,Point state: Winter,Not nesting
37817259960,Step state: Winter,Point state: Winter,Not nesting
37817259961,Step state: Winter,Point state: Winter,Not nesting
37817259962,Step state: Winter,Point state: Winter,Not nesting
37817259963,Step state: Winter,Point state: Winter,Not nesting
37817259964,Step state: Winter,Point state: Winter,Not nesting
37817259965,Step state: Winter,Point state: Winter,Not nesting
37817259966,Step state: Winter,Point state: Winter,Not nesting
37817259967,Step state: Winter,Point state: Winter,Not nesting
37817259968,Step state: Winter,Point state: Winter,Not nesting
37817259969,Step state: Winter,Point state: Winter,Not nesting
37817259970,Step state: Winter,Point state: Winter,Not nesting
37817259971,Step state: Winter,Point state: Winter,Not nesting
37817259972,Step state: Winter,Point state: Winter,Not nesting
37817259973,Step state: Winter,Point state: Winter,Not nesting
37817259974,Step state: Winter,Point state: Winter,Not nesting
37817259975,Step state: Winter,Point state: Winter,Not nesting
37817259976,Step state: Winter,Point state: Winter,Not nesting
37817259977,Step state: Winter,Point state: Winter,Not nesting
37817259979,Step state: Winter,Point state: Winter,Not nesting
37817259980,Step state: Migratory (spring),Point state: Winter,Not nesting
37817259981,Step state: Winter,Point state: Winter,Not nesting
37817259982,Step state: Winter,Point state: Winter,Not nesting
37817259983,Step state: Winter,Point state: Winter,Not nesting
37817259984,Step state: Winter,Point state: Winter,Not nesting
37817259985,Step state: Winter,Point state: Winter,Not nesting
37817259986,Step state: Winter,Point state: Winter,Not nesting
37817259987,Step state: Winter,Point state: Winter,Not nesting
37817259988,Step state: Winter,Point state: Winter,Not nesting
37817259989,Step state: Winter,Point state: Winter,Not nesting
37817259990,Step state: Winter,Point state: Winter,Not nesting
37817259991,Step state: Winter,Point state: Winter,Not nesting
37817259992,Step state: Winter,Point state: Winter,Not nesting
37817259993,Step state: Winter,Point state: Winter,Not nesting
37817259994,Step state: Winter,Point state: Winter,Not nesting
37817259995,Step state: Winter,Point state: Winter,Not nesting
37817259996,Step state: Winter,Point state: Winter,Not nesting
37817259997,Step state: Winter,Point state: Winter,Not nesting
37817259998,Step state: Winter,Point state: Winter,Not nesting
37817259999,Step state: Winter,Point state: Winter,Not nesting
37817260000,Step state: Winter,Point state: Winter,Not nesting
37817260001,Step state: Winter,Point state: Winter,Not nesting
37817260002,Step state: Winter,Point state: Winter,Not nesting
37817260003,Step state: Winter,Point state: Winter,Not nesting
37817260004,Step state: Winter,Point state: Winter,Not nesting
37973688432,Step state: Summer,Point state: Summer,Not nesting
37973688433,Step state: Summer,Point state: Summer,Not nesting
37973688434,Step state: Summer,Point state: Summer,Not nesting
37973688435,Step state: Migratory (fall),Point state: Summer,Not nesting
37973688436,Step state: Migratory (fall),Point state: Summer,Not nesting
37973688437,Step state: Migratory (fall),Point state: Summer,Not nesting
37973688438,Step state: Migratory (fall),Point state: Summer,Not nesting
37973688439,Step state: Migratory (fall),Point state: Summer,Not nesting
37973688440,Step state: Migratory (fall),Point state: Summer,Not nesting
37973688441,Step state: Winter,Point state: Winter,Not nesting
37973688442,Step state: Winter,Point state: Winter,Not nesting
37973688443,Step state: Winter,Point state: Winter,Not nesting
37973688444,Step state: Winter,Point state: Winter,Not nesting
37973688445,Step state: Winter,Point state: Winter,Not nesting
37973688446,Step state: Migratory (spring),Point state: Winter,Not nesting
37973688447,Step state: Winter,Point state: Winter,Not nesting
37973688448,Step state: Winter,Point state: Winter,Not nesting
37973688449,Step state: Migratory (spring),Point state: Winter,Not nesting
37973688450,Step state: Winter,Point state: Winter,Not nesting
37973688451,Step state: Winter,Point state: Winter,Not nesting
37973688453,Step state: Winter,Point state: Winter,Not nesting
37973688454,Step state: Winter,Point state: Winter,Not nesting
37973688455,Step state: Winter,Point state: Winter,Not nesting
37973688456,Step state: Winter,Point state: Winter,Not nesting
37973688457,Step state: Winter,Point state: Winter,Not nesting
37973688458,Step state: Winter,Point state: Winter,Not nesting
37973688459,Step state: Winter,Point state: Winter,Not nesting
37973688460,Step state: Winter,Point state: Winter,Not nesting
37973688461,Step state: Winter,Point state: Winter,Not nesting
37973688462,Step state: Winter,Point state: Winter,Not nesting
37973688463,Step state: Winter,Point state: Winter,Not nesting
37973688464,Step state: Winter,Point state: Winter,Not nesting
37973688465,Step state: Winter,Point state: Winter,Not nesting
37973688466,Step state: Migratory (spring),Point state: Migratory (spring),Not nesting
37973688467,Step state: Winter,Point state: Winter,Not nesting
37973688468,Step state: Winter,Point state: Winter,Not nesting
37973688470,Step state: Winter,Point state: Winter,Not nesting
37973688471,Step state: Winter,Point state: Winter,Not nesting
37973688472,Step state: Winter,Point state: Winter,Not nesting
37973688473,Step state: Winter,Point state: Winter,Not nesting
37973688474,Step state: Winter,Point state: Winter,Not nesting
37973688475,Step state: Winter,Point state: Winter,Not nesting
37973688476,Step state: Winter,Point state: Winter,Not nesting
37973688477,Step state: Winter,Point state: Winter,Not nesting
37973688478,Step state: Winter,Point state: Winter,Not nesting
37973688479,Step state: Winter,Point state: Winter,Not nesting
37973688480,Step state: Winter,Point state: Winter,Not nesting
37973688481,Step state: Winter,Point state: Winter,Not nesting
37973688482,Step state: Winter,Point state: Winter,Not nesting
37973688483,Step state: Winter,Point state: Winter,Not nesting
37973688484,Step state: Winter,Point state: Winter,Not nesting
37973688485,Step state: Winter,Point state: Winter,Not nesting
37973688486,Step state: Winter,Point state: Winter,Not nesting
37973688487,Step state: Winter,Point state: Winter,Not nesting
37973688488,Step state: Winter,Point state: Winter,Not nesting
37973688489,Step state: Winter,Point state: Winter,Not nesting
37973688490,Step state: Winter,Point state: Winter,Not nesting
37973688491,Step state: Winter,Point state: Winter,Not nesting
37973688492,Step state: Winter,Point state: Winter,Not nesting
37973688493,Step state: Winter,Point state: Winter,Not nesting
37973688494,Step state: Winter,Point state: Winter,Not nesting
37973688495,Step state: Winter,Point state: Winter,Not nesting
37973688496,Step state: Winter,Point state: Winter,Not nesting
37973688497,Step state: Winter,Point state: Winter,Not nesting
37973688498,Step state: Winter,Point state: Winter,Not nesting
37973688499,Step state: Winter,Point state: Winter,Not nesting
37973688500,Step state: Winter,Point state: Winter,Not nesting
37973688501,Step state: Winter,Point state: Winter,Not nesting
37973688502,Step state: Winter,Point state: Winter,Not nesting
37973688503,Step state: Migratory (spring),Point state: Winter,Not nesting
37973688504,Step state: Winter,Point state: Winter,Not nesting
37973688505,Step state: Migratory (spring),Point state: Winter,Not nesting
37973688506,Step state: Migratory (spring),Point state: Winter,Not nesting
37973688507,Step state: Winter,Point state: Winter,Not nesting
37973688508,Step state: Migratory (spring),Point state: Winter,Not nesting
37973688509,Step state: Winter,Point state: Winter,Not nesting
37973688510,Step state: Winter,Point state: Winter,Not nesting
37973688511,Step state: Winter,Point state: Winter,Not nesting
37973688512,Step state: Winter,Point state: Winter,Not nesting
37973688513,Step state: Winter,Point state: Winter,Not nesting
37973688514,Step state: Winter,Point state: Winter,Not nesting
37973688515,Step state: Winter,Point state: Winter,Not nesting
37973688516,Step state: Winter,Point state: Winter,Not nesting
37973688517,Step state: Winter,Point state: Winter,Not nesting
37973688518,Step state: Winter,Point state: Winter,Not nesting
37973688519,Step state: Winter,Point state: Winter,Not nesting
37973688520,Step state: Winter,Point state: Winter,Not nesting
37973688521,Step state: Winter,Point state: Winter,Not nesting
37973688522,Step state: Winter,Point state: Winter,Not nesting
37973688523,Step state: Winter,Point state: Winter,Not nesting
37973688524,Step state: Winter,Point state: Winter,Not nesting
37973688525,Step state: Winter,Point state: Winter,Not nesting
37973688526,Step state: Winter,Point state: Winter,Not nesting
37973688527,Step state: Winter,Point state: Winter,Not nesting
37973688528,Step state: Winter,Point state: Winter,Not nesting
37973688529,Step state: Winter,Point state: Winter,Not nesting
37973688530,Step state: Winter,Point state: Winter,Not nesting
37973688531,Step state: Winter,Point state: Winter,Not nesting
37973688532,Step state: Winter,Point state: Winter,Not nesting
37973688533,Step state: Winter,Point state: Winter,Not nesting
37973688534,Step state: Winter,Point state: Winter,Not nesting
37973688535,Step state: Winter,Point state: Winter,Not nesting
37973688536,Step state: Winter,Point state: Winter,Not nesting
37973688537,Step state: Winter,Point state: Winter,Not nesting
37973688538,Step state: Winter,Point state: Winter,Not nesting
37973688539,Step state: Winter,Point state: Winter,Not nesting
37973688540,Step state: Winter,Point state: Winter,Not nesting
37973688541,Step state: Winter,Point state: Winter,Not nesting
37973688542,Step state: Winter,Point state: Winter,Not nesting
37973688543,Step state: Winter,Point state: Winter,Not nesting
37973688544,Step state: Winter,Point state: Winter,Not nesting
37973688545,Step state: Migratory (spring),Point state: Winter,Not nesting
37973688546,Step state: Winter,Point state: Winter,Not nesting
37973688547,Step state: Winter,Point state: Winter,Not nesting
37973688548,Step state: Winter,Point state: Winter,Not nesting
37973688549,Step state: Winter,Point state: Winter,Not nesting
37973688550,Step state: Migratory (spring),Point state: Migratory (spring),Not nesting
37973688551,Step state: Winter,Point state: Winter,Not nesting
37973688552,Step state: Winter,Point state: Winter,Not nesting
37973688553,Step state: Winter,Point state: Winter,Not nesting
37973688554,Step state: Winter,Point state: Winter,Not nesting
37973688555,Step state: Migratory (spring),Point state: Migratory (spring),Not nesting
37973688556,Step state: Winter,Point state: Winter,Not nesting
37973688557,Step state: Winter,Point state: Winter,Not nesting
37973688558,Step state: Winter,Point state: Winter,Not nesting
37973688559,Step state: Winter,Point state: Winter,Not nesting
37973688560,Step state: Migratory (spring),Point state: Migratory (spring),Not nesting
37973688561,Step state: Winter,Point state: Winter,Not nesting
37973688562,Step state: Winter,Point state: Winter,Not nesting
37973688563,Step state: Winter,Point state: Winter,Not nesting
37973688564,Step state: Migratory (spring),Point state: Winter,Not nesting
37973688565,Step state: Winter,Point state: Winter,Not nesting
37973688566,Step state: Migratory (spring),Point state: Migratory (spring),Not nesting
37973688567,Step state: Winter,Point state: Winter,Not nesting
37973688568,Step state: Migratory (spring),Point state: Migratory (spring),Not nesting
37973688569,Step state: Migratory (spring),Point state: Migratory (spring),Not nesting
37973688570,Step state: Winter,Point state: Winter,Not nesting
37973688571,Step state: Migratory (spring),Point state: Migratory (spring),Not nesting
37973688572,Step state: Migratory (spring),Point state: Migratory (spring),Not nesting
37973688573,Step state: Winter,Point state: Winter,Not nesting
37973688574,Step state: Migratory (spring),Point state: Migratory (spring),Not nesting
37973688575,Step state: Winter,Point state: Winter,Not nesting
37973688576,Step state: Winter,Point state: Winter,Not nesting
37973688577,Step state: Migratory (spring),Point state: Migratory (spring),Not nesting
37973688578,Step state: Winter,Point state: Winter,Not nesting
37973688579,Step state: Winter,Point state: Winter,Not nesting
37973688581,Step state: Migratory (spring),Point state: Migratory (spring),Not nesting
37973688582,Step state: Winter,Point state: Winter,Not nesting
37973688583,Step state: Winter,Point state: Winter,Not nesting
37973688584,Step state: Migratory (spring),Point state: Migratory (spring),Not nesting
37973688585,Step state: Winter,Point state: Winter,Not nesting
37973688586,Step state: Winter,Point state: Winter,Not nesting
37973688587,Step state: Winter,Point state: Winter,Not nesting
37973688588,Step state: Winter,Point state: Winter,Not nesting
37973688589,Step state: Winter,Point state: Winter,Not nesting
37973688590,Step state: Migratory (spring),Point state: Migratory (spring),Not nesting
37973688591,Step state: Winter,Point state: Winter,Not nesting
37973688592,Step state: Winter,Point state: Winter,Not nesting
37973688593,Step state: Winter,Point state: Winter,Not nesting
37973688594,Step state: Migratory (spring),Point state: Migratory (spring),Not nesting
37973688595,Step state: Winter,Point state: Winter,Not nesting
37973688596,Step state: Winter,Point state: Winter,Not nesting
37973688597,Step state: Winter,Point state: Winter,Not nesting
37973688598,Step state: Migratory (spring),Point state: Migratory (spring),Not nesting
37973688599,Step state: Winter,Point state: Winter,Not nesting
37973688600,Step state: Winter,Point state: Winter,Not nesting
37973688601,Step state: Winter,Point state: Winter,Not nesting
37973688602,Step state: Migratory (spring),Point state: Migratory (spring),Not nesting
37973688603,Step state: Winter,Point state: Winter,Not nesting
37973688604,Step state: Winter,Point state: Winter,Not nesting
37973688605,Step state: Winter,Point state: Winter,Not nesting
37973688606,Step state: Winter,Point state: Winter,Not nesting
37973688607,Step state: Winter,Point state: Winter,Not nesting
37973688608,Step state: Winter,Point state: Winter,Not nesting
37973688609,Step state: Winter,Point state: Winter,Not nesting
37973688610,Step state: Winter,Point state: Winter,Not nesting
37973688611,Step state: Winter,Point state: Winter,Not nesting
37973688612,Step state: Winter,Point state: Winter,Not nesting
37973688613,Step state: Winter,Point state: Winter,Not nesting
37973688614,Step state: Winter,Point state: Winter,Not nesting
37973688615,Step state: Winter,Point state: Winter,Not nesting
37973688616,Step state: Winter,Point state: Winter,Not nesting
37973688617,Step state: Winter,Point state: Winter,Not nesting
37973688618,Step state: Winter,Point state: Winter,Not nesting
37973688619,Step state: Winter,Point state: Winter,Not nesting
37973688620,Step state: Winter,Point state: Winter,Not nesting
37973688621,Step state: Winter,Point state: Winter,Not nesting
38053448962,Step state: Winter,Point state: Winter,Not nesting
38053448963,Step state: Winter,Point state: Winter,Not nesting
38053448964,Step state: Winter,Point state: Winter,Not nesting
38053448965,Step state: Winter,Point state: Winter,Not nesting
38053448966,Step state: Winter,Point state: Winter,Not nesting
38053448967,Step state: Winter,Point state: Winter,Not nesting
38053448968,Step state: Winter,Point state: Winter,Not nesting
38053448969,Step state: Winter,Point state: Winter,Not nesting
38053448970,Step state: Winter,Point state: Winter,Not nesting
38053448971,Step state: Winter,Point state: Winter,Not nesting
38053448972,Step state: Winter,Point state: Winter,Not nesting
38053448973,Step state: Winter,Point state: Winter,Not nesting
38053448974,Step state: Winter,Point state: Winter,Not nesting
38053448975,Step state: Winter,Point state: Winter,Not nesting
38053448976,Step state: Winter,Point state: Winter,Not nesting
38053448977,Step state: Winter,Point state: Winter,Not nesting
38053448978,Step state: Winter,Point state: Winter,Not nesting
38053448979,Step state: Winter,Point state: Winter,Not nesting
38053448980,Step state: Winter,Point state: Winter,Not nesting
38053448981,Step state: Winter,Point state: Winter,Not nesting
38053448982,Step state: Winter,Point state: Winter,Not nesting
38053448983,Step state: Winter,Point state: Winter,Not nesting
38053448984,Step state: Winter,Point state: Winter,Not nesting
38053448985,Step state: Winter,Point state: Winter,Not nesting
38053448986,Step state: Winter,Point state: Winter,Not nesting
38053448987,Step state: Winter,Point state: Winter,Not nesting
38053448988,Step state: Winter,Point state: Winter,Not nesting
38053448989,Step state: Winter,Point state: Winter,Not nesting
38053448990,Step state: Winter,Point state: Winter,Not nesting
38053448991,Step state: Winter,Point state: Winter,Not nesting
38053448992,Step state: Winter,Point state: Winter,Not nesting
38053448993,Step state: Winter,Point state: Winter,Not nesting
38053448994,Step state: Winter,Point state: Winter,Not nesting
38053448995,Step state: Winter,Point state: Winter,Not nesting
38053448996,Step state: Winter,Point state: Winter,Not nesting
38053448997,Step state: Winter,Point state: Winter,Not nesting
38053448998,Step state: Winter,Point state: Winter,Not nesting
38053448999,Step state: Winter,Point state: Winter,Not nesting
38053449000,Step state: Winter,Point state: Winter,Not nesting
38053449001,Step state: Winter,Point state: Winter,Not nesting
38053449002,Step state: Winter,Point state: Winter,Not nesting
38053449003,Step state: Winter,Point state: Winter,Not nesting
38053449004,Step state: Winter,Point state: Winter,Not nesting
38053449005,Step state: Winter,Point state: Winter,Not nesting
38053449006,Step state: Winter,Point state: Winter,Not nesting
38053449007,Step state: Winter,Point state: Winter,Not nesting
38053449008,Step state: Winter,Point state: Winter,Not nesting
38053449009,Step state: Winter,Point state: Winter,Not nesting
38053449010,Step state: Winter,Point state: Winter,Not nesting
38053449011,Step state: Winter,Point state: Winter,Not nesting
38530543061,Step state: Winter,Point state: Winter,Not nesting
38530543062,Step state: Migratory (spring),Point state: Winter,Not nesting
38530543063,Step state: Migratory (spring),Point state: Winter,Not nesting
38530543064,Step state: Migratory (spring),Point state: Migratory (spring),Not nesting
38530543065,Step state: Migratory (spring),Point state: Migratory (spring),Not nesting
38530543066,Step state: Migratory (spring),Point state: Migratory (spring),Not nesting
38530543067,Step state: Migratory (spring),Point state: Migratory (spring),Not nesting
38530543068,Step state: Migratory (spring),Point state: Migratory (spring),Not nesting
38530543069,Step state: Summer,Point state: Summer,Not nesting
38530543070,Step state: Migratory (spring),Point state: Migratory (spring),Not nesting
38530543071,Step state: Migratory (spring),Point state: Migratory (spring),Not nesting
38530543072,Step state: Summer,Point state: Summer,Not nesting
38584036351,Step state: Migratory (spring),Point state: Winter,Not nesting
38584036352,Step state: Winter,Point state: Winter,Not nesting
38584036353,Step state: Migratory (spring),Point state: Migratory (spring),Not nesting
38584036354,Step state: Winter,Point state: Winter,Not nesting
38584036355,Step state: Winter,Point state: Winter,Not nesting
38584036356,Step state: Winter,Point state: Winter,Not nesting
38584036357,Step state: Migratory (spring),Point state: Winter,Not nesting
38584036358,Step state: Summer,Point state: Summer,Not nesting
38584036359,Step state: Migratory (spring),Point state: Migratory (spring),Not nesting
38584036360,Step state: Summer,Point state: Summer,Not nesting
38684983651,Step state: Migratory (spring),Point state: Migratory (spring),Not nesting
38684983652,Step state: Migratory (spring),Point state: Migratory (spring),Not nesting
38684983653,Step state: Migratory (spring),Point state: Migratory (spring),Not nesting
38684983654,Step state: Migratory (spring),Point state: Migratory (spring),Not nesting
38684983655,Step state: Migratory (spring),Point state: Migratory (spring),Not nesting
38684983656,Step state: Migratory (spring),Point state: Migratory (spring),Not nesting
38684983657,Step state: Migratory (spring),Point state: Migratory (spring),Not nesting
38684983658,Step state: Migratory (spring),Point state: Migratory (spring),Not nesting
38684983659,Step state: Migratory (spring),Point state: Migratory (spring),Not nesting
38684983660,Step state: Migratory (spring),Point state: Migratory (spring),Not nesting
38684983661,Step state: Migratory (spring),Point state: Migratory (spring),Not nesting
38684983662,Step state: Migratory (spring),Point state: Migratory (spring),Not nesting
38947721354,Step state: Migratory (spring),Point state: Migratory (spring),Not nesting
38947721355,Step state: Winter,Point state: Winter,Not nesting
38947721356,Step state: Migratory (spring),Point state: Migratory (spring),Not nesting
38947721357,Step state: Migratory (spring),Point state: Migratory (spring),Not nesting
38947721358,Step state: Migratory (spring),Point state: Migratory (spring),Not nesting
38947721359,Step state: Migratory (spring),Point state: Migratory (spring),Not nesting
38947721360,Step state: Migratory (spring),Point state: Migratory (spring),Not nesting
38947721361,Step state: Winter,Point state: Winter,Not nesting
38947721362,Step state: Migratory (spring),Point state: Migratory (spring),Not nesting
38947721363,Step state: Migratory (spring),Point state: Migratory (spring),Not nesting
38947721364,Step state: Migratory (spring),Point state: Migratory (spring),Not nesting
38947721365,Step state: Migratory (spring),Point state: Migratory (spring),Not nesting
38947721366,Step state: Migratory (spring),Point state: Migratory (spring),Not nesting
38947721367,Step state: Migratory (spring),Point state: Winter,Not nesting
38947721368,Step state: Migratory (spring),Point state: Migratory (spring),Not nesting
38947721369,Step state: Migratory (spring),Point state: Migratory (spring),Not nesting
38947721370,Step state: Migratory (spring),Point state: Migratory (spring),Not nesting
38947721371,Step state: Migratory (spring),Point state: Migratory (spring),Not nesting
38947721372,Step state: Summer,Point state: Summer,Not nesting
38947721373,Step state: Summer,Point state: Summer,Not nesting
38947721374,Step state: Migratory (spring),Point state: Migratory (spring),Not nesting
38947721375,Step state: Migratory (spring),Point state: Migratory (spring),Not nesting
38947721376,Step state: Summer,Point state: Summer,Not nesting
38947721377,Step state: Migratory (spring),Point state: Migratory (spring),Not nesting
38947721378,Step state: Migratory (spring),Point state: Migratory (spring),Not nesting
38947721379,Step state: Summer,Point state: Summer,Not nesting
38947721380,Step state: Summer,Point state: Summer,Not nesting
38947721381,Step state: Migratory (spring),Point state: Migratory (spring),Not nesting
38947721382,Step state: Migratory (spring),Point state: Migratory (spring),Not nesting
38947721383,Step state: Summer,Point state: Summer,Not nesting
38947721384,Step state: Migratory (spring),Point state: Migratory (spring),Not nesting
38947721385,Step state: Summer,Point state: Summer,Not nesting
38947721386,Step state: Migratory (spring),Point state: Migratory (spring),Not nesting
39296720513,Step state: Winter,Point state: Winter,Not nesting
39296720514,Step state: Migratory (spring),Point state: Migratory (spring),Not nesting
39296720515,Step state: Winter,Point state: Winter,Not nesting
39296720516,Step state: Migratory (spring),Point state: Winter,Not nesting
39296720517,Step state: Migratory (spring),Point state: Migratory (spring),Not nesting
39296720518,Step state: Migratory (spring),Point state: Winter,Not nesting
39296720519,Step state: Migratory (spring),Point state: Migratory (spring),Not nesting
39296720520,Step state: Migratory (spring),Point state: Winter,Not nesting
39296720521,Step state: Migratory (spring),Point state: Migratory (spring),Not nesting
39296720523,Step state: Migratory (spring),Point state: Migratory (spring),Not nesting
39296720524,Step state: Migratory (spring),Point state: Migratory (spring),Not nesting
39296720525,Step state: Migratory (spring),Point state: Migratory (spring),Not nesting
39296720526,Step state: Migratory (spring),Point state: Migratory (spring),Not nesting
39296720527,Step state: Summer,Point state: Summer,Not nesting
39296720528,Step state: Migratory (spring),Point state: Migratory (spring),Not nesting
39296720529,Step state: Migratory (spring),Point state: Migratory (spring),Not nesting
39296720530,Step state: Migratory (spring),Point state: Migratory (spring),Not nesting
39296720531,Step state: Migratory (spring),Point state: Migratory (spring),Not nesting
39296720532,Step state: Migratory (spring),Point state: Migratory (spring),Not nesting
39296720533,Step state: Migratory (spring),Point state: Migratory (spring),Not nesting
39296720534,Step state: Migratory (spring),Point state: Migratory (spring),Not nesting
39296720535,Step state: Migratory (spring),Point state: Migratory (spring),Not nesting
39296720536,Step state: Migratory (spring),Point state: Migratory (spring),Not nesting
39296720537,Step state: Migratory (spring),Point state: Migratory (spring),Not nesting
39296720538,Step state: Migratory (spring),Point state: Migratory (spring),Not nesting
39296720539,Step state: Migratory (spring),Point state: Migratory (spring),Not nesting
39296720540,Step state: Migratory (spring),Point state: Migratory (spring),Not nesting
39296720544,Step state: Migratory (spring),Point state: Migratory (spring),Not nesting
39296720546,Step state: Migratory (spring),Point state: Migratory (spring),Not nesting
39296720547,Step state: Migratory (spring),Point state: Migratory (spring),Not nesting
39296720548,Step state: Migratory (spring),Point state: Migratory (spring),Not nesting
39296720549,Step state: Migratory (spring),Point state: Migratory (spring),Not nesting
39296720550,Step state: Migratory (spring),Point state: Migratory (spring),Not nesting
39296720557,Step state: Migratory (spring),Point state: Migratory (spring),Not nesting
39296720558,Step state: Migratory (spring),Point state: Migratory (spring),Not nesting
39440602427,Step state: Summer,Point state: Summer,Not nesting
39440602428,Step state: Migratory (spring),Point state: Migratory (spring),Not nesting
39440602429,Step state: Migratory (spring),Point state: Migratory (spring),Not nesting
39440602430,Step state: Migratory (spring),Point state: Migratory (spring),Not nesting
39440602431,Step state: Summer,Point state: Summer,Not nesting
39440602432,Step state: Migratory (spring),Point state: Migratory (spring),Not nesting
39440602433,Step state: Migratory (spring),Point state: Migratory (spring),Not nesting
39440602434,Step state: Migratory (spring),Point state: Migratory (spring),Not nesting
39440602435,Step state: Migratory (spring),Point state: Migratory (spring),Not nesting
39440602436,Step state: Migratory (spring),Point state: Migratory (spring),Not nesting
39440602437,Step state: Migratory (spring),Point state: Migratory (spring),Not nesting
39440602438,Step state: Summer,Point state: Summer,Not nesting
39440602439,Step state: Migratory (spring),Point state: Migratory (spring),Not nesting
39440602440,Step state: Migratory (spring),Point state: Migratory (spring),Not nesting
39440602441,Step state: Migratory (spring),Point state: Migratory (spring),Not nesting
39440602442,Step state: Migratory (spring),Point state: Migratory (spring),Not nesting
39440602443,Step state: Migratory (spring),Point state: Migratory (spring),Not nesting
39440602444,Step state: Summer,Point state: Summer,Not nesting
39440602445,Step state: Migratory (spring),Point state: Migratory (spring),Not nesting
39440602446,Step state: Migratory (spring),Point state: Migratory (spring),Not nesting
39440602447,Step state: Migratory (spring),Point state: Migratory (spring),Not nesting
39440602448,Step state: Migratory (spring),Point state: Migratory (spring),Not nesting
39440602449,Step state: Migratory (spring),Point state: Migratory (spring),Not nesting
39440602450,Step state: Summer,Point state: Summer,Not nesting
39440602451,Step state: Migratory (spring),Point state: Migratory (spring),Not nesting
39440602452,Step state: Migratory (spring),Point state: Migratory (spring),Not nesting
39440602457,Step state: Migratory (spring),Point state: Migratory (spring),Not nesting
39440602458,Step state: Migratory (spring),Point state: Migratory (spring),Not nesting
39440602459,Step state: Migratory (spring),Point state: Migratory (spring),Not nesting
39440602460,Step state: Summer,Point state: Summer,Not nesting
39440602461,Step state: Migratory (spring),Point state: Migratory (spring),Not nesting
39440602462,Step state: Migratory (spring),Point state: Migratory (spring),Not nesting
39440602463,Step state: Migratory (spring),Point state: Migratory (spring),Not nesting
39440602464,Step state: Migratory (spring),Point state: Migratory (spring),Not nesting
39440602465,Step state: Migratory (spring),Point state: Migratory (spring),Not nesting
39440602466,Step state: Migratory (spring),Point state: Migratory (spring),Not nesting
39440602467,Step state: Migratory (spring),Point state: Migratory (spring),Not nesting
39440602468,Step state: Migratory (spring),Point state: Migratory (spring),Not nesting
39440602469,Step state: Migratory (spring),Point state: Migratory (spring),Not nesting
39440602480,Step state: Migratory (spring),Point state: Migratory (spring),Not nesting
39576929254,Step state: Summer,Point state: Summer,Not nesting
39576929255,Step state: Summer,Point state: Summer,Not nesting
39576929257,Step state: Summer,Point state: Summer,Not nesting
39576929259,Step state: Migratory (spring),Point state: Migratory (spring),Not nesting
39576929260,Step state: Migratory (spring),Point state: Migratory (spring),Not nesting
39576929262,Step state: Migratory (spring),Point state: Migratory (spring),Not nesting
39576929263,Step state: Migratory (spring),Point state: Migratory (spring),Not nesting
39576929265,Step state: Migratory (spring),Point state: Migratory (spring),Not nesting
39576929266,Step state: Migratory (spring),Point state: Migratory (spring),Not nesting
39576929267,Step state: Migratory (spring),Point state: Migratory (spring),Not nesting
39576929268,Step state: Migratory (spring),Point state: Migratory (spring),Not nesting
39576929269,Step state: Migratory (spring),Point state: Migratory (spring),Not nesting
39576929270,Step state: Migratory (spring),Point state: Migratory (spring),Not nesting
39576929271,Step state: Migratory (spring),Point state: Migratory (spring),Not nesting
39576929272,Step state: Migratory (spring),Point state: Migratory (spring),Not nesting
39576929273,Step state: Migratory (spring),Point state: Migratory (spring),Not nesting
39576929274,Step state: Migratory (spring),Point state: Migratory (spring),Not nesting
39576929275,Step state: Migratory (spring),Point state: Migratory (spring),Not nesting
39576929276,Step state: Migratory (spring),Point state: Migratory (spring),Not nesting
39576929277,Step state: Summer,Point state: Summer,Not nesting
39576929278,Step state: Migratory (spring),Point state: Migratory (spring),Not nesting
39576929279,Step state: Migratory (spring),Point state: Migratory (spring),Not nesting
39576929280,Step state: Migratory (spring),Point state: Migratory (spring),Not nesting
39576929281,Step state: Migratory (spring),Point state: Migratory (spring),Not nesting
39576929282,Step state: Migratory (spring),Point state: Migratory (spring),Not nesting
39576929283,Step state: Migratory (spring),Point state: Migratory (spring),Not nesting
39576929284,Step state: Summer,Point state: Summer,Not nesting
39576929285,Step state: Migratory (spring),Point state: Migratory (spring),Not nesting
39576929286,Step state: Summer,Point state: Summer,Not nesting
39576929287,Step state: Migratory (spring),Point state: Migratory (spring),Not nesting
39576929288,Step state: Migratory (spring),Point state: Migratory (spring),Not nesting
39576929289,Step state: Migratory (spring),Point state: Migratory (spring),Not nesting
39576929290,Step state: Migratory (spring),Point state: Migratory (spring),Not nesting
39576929291,Step state: Migratory (spring),Point state: Migratory (spring),Not nesting
39576929292,Step state: Migratory (spring),Point state: Migratory (spring),Not nesting
39576929293,Step state: Migratory (spring),Point state: Migratory (spring),Not nesting
39576929294,Step state: Migratory (spring),Point state: Migratory (spring),Not nesting
39576929295,Step state: Migratory (spring),Point state: Migratory (spring),Not nesting
39576929296,Step state: Migratory (spring),Point state: Migratory (spring),Not nesting
39576929297,Step state: Migratory (spring),Point state: Migratory (spring),Not nesting
39576929298,Step state: Migratory (spring),Point state: Migratory (spring),Not nesting
39576929299,Step state: Migratory (spring),Point state: Migratory (spring),Not nesting
39576929300,Step state: Migratory (spring),Point state: Migratory (spring),Not nesting
39576929301,Step state: Migratory (spring),Point state: Migratory (spring),Not nesting
39576929302,Step state: Migratory (spring),Point state: Migratory (spring),Not nesting
39576929303,Step state: Migratory (spring),Point state: Migratory (spring),Not nesting
39576929304,Step state: Migratory (spring),Point state: Migratory (spring),Not nesting
39576929305,Step state: Migratory (spring),Point state: Migratory (spring),Not nesting
39576929306,Step state: Migratory (spring),Point state: Migratory (spring),Not nesting
39576929307,Step state: Migratory (spring),Point state: Migratory (spring),Not nesting
39576929308,Step state: Migratory (spring),Point state: Migratory (spring),Not nesting
39628908840,Step state: Summer,Point state: Summer,Not nesting
39628908841,Step state: Summer,Point state: Summer,Not nesting
39628908842,Step state: Summer,Point state: Summer,Not nesting
39628908843,Step state: Summer,Point state: Summer,Not nesting
39628908844,Step state: Summer,Point state: Summer,Not nesting
39628908845,Step state: Summer,Point state: Summer,Not nesting
39628908846,Step state: Summer,Point state: Summer,Not nesting
39628908847,Step state: Summer,Point state: Summer,Not nesting
39628908848,Step state: Migratory (spring),Point state: Migratory (spring),Not nesting
39628908849,Step state: Summer,Point state: Summer,Not nesting
39628908850,Step state: Summer,Point state: Summer,Not nesting
39628908851,Step state: Summer,Point state: Summer,Not nesting
39628908852,Step state: Summer,Point state: Summer,Not nesting
39628908853,Step state: Summer,Point state: Summer,Not nesting
39628908854,Step state: Summer,Point state: Summer,Not nesting
39628908855,Step state: Summer,Point state: Summer,Not nesting
39628908856,Step state: Summer,Point state: Summer,Not nesting
39628908857,Step state: Migratory (spring),Point state: Migratory (spring),Not nesting
39628908858,Step state: Migratory (spring),Point state: Migratory (spring),Not nesting
39628908859,Step state: Migratory (spring),Point state: Migratory (spring),Not nesting
39628908860,Step state: Summer,Point state: Summer,Not nesting
39628908861,Step state: Summer,Point state: Summer,Not nesting
39628908862,Step state: Summer,Point state: Summer,Not nesting
39628908863,Step state: Summer,Point state: Summer,Not nesting
39628908864,Step state: Migratory (spring),Point state: Migratory (spring),Not nesting
39628908865,Step state: Migratory (spring),Point state: Migratory (spring),Not nesting
39628908866,Step state: Summer,Point state: Summer,Not nesting
39628908867,Step state: Summer,Point state: Summer,Not nesting
39628908868,Step state: Summer,Point state: Summer,Not nesting
39628908869,Step state: Migratory (spring),Point state: Migratory (spring),Not nesting
39628908870,Step state: Migratory (spring),Point state: Migratory (spring),Not nesting
39628908871,Step state: Summer,Point state: Summer,Not nesting
39628908872,Step state: Summer,Point state: Summer,Not nesting
39628908873,Step state: Summer,Point state: Summer,Not nesting
39628908874,Step state: Summer,Point state: Summer,Not nesting
39628908875,Step state: Summer,Point state: Summer,Not nesting
39628908876,Step state: Summer,Point state: Summer,Not nesting
39628908877,Step state: Summer,Point state: Summer,Not nesting
39748979479,Step state: Migratory (spring),Point state: Migratory (spring),Not nesting
39748979480,Step state: Migratory (spring),Point state: Migratory (spring),Not nesting
39748979481,Step state: Summer,Point state: Summer,Not nesting
39748979482,Step state: Migratory (spring),Point state: Migratory (spring),Not nesting
39748979483,Step state: Summer,Point state: Summer,Not nesting
39748979484,Step state: Migratory (spring),Point state: Migratory (spring),Not nesting
39748979485,Step state: Summer,Point state: Summer,Not nesting
39748979486,Step state: Migratory (spring),Point state: Migratory (spring),Not nesting
39748979487,Step state: Summer,Point state: Summer,Not nesting
39748979488,Step state: Summer,Point state: Summer,Not nesting
39748979489,Step state: Summer,Point state: Summer,Not nesting
39748979490,Step state: Summer,Point state: Summer,Not nesting
39748979491,Step state: Summer,Point state: Summer,Not nesting
39748979492,Step state: Migratory (spring),Point state: Migratory (spring),Not nesting
39748979493,Step state: Migratory (spring),Point state: Migratory (spring),Not nesting
39748979494,Step state: Migratory (spring),Point state: Migratory (spring),Not nesting
39748979495,Step state: Migratory (spring),Point state: Migratory (spring),Not nesting
39748979496,Step state: Migratory (spring),Point state: Migratory (spring),Not nesting
39748979497,Step state: Migratory (spring),Point state: Migratory (spring),Not nesting
39748979498,Step state: Summer,Point state: Summer,Not nesting
39748979499,Step state: Summer,Point state: Summer,Not nesting
39748979500,Step state: Migratory (spring),Point state: Migratory (spring),Not nesting
39748979501,Step state: Migratory (spring),Point state: Migratory (spring),Not nesting
39748979502,Step state: Summer,Point state: Summer,Not nesting
39748979503,Step state: Migratory (spring),Point state: Migratory (spring),Not nesting
39748979504,Step state: Summer,Point state: Summer,Not nesting
39748979505,Step state: Migratory (spring),Point state: Migratory (spring),Not nesting
39748979506,Step state: Migratory (spring),Point state: Migratory (spring),Not nesting
39748979507,Step state: Migratory (spring),Point state: Migratory (spring),Not nesting
39748979508,Step state: Summer,Point state: Summer,Not nesting
39748979509,Step state: Summer,Point state: Summer,Not nesting
39748979510,Step state: Migratory (spring),Point state: Migratory (spring),Not nesting
39748979511,Step state: Migratory (spring),Point state: Migratory (spring),Not nesting
39748979512,Step state: Migratory (spring),Point state: Migratory (spring),Not nesting
39748979513,Step state: Migratory (spring),Point state: Migratory (spring),Not nesting
39748979514,Step state: Migratory (spring),Point state: Migratory (spring),Not nesting
39748979516,Step state: Migratory (spring),Point state: Migratory (spring),Not nesting
39748979517,Step state: Migratory (spring),Point state: Migratory (spring),Not nesting
39748979518,Step state: Migratory (spring),Point state: Migratory (spring),Not nesting
39748979519,Step state: Summer,Point state: Summer,Not nesting
39748979520,Step state: Summer,Point state: Summer,Not nesting
39748979521,Step state: Summer,Point state: Summer,Not nesting
39748979522,Step state: Summer,Point state: Summer,Not nesting
39748979523,Step state: Summer,Point state: Summer,Not nesting
39748979524,Step state: Summer,Point state: Summer,Not nesting
39748979525,Step state: Migratory (spring),Point state: Migratory (spring),Not nesting
39748979526,Step state: Summer,Point state: Summer,Not nesting
39748979527,Step state: Migratory (spring),Point state: Migratory (spring),Not nesting
39748979528,Step state: Migratory (spring),Point state: Migratory (spring),Not nesting
39748979529,Step state: Summer,Point state: Summer,Not nesting
39748979530,Step state: Migratory (spring),Point state: Migratory (spring),Not nesting
39748979531,Step state: Summer,Point state: Summer,Not nesting
39748979532,Step state: Summer,Point state: Summer,Not nesting
39748979533,Step state: Summer,Point state: Summer,Not nesting
39748979535,Step state: Summer,Point state: Summer,Not nesting
39748979536,Step state: Migratory (spring),Point state: Migratory (spring),Not nesting
39748979537,Step state: Summer,Point state: Summer,Not nesting
39748979538,Step state: Summer,Point state: Summer,Not nesting
39748979539,Step state: Summer,Point state: Summer,Not nesting
39748979540,Step state: Summer,Point state: Summer,Not nesting
39748979541,Step state: Summer,Point state: Summer,Not nesting
39748979542,Step state: Summer,Point state: Summer,Not nesting
39748979543,Step state: Summer,Point state: Summer,Not nesting
39748979544,Step state: Summer,Point state: Summer,Not nesting
39748979545,Step state: Summer,Point state: Summer,Not nesting
39748979546,Step state: Summer,Point state: Summer,Not nesting
39748979547,Step state: Summer,Point state: Summer,Not nesting
39748979548,Step state: Summer,Point state: Summer,Not nesting
39748979549,Step state: Summer,Point state: Summer,Not nesting
39748979550,Step state: Summer,Point state: Summer,Not nesting
40093403703,Step state: Migratory (spring),Point state: Migratory (spring),Not nesting
40093403704,Step state: Migratory (spring),Point state: Migratory (spring),Not nesting
40093403705,Step state: Summer,Point state: Summer,Not nesting
40093403706,Step state: Migratory (spring),Point state: Migratory (spring),Not nesting
40093403707,Step state: Summer,Point state: Summer,Not nesting
40093403708,Step state: Summer,Point state: Summer,Not nesting
40093403709,Step state: Summer,Point state: Summer,Not nesting
40093403710,Step state: Summer,Point state: Summer,Not nesting
40093403711,Step state: Summer,Point state: Summer,Not nesting
40093403712,Step state: Summer,Point state: Summer,Not nesting
40093403713,Step state: Summer,Point state: Summer,Not nesting
40093403714,Step state: Summer,Point state: Summer,Not nesting
40093403715,Step state: Summer,Point state: Summer,Not nesting
40093403716,Step state: Summer,Point state: Summer,Not nesting
40093403717,Step state: Migratory (spring),Point state: Migratory (spring),Not nesting
40093403718,Step state: Summer,Point state: Summer,Not nesting
40093403719,Step state: Summer,Point state: Summer,Not nesting
40093403720,Step state: Summer,Point state: Summer,Not nesting
40093403721,Step state: Summer,Point state: Summer,Not nesting
40093403722,Step state: Summer,Point state: Summer,Not nesting
40093403723,Step state: Summer,Point state: Summer,Not nesting
40093403725,Step state: Summer,Point state: Summer,Not nesting
40093403726,Step state: Summer,Point state: Summer,Not nesting
40093403727,Step state: Summer,Point state: Summer,Not nesting
40093403728,Step state: Summer,Point state: Summer,Not nesting
40093403729,Step state: Summer,Point state: Summer,Not nesting
40093403731,Step state: Summer,Point state: Summer,Not nesting
40093403732,Step state: Summer,Point state: Summer,Not nesting
40093403733,Step state: Summer,Point state: Summer,Not nesting
40093403734,Step state: Summer,Point state: Summer,Not nesting
40093403735,Step state: Summer,Point state: Summer,Not nesting
40093403736,Step state: Summer,Point state: Summer,Not nesting
40093403737,Step state: Summer,Point state: Summer,Not nesting
40093403738,Step state: Summer,Point state: Summer,Not nesting
40093403739,Step state: Migratory (spring),Point state: Migratory (spring),Not nesting
40093403740,Step state: Summer,Point state: Summer,Not nesting
40093403741,Step state: Summer,Point state: Summer,Not nesting
40093403742,Step state: Summer,Point state: Summer,Not nesting
40093403743,Step state: Summer,Point state: Summer,Not nesting
40093403744,Step state: Summer,Point state: Summer,Not nesting
40093403745,Step state: Summer,Point state: Summer,Not nesting
40093403747,Step state: Summer,Point state: Summer,Not nesting
40093403748,Step state: Summer,Point state: Summer,Not nesting
40093403749,Step state: Summer,Point state: Summer,Not nesting
40093403750,Step state: Summer,Point state: Summer,Not nesting
40093403751,Step state: Summer,Point state: Summer,Not nesting
40093403753,Step state: Summer,Point state: Summer,Not nesting
40093403754,Step state: Summer,Point state: Summer,Not nesting
40093403755,Step state: Summer,Point state: Summer,Not nesting
40093403756,Step state: Summer,Point state: Summer,Not nesting
40093403757,Step state: Summer,Point state: Summer,Not nesting
40093403758,Step state: Summer,Point state: Summer,Not nesting
40093403759,Step state: Summer,Point state: Summer,Not nesting
40093403760,Step state: Migratory (spring),Point state: Migratory (spring),Not nesting
40093403761,Step state: Summer,Point state: Summer,Not nesting
40093403762,Step state: Summer,Point state: Summer,Not nesting
40093403763,Step state: Summer,Point state: Summer,Not nesting
40093403764,Step state: Summer,Point state: Summer,Not nesting
40093403765,Step state: Summer,Point state: Summer,Not nesting
40093403766,Step state: Migratory (spring),Point state: Migratory (spring),Not nesting
40093403767,Step state: Summer,Point state: Summer,Not nesting
40093403768,Step state: Summer,Point state: Summer,Not nesting
40093403769,Step state: Summer,Point state: Summer,Not nesting
40093403770,Step state: Summer,Point state: Summer,Not nesting
40093403771,Step state: Summer,Point state: Summer,Not nesting
40093403773,Step state: Summer,Point state: Summer,Not nesting
40093403774,Step state: Summer,Point state: Summer,Not nesting
40093403775,Step state: Summer,Point state: Summer,Not nesting
40093403776,Step state: Summer,Point state: Summer,Not nesting
40093403777,Step state: Summer,Point state: Summer,Not nesting
40093403779,Step state: Summer,Point state: Summer,Not nesting
40093403780,Step state: Summer,Point state: Summer,Not nesting
40093403781,Step state: Summer,Point state: Summer,Not nesting
40093403782,Step state: Summer,Point state: Summer,Not nesting
40093403783,Step state: Summer,Point state: Summer,Not nesting
40093403784,Step state: Summer,Point state: Summer,Not nesting
40093403785,Step state: Summer,Point state: Summer,Not nesting
40093403786,Step state: Summer,Point state: Summer,Not nesting
40093403787,Step state: Migratory (spring),Point state: Migratory (spring),Not nesting
40093403788,Step state: Summer,Point state: Summer,Not nesting
40093403789,Step state: Summer,Point state: Summer,Not nesting
40093403790,Step state: Summer,Point state: Summer,Not nesting
40093403791,Step state: Summer,Point state: Summer,Not nesting
40093403792,Step state: Summer,Point state: Summer,Not nesting
40093403793,Step state: Summer,Point state: Summer,Not nesting
40093403795,Step state: Summer,Point state: Summer,Not nesting
40093403796,Step state: Summer,Point state: Summer,Not nesting
40093403797,Step state: Summer,Point state: Summer,Not nesting
40093403798,Step state: Summer,Point state: Summer,Not nesting
40093403799,Step state: Summer,Point state: Summer,Not nesting
40093403800,Step state: Summer,Point state: Summer,Not nesting
40093403801,Step state: Summer,Point state: Summer,Not nesting
40093403802,Step state: Summer,Point state: Summer,Not nesting
40093403803,Step state: Summer,Point state: Summer,Not nesting
40093403804,Step state: Summer,Point state: Summer,Not nesting
40093403806,Step state: Summer,Point state: Summer,Not nesting
40093403807,Step state: Summer,Point state: Summer,Not nesting
40093403811,Step state: Summer,Point state: Summer,Not nesting
40093403812,Step state: Summer,Point state: Summer,Not nesting
40093403813,Step state: Summer,Point state: Summer,Not nesting
40093403814,Step state: Summer,Point state: Summer,Not nesting
40093403815,Step state: Summer,Point state: Summer,Not nesting
40093403816,Step state: Summer,Point state: Summer,Not nesting
40093403817,Step state: Summer,Point state: Summer,Not nesting
40093403818,Step state: Summer,Point state: Summer,Not nesting
40093403819,Step state: Migratory (spring),Point state: Migratory (spring),Not nesting
40093403820,Step state: Summer,Point state: Summer,Not nesting
40093403821,Step state: Summer,Point state: Summer,Not nesting
40093403822,Step state: Summer,Point state: Summer,Not nesting
40093403823,Step state: Summer,Point state: Summer,Not nesting
40093403824,Step state: Summer,Point state: Summer,Not nesting
40093403825,Step state: Summer,Point state: Summer,Not nesting
40093403826,Step state: Summer,Point state: Summer,Not nesting
40093403827,Step state: Summer,Point state: Summer,Not nesting
40093403828,Step state: Summer,Point state: Summer,Not nesting
40093403829,Step state: Summer,Point state: Summer,Not nesting
40093403830,Step state: Summer,Point state: Summer,Not nesting
40093403831,Step state: Summer,Point state: Summer,Not nesting
40093403833,Step state: Summer,Point state: Summer,Not nesting
40093403834,Step state: Summer,Point state: Summer,Not nesting
40093403835,Step state: Summer,Point state: Summer,Not nesting
40093403837,Step state: Summer,Point state: Summer,Not nesting
40093403838,Step state: Summer,Point state: Summer,Not nesting
40093403839,Step state: Summer,Point state: Summer,Not nesting
40093403840,Step state: Summer,Point state: Summer,Not nesting
40093403841,Step state: Summer,Point state: Summer,Not nesting
40093403842,Step state: Summer,Point state: Summer,Not nesting
40093403843,Step state: Summer,Point state: Summer,Not nesting
40093403844,Step state: Migratory (spring),Point state: Migratory (spring),Not nesting
40093403845,Step state: Summer,Point state: Summer,Not nesting
40093403846,Step state: Summer,Point state: Summer,Not nesting
40093403847,Step state: Summer,Point state: Summer,Not nesting
40093403848,Step state: Summer,Point state: Summer,Not nesting
40093403849,Step state: Summer,Point state: Summer,Not nesting
40093403852,Step state: Summer,Point state: Summer,Not nesting
40093403853,Step state: Summer,Point state: Summer,Not nesting
40093403854,Step state: Summer,Point state: Summer,Not nesting
40093403855,Step state: Summer,Point state: Summer,Not nesting
40093403856,Step state: Summer,Point state: Summer,Not nesting
40093403857,Step state: Summer,Point state: Summer,Not nesting
40093403858,Step state: Summer,Point state: Summer,Not nesting
40093403859,Step state: Summer,Point state: Summer,Not nesting
40093403861,Step state: Summer,Point state: Summer,Not nesting
40093403862,Step state: Summer,Point state: Summer,Not nesting
40093403863,Step state: Summer,Point state: Summer,Not nesting
40093403864,Step state: Summer,Point state: Summer,Not nesting
40093403865,Step state: Summer,Point state: Summer,Not nesting
40093403866,Step state: Summer,Point state: Summer,Not nesting
40093403870,Step state: Summer,Point state: Summer,Not nesting
40093403871,Step state: Summer,Point state: Summer,Not nesting
40093403872,Step state: Summer,Point state: Summer,Not nesting
40093403873,Step state: Summer,Point state: Summer,Not nesting
40093403874,Step state: Summer,Point state: Summer,Not nesting
40093403875,Step state: Migratory (spring),Point state: Migratory (spring),Not nesting
40093403876,Step state: Summer,Point state: Summer,Not nesting
40093403877,Step state: Summer,Point state: Summer,Not nesting
40093403878,Step state: Summer,Point state: Summer,Not nesting
40093403879,Step state: Summer,Point state: Summer,Not nesting
40093403880,Step state: Summer,Point state: Summer,Not nesting
40093403881,Step state: Summer,Point state: Summer,Not nesting
40093403882,Step state: Summer,Point state: Summer,Not nesting
40093403883,Step state: Summer,Point state: Summer,Not nesting
40093403884,Step state: Summer,Point state: Summer,Not nesting
40093403885,Step state: Summer,Point state: Summer,Not nesting
40093403886,Step state: Summer,Point state: Summer,Not nesting
40093403887,Step state: Summer,Point state: Summer,Not nesting
40093403889,Step state: Summer,Point state: Summer,Not nesting
40093403891,Step state: Summer,Point state: Summer,Not nesting
40093403893,Step state: Summer,Point state: Summer,Not nesting
40093403894,Step state: Summer,Point state: Summer,Not nesting
40093403895,Step state: Summer,Point state: Summer,Not nesting
40093403896,Step state: Summer,Point state: Summer,Not nesting
40093403897,Step state: Summer,Point state: Summer,Not nesting
40093403898,Step state: Summer,Point state: Summer,Not nesting
40093403899,Step state: Migratory (spring),Point state: Migratory (spring),Not nesting
40093403900,Step state: Summer,Point state: Summer,Not nesting
40093403901,Step state: Summer,Point state: Summer,Not nesting
40093403902,Step state: Summer,Point state: Summer,Not nesting
40093403903,Step state: Summer,Point state: Summer,Not nesting
40093403904,Step state: Summer,Point state: Summer,Not nesting
40093403907,Step state: Summer,Point state: Summer,Not nesting
40093403908,Step state: Summer,Point state: Summer,Not nesting
40093403909,Step state: Summer,Point state: Summer,Not nesting
40093403910,Step state: Summer,Point state: Summer,Not nesting
40093403911,Step state: Summer,Point state: Summer,Not nesting
40093403912,Step state: Summer,Point state: Summer,Not nesting
40093403913,Step state: Summer,Point state: Summer,Not nesting
40093403914,Step state: Summer,Point state: Summer,Not nesting
40093403915,Step state: Summer,Point state: Summer,Not nesting
40093403919,Step state: Summer,Point state: Summer,Not nesting
40093403920,Step state: Summer,Point state: Summer,Not nesting
40093403921,Step state: Summer,Point state: Summer,Not nesting
40093403922,Step state: Summer,Point state: Summer,Not nesting
40093403923,Step state: Summer,Point state: Summer,Not nesting
40093403924,Step state: Summer,Point state: Summer,Not nesting
40093403925,Step state: Summer,Point state: Summer,Not nesting
40093403926,Step state: Migratory (spring),Point state: Migratory (spring),Not nesting
40093403927,Step state: Summer,Point state: Summer,Not nesting
40093403928,Step state: Summer,Point state: Summer,Not nesting
40093403929,Step state: Summer,Point state: Summer,Not nesting
40093403930,Step state: Summer,Point state: Summer,Not nesting
40093403931,Step state: Summer,Point state: Summer,Not nesting
40093403932,Step state: Summer,Point state: Summer,Not nesting
40093403933,Step state: Summer,Point state: Summer,Not nesting
40093403934,Step state: Summer,Point state: Summer,Not nesting
40093403935,Step state: Summer,Point state: Summer,Not nesting
40093403936,Step state: Summer,Point state: Summer,Not nesting
40093403939,Step state: Summer,Point state: Summer,Not nesting
40093403940,Step state: Summer,Point state: Summer,Not nesting
40093403941,Step state: Summer,Point state: Summer,Not nesting
40093403942,Step state: Summer,Point state: Summer,Not nesting
40093403943,Step state: Migratory (spring),Point state: Migratory (spring),Not nesting
40093403944,Step state: Summer,Point state: Summer,Not nesting
40093403945,Step state: Summer,Point state: Summer,Not nesting
40093403946,Step state: Summer,Point state: Summer,Not nesting
40093403947,Step state: Summer,Point state: Summer,Not nesting
40093403948,Step state: Summer,Point state: Summer,Not nesting
40093403950,Step state: Summer,Point state: Summer,Not nesting
40093403951,Step state: Summer,Point state: Summer,Not nesting
40093403952,Step state: Summer,Point state: Summer,Not nesting
40252170681,Step state: Summer,Point state: Summer,Not nesting
40252170682,Step state: Summer,Point state: Summer,Not nesting
40252170683,Step state: Summer,Point state: Summer,Not nesting
40252170684,Step state: Summer,Point state: Summer,Not nesting
40252170685,Step state: Summer,Point state: Summer,Not nesting
40252170686,Step state: Summer,Point state: Summer,Not nesting
40252170687,Step state: Summer,Point state: Summer,Not nesting
40252170688,Step state: Summer,Point state: Summer,Not nesting
40252170690,Step state: Summer,Point state: Summer,Not nesting
40252170691,Step state: Summer,Point state: Summer,Not nesting
40252170692,Step state: Summer,Point state: Summer,Not nesting
40252170693,Step state: Summer,Point state: Summer,Not nesting
40252170694,Step state: Dispersal,Point state: Summer,Not nesting
40252170695,Step state: Summer,Point state: Summer,Not nesting
40252170696,Step state: Summer,Point state: Summer,Not nesting
40252170697,Step state: Summer,Point state: Summer,Not nesting
40252170698,Step state: Summer,Point state: Summer,Not nesting
40252170700,Step state: Summer,Point state: Summer,Not nesting
40252170701,Step state: Summer,Point state: Summer,Not nesting
40252170702,Step state: Summer,Point state: Summer,Not nesting
40252170703,Step state: Summer,Point state: Summer,Not nesting
40252170704,Step state: Summer,Point state: Summer,Not nesting
40252170706,Step state: Summer,Point state: Summer,Not nesting
40252170707,Step state: Summer,Point state: Summer,Not nesting
40252170708,Step state: Summer,Point state: Summer,Not nesting
40252170709,Step state: Summer,Point state: Summer,Not nesting
40252170712,Step state: Summer,Point state: Summer,Not nesting
40252170713,Step state: Summer,Point state: Summer,Not nesting
40252170714,Step state: Summer,Point state: Summer,Not nesting
40252170715,Step state: Summer,Point state: Summer,Not nesting
40252170716,Step state: Summer,Point state: Summer,Not nesting
40252170717,Step state: Summer,Point state: Summer,Not nesting
40252170718,Step state: Summer,Point state: Summer,Not nesting
40252170719,Step state: Summer,Point state: Summer,Not nesting
40252170720,Step state: Summer,Point state: Summer,Not nesting
40252170721,Step state: Summer,Point state: Summer,Not nesting
40252170722,Step state: Summer,Point state: Summer,Not nesting
40252170723,Step state: Summer,Point state: Summer,Not nesting
40252170724,Step state: Summer,Point state: Summer,Not nesting
40252170726,Step state: Summer,Point state: Summer,Not nesting
40252170728,Step state: Summer,Point state: Summer,Not nesting
40252170729,Step state: Summer,Point state: Summer,Not nesting
40252170731,Step state: Summer,Point state: Summer,Not nesting
40252170732,Step state: Summer,Point state: Summer,Not nesting
40252170733,Step state: Summer,Point state: Summer,Not nesting
40252170734,Step state: Summer,Point state: Summer,Not nesting
40252170735,Step state: Summer,Point state: Summer,Not nesting
40252170736,Step state: Summer,Point state: Summer,Not nesting
40252170737,Step state: Summer,Point state: Summer,Not nesting
40252170738,Step state: Summer,Point state: Summer,Not nesting
40252170740,Step state: Summer,Point state: Summer,Not nesting
40252170741,Step state: Summer,Point state: Summer,Not nesting
40252170742,Step state: Summer,Point state: Summer,Not nesting
40252170744,Step state: Summer,Point state: Summer,Not nesting
40252170745,Step state: Summer,Point state: Summer,Not nesting
40496240349,Step state: Migratory (spring),Point state: Migratory (spring),Not nesting
40496240350,Step state: Migratory (spring),Point state: Migratory (spring),Not nesting
40496240351,Step state: Migratory (spring),Point state: Migratory (spring),Not nesting
40496240352,Step state: Migratory (spring),Point state: Migratory (spring),Not nesting
40496240353,Step state: Migratory (spring),Point state: Migratory (spring),Not nesting
40496240354,Step state: Migratory (spring),Point state: Migratory (spring),Not nesting
40496240355,Step state: Summer,Point state: Summer,Not nesting
40496240356,Step state: Summer,Point state: Summer,Not nesting
40496240357,Step state: Summer,Point state: Summer,Not nesting
40496240358,Step state: Summer,Point state: Summer,Not nesting
40496240359,Step state: Migratory (spring),Point state: Migratory (spring),Not nesting
40496240360,Step state: Migratory (spring),Point state: Migratory (spring),Not nesting
40496240361,Step state: Summer,Point state: Summer,Not nesting
40496240362,Step state: Summer,Point state: Summer,Not nesting
40496240363,Step state: Summer,Point state: Summer,Not nesting
40496240364,Step state: Migratory (spring),Point state: Migratory (spring),Not nesting
40496240365,Step state: Summer,Point state: Summer,Not nesting
40496240366,Step state: Summer,Point state: Summer,Not nesting
40496240367,Step state: Summer,Point state: Summer,Not nesting
40496240368,Step state: Summer,Point state: Summer,Not nesting
40496240369,Step state: Summer,Point state: Summer,Not nesting
40496240370,Step state: Summer,Point state: Summer,Not nesting
40496240371,Step state: Migratory (spring),Point state: Migratory (spring),Not nesting
40496240372,Step state: Summer,Point state: Summer,Not nesting
40496240374,Step state: Summer,Point state: Summer,Not nesting
40496240375,Step state: Summer,Point state: Summer,Not nesting
40496240376,Step state: Summer,Point state: Summer,Not nesting
40496240377,Step state: Summer,Point state: Summer,Not nesting
40496240378,Step state: Summer,Point state: Summer,Not nesting
40496240379,Step state: Summer,Point state: Summer,Not nesting
40496240382,Step state: Summer,Point state: Summer,Not nesting
40496240383,Step state: Summer,Point state: Summer,Not nesting
40496240384,Step state: Summer,Point state: Summer,Not nesting
40496240387,Step state: Summer,Point state: Summer,Not nesting
40496240388,Step state: Summer,Point state: Summer,Not nesting
40496240389,Step state: Summer,Point state: Summer,Not nesting
40496240390,Step state: Summer,Point state: Summer,Not nesting
40496240391,Step state: Summer,Point state: Summer,Not nesting
40496240392,Step state: Summer,Point state: Summer,Not nesting
40496240393,Step state: Summer,Point state: Summer,Not nesting
40496240394,Step state: Summer,Point state: Summer,Not nesting
40496240396,Step state: Summer,Point state: Summer,Not nesting
40496240397,Step state: Summer,Point state: Summer,Not nesting
40496240398,Step state: Summer,Point state: Summer,Not nesting
40496240399,Step state: Summer,Point state: Summer,Not nesting
40496240400,Step state: Summer,Point state: Summer,Not nesting
40496240401,Step state: Summer,Point state: Summer,Not nesting
40496240403,Step state: Summer,Point state: Summer,Not nesting
40496240404,Step state: Migratory (spring),Point state: Migratory (spring),Not nesting
40496240405,Step state: Migratory (spring),Point state: Migratory (spring),Not nesting
40496240406,Step state: Summer,Point state: Summer,Not nesting
40496240407,Step state: Summer,Point state: Summer,Not nesting
40496240408,Step state: Summer,Point state: Summer,Not nesting
40496240410,Step state: Summer,Point state: Summer,Not nesting
40496240411,Step state: Summer,Point state: Summer,Not nesting
40496240412,Step state: Summer,Point state: Summer,Not nesting
40496240413,Step state: Summer,Point state: Summer,Not nesting
40496240414,Step state: Summer,Point state: Summer,Not nesting
40496240415,Step state: Summer,Point state: Summer,Not nesting
40496240416,Step state: Migratory (spring),Point state: Migratory (spring),Not nesting
40496240417,Step state: Summer,Point state: Summer,Not nesting
40496240418,Step state: Summer,Point state: Summer,Not nesting
40496240419,Step state: Summer,Point state: Summer,Not nesting
40496240420,Step state: Summer,Point state: Summer,Not nesting
40496240421,Step state: Summer,Point state: Summer,Not nesting
40496240422,Step state: Summer,Point state: Summer,Not nesting
40496240423,Step state: Summer,Point state: Summer,Not nesting
40496240424,Step state: Summer,Point state: Summer,Not nesting
40496240425,Step state: Summer,Point state: Summer,Not nesting
40496240426,Step state: Summer,Point state: Summer,Not nesting
40496240427,Step state: Summer,Point state: Summer,Not nesting
40496240428,Step state: Summer,Point state: Summer,Not nesting
40496240429,Step state: Summer,Point state: Summer,Not nesting
40496240430,Step state: Summer,Point state: Summer,Not nesting
40496240432,Step state: Summer,Point state: Summer,Not nesting
40496240433,Step state: Summer,Point state: Summer,Not nesting
40496240434,Step state: Summer,Point state: Summer,Not nesting
40496240435,Step state: Summer,Point state: Summer,Not nesting
40496240436,Step state: Summer,Point state: Summer,Not nesting
40496240437,Step state: Summer,Point state: Summer,Not nesting
40496240438,Step state: Migratory (spring),Point state: Migratory (spring),Not nesting
40496240439,Step state: Summer,Point state: Summer,Not nesting
40496240440,Step state: Summer,Point state: Summer,Not nesting
40496240441,Step state: Summer,Point state: Summer,Not nesting
40496240442,Step state: Summer,Point state: Summer,Not nesting
40496240443,Step state: Summer,Point state: Summer,Not nesting
40496240444,Step state: Summer,Point state: Summer,Not nesting
40496240445,Step state: Summer,Point state: Summer,Not nesting
40496240446,Step state: Summer,Point state: Summer,Not nesting
40496240447,Step state: Summer,Point state: Summer,Not nesting
40496240448,Step state: Summer,Point state: Summer,Not nesting
40496240449,Step state: Summer,Point state: Summer,Not nesting
40496240450,Step state: Summer,Point state: Summer,Not nesting
40496240451,Step state: Summer,Point state: Summer,Not nesting
40496240452,Step state: Summer,Point state: Summer,Not nesting
40496240453,Step state: Summer,Point state: Summer,Not nesting
40496240454,Step state: Summer,Point state: Summer,Not nesting
40496240455,Step state: Summer,Point state: Summer,Not nesting
40496240456,Step state: Summer,Point state: Summer,Not nesting
40496240457,Step state: Summer,Point state: Summer,Not nesting
40496271175,Step state: Migratory (spring),Point state: Migratory (spring),Not nesting
40496271176,Step state: Migratory (spring),Point state: Migratory (spring),Not nesting
40496271177,Step state: Migratory (spring),Point state: Migratory (spring),Not nesting
40496271178,Step state: Summer,Point state: Summer,Not nesting
40496271179,Step state: Migratory (spring),Point state: Migratory (spring),Not nesting
40496271180,Step state: Migratory (spring),Point state: Migratory (spring),Not nesting
40496271181,Step state: Summer,Point state: Summer,Not nesting
40496271182,Step state: Migratory (spring),Point state: Migratory (spring),Not nesting
40496271183,Step state: Migratory (spring),Point state: Migratory (spring),Not nesting
40496271184,Step state: Migratory (spring),Point state: Migratory (spring),Not nesting
40496271185,Step state: Migratory (spring),Point state: Migratory (spring),Not nesting
40496271186,Step state: Migratory (spring),Point state: Migratory (spring),Not nesting
40496271187,Step state: Summer,Point state: Summer,Not nesting
40496303791,Step state: Winter,Point state: Winter,Not nesting
40496303792,Step state: Winter,Point state: Winter,Not nesting
40496303793,Step state: Migratory (spring),Point state: Migratory (spring),Not nesting
40496304024,Step state: Migratory (spring),Point state: Migratory (spring),Not nesting
40496304025,Step state: Migratory (spring),Point state: Migratory (spring),Not nesting
40529443272,Step state: Summer,Point state: Summer,Not nesting
40529443273,Step state: Summer,Point state: Summer,Not nesting
40529443274,Step state: Summer,Point state: Summer,Not nesting
40529443275,Step state: Summer,Point state: Summer,Not nesting
40529443276,Step state: Summer,Point state: Summer,Not nesting
40529443277,Step state: Summer,Point state: Summer,Not nesting
40529443278,Step state: Summer,Point state: Summer,Not nesting
40529443279,Step state: Summer,Point state: Summer,Not nesting
40529443280,Step state: Summer,Point state: Summer,Not nesting
40529443281,Step state: Summer,Point state: Summer,Not nesting
40529443282,Step state: Summer,Point state: Summer,Not nesting
40529443283,Step state: Summer,Point state: Summer,Not nesting
40529443284,Step state: Summer,Point state: Summer,Not nesting
40529443285,Step state: Summer,Point state: Summer,Not nesting
40529443286,Step state: Summer,Point state: Summer,Not nesting
40529443287,Step state: Summer,Point state: Summer,Not nesting
40529443288,Step state: Summer,Point state: Summer,Not nesting
40529443289,Step state: Summer,Point state: Summer,Not nesting
40529443290,Step state: Summer,Point state: Summer,Not nesting
40529443291,Step state: Summer,Point state: Summer,Not nesting
40529443292,Step state: Summer,Point state: Summer,Not nesting
40529443293,Step state: Summer,Point state: Summer,Not nesting
40529443294,Step state: Summer,Point state: Summer,Not nesting
40529443295,Step state: Summer,Point state: Summer,Not nesting
40529443296,Step state: Summer,Point state: Summer,Not nesting
40529443297,Step state: Summer,Point state: Summer,Not nesting
40529443298,Step state: Summer,Point state: Summer,Not nesting
40529443299,Step state: Summer,Point state: Summer,Not nesting
40529443300,Step state: Summer,Point state: Summer,Not nesting
40529443301,Step state: Summer,Point state: Summer,Not nesting
40529443302,Step state: Summer,Point state: Summer,Not nesting
40529443303,Step state: Summer,Point state: Summer,Not nesting
40584315864,Step state: Summer,Point state: Summer,Not nesting
40584315865,Step state: Summer,Point state: Summer,Not nesting
40584315867,Step state: Summer,Point state: Summer,Not nesting
40584315868,Step state: Summer,Point state: Summer,Not nesting
40584315869,Step state: Summer,Point state: Summer,Not nesting
40584315870,Step state: Summer,Point state: Summer,Not nesting
40584315871,Step state: Summer,Point state: Summer,Not nesting
40584315872,Step state: Summer,Point state: Summer,Not nesting
40584315873,Step state: Summer,Point state: Summer,Not nesting
40584315875,Step state: Summer,Point state: Summer,Not nesting
40584315876,Step state: Summer,Point state: Summer,Not nesting
40584315877,Step state: Summer,Point state: Summer,Not nesting
40584315878,Step state: Summer,Point state: Summer,Not nesting
40584315879,Step state: Summer,Point state: Summer,Not nesting
40584315880,Step state: Summer,Point state: Summer,Not nesting
40584315881,Step state: Summer,Point state: Summer,Not nesting
40584315882,Step state: Summer,Point state: Summer,Not nesting
40584315883,Step state: Summer,Point state: Summer,Not nesting
40584315884,Step state: Summer,Point state: Summer,Not nesting
40584315885,Step state: Summer,Point state: Summer,Not nesting
40584315886,Step state: Summer,Point state: Summer,Not nesting
40584315887,Step state: Summer,Point state: Summer,Not nesting
40584315888,Step state: Summer,Point state: Summer,Not nesting
40584315889,Step state: Summer,Point state: Summer,Not nesting
40584315890,Step state: Summer,Point state: Summer,Not nesting
40584315891,Step state: Summer,Point state: Summer,Not nesting
40584315892,Step state: Summer,Point state: Summer,Not nesting
40584315893,Step state: Summer,Point state: Summer,Not nesting
40584315894,Step state: Summer,Point state: Summer,Not nesting
40584315895,Step state: Summer,Point state: Summer,Not nesting
40828445722,Step state: Migratory (spring),Point state: Migratory (spring),Not nesting
40828445723,Step state: Summer,Point state: Summer,Not nesting
40828445725,Step state: Summer,Point state: Summer,Not nesting
40828445727,Step state: Summer,Point state: Summer,Not nesting
40828445728,Step state: Summer,Point state: Summer,Not nesting
40828445729,Step state: Summer,Point state: Summer,Not nesting
40828445730,Step state: Summer,Point state: Summer,Not nesting
40828445731,Step state: Summer,Point state: Summer,Not nesting
40828445733,Step state: Summer,Point state: Summer,Not nesting
40828445734,Step state: Summer,Point state: Summer,Not nesting
40828445735,Step state: Summer,Point state: Summer,Not nesting
40828445736,Step state: Summer,Point state: Summer,Not nesting
40828445737,Step state: Summer,Point state: Summer,Not nesting
40828445738,Step state: Summer,Point state: Summer,Not nesting
40828445739,Step state: Summer,Point state: Summer,Not nesting
40828445740,Step state: Summer,Point state: Summer,Not nesting
40828445741,Step state: Summer,Point state: Summer,Not nesting
40828445742,Step state: Summer,Point state: Summer,Not nesting
40828445743,Step state: Summer,Point state: Summer,Not nesting
40828445744,Step state: Summer,Point state: Summer,Not nesting
40828445745,Step state: Summer,Point state: Summer,Not nesting
40828445746,Step state: Summer,Point state: Summer,Not nesting
40828445747,Step state: Summer,Point state: Summer,Not nesting
40828445748,Step state: Summer,Point state: Summer,Not nesting
40828445749,Step state: Summer,Point state: Summer,Not nesting
40828445750,Step state: Summer,Point state: Summer,Not nesting
40828445751,Step state: Summer,Point state: Summer,Not nesting
40828445752,Step state: Summer,Point state: Summer,Not nesting
40828445753,Step state: Summer,Point state: Summer,Not nesting
40828445754,Step state: Summer,Point state: Summer,Not nesting
40828445756,Step state: Summer,Point state: Summer,Not nesting
40828445757,Step state: Summer,Point state: Summer,Not nesting
40828445758,Step state: Summer,Point state: Summer,Not nesting
40828445759,Step state: Summer,Point state: Summer,Not nesting
40828445760,Step state: Summer,Point state: Summer,Not nesting
40828445761,Step state: Summer,Point state: Summer,Not nesting
40828445762,Step state: Summer,Point state: Summer,Not nesting
40828445763,Step state: Summer,Point state: Summer,Not nesting
40828445764,Step state: Summer,Point state: Summer,Not nesting
40828445765,Step state: Summer,Point state: Summer,Not nesting
40828445766,Step state: Summer,Point state: Summer,Not nesting
40828445767,Step state: Summer,Point state: Summer,Not nesting
40828445768,Step state: Summer,Point state: Summer,Not nesting
40828445769,Step state: Summer,Point state: Summer,Not nesting
40828445771,Step state: Summer,Point state: Summer,Not nesting
40828445772,Step state: Summer,Point state: Summer,Not nesting
40828445773,Step state: Summer,Point state: Summer,Not nesting
40828445774,Step state: Summer,Point state: Summer,Not nesting
40828445775,Step state: Summer,Point state: Summer,Not nesting
40828445776,Step state: Summer,Point state: Summer,Not nesting
40828445777,Step state: Summer,Point state: Summer,Not nesting
40828445778,Step state: Summer,Point state: Summer,Not nesting
40828445779,Step state: Summer,Point state: Summer,Not nesting
40828445780,Step state: Summer,Point state: Summer,Not nesting
40828445782,Step state: Summer,Point state: Summer,Not nesting
40828445783,Step state: Summer,Point state: Summer,Not nesting
40828445784,Step state: Summer,Point state: Summer,Not nesting
40828445785,Step state: Summer,Point state: Summer,Not nesting
40828445786,Step state: Summer,Point state: Summer,Not nesting
40828445787,Step state: Summer,Point state: Summer,Not nesting
40828445788,Step state: Summer,Point state: Summer,Not nesting
40828445789,Step state: Summer,Point state: Summer,Not nesting
40828445790,Step state: Summer,Point state: Summer,Not nesting
40881521441,Step state: Summer,Point state: Summer,Not nesting
40881521442,Step state: Summer,Point state: Summer,Not nesting
40881521443,Step state: Summer,Point state: Summer,Not nesting
40881521444,Step state: Summer,Point state: Summer,Not nesting
40881521445,Step state: Summer,Point state: Summer,Not nesting
40881521446,Step state: Summer,Point state: Summer,Not nesting
40881521447,Step state: Summer,Point state: Summer,Not nesting
40881521448,Step state: Summer,Point state: Summer,Not nesting
40881521449,Step state: Summer,Point state: Summer,Not nesting
40881521450,Step state: Summer,Point state: Summer,Not nesting
40881521451,Step state: Summer,Point state: Summer,Not nesting
40881521452,Step state: Summer,Point state: Summer,Not nesting
40881521453,Step state: Summer,Point state: Summer,Not nesting
40881521455,Step state: Summer,Point state: Summer,Not nesting
40881521456,Step state: Summer,Point state: Summer,Not nesting
40881521457,Step state: Summer,Point state: Summer,Not nesting
40881521458,Step state: Summer,Point state: Summer,Not nesting
40881521459,Step state: Summer,Point state: Summer,Not nesting
40881521460,Step state: Summer,Point state: Summer,Not nesting
40881521461,Step state: Summer,Point state: Summer,Not nesting
40881521462,Step state: Summer,Point state: Summer,Not nesting
40881521463,Step state: Summer,Point state: Summer,Not nesting
40881521465,Step state: Summer,Point state: Summer,Not nesting
40881521466,Step state: Summer,Point state: Summer,Not nesting
40881521467,Step state: Summer,Point state: Summer,Not nesting
40881521468,Step state: Summer,Point state: Summer,Not nesting
40881521469,Step state: Summer,Point state: Summer,Not nesting
40881521470,Step state: Summer,Point state: Summer,Not nesting
40881521471,Step state: Summer,Point state: Summer,Not nesting
40881521472,Step state: Summer,Point state: Summer,Not nesting
40935574502,Step state: Summer,Point state: Summer,Not nesting
40935574503,Step state: Migratory (spring),Point state: Migratory (spring),Not nesting
40935574504,Step state: Summer,Point state: Summer,Not nesting
40935574505,Step state: Summer,Point state: Summer,Not nesting
40935574506,Step state: Summer,Point state: Summer,Not nesting
40935574507,Step state: Migratory (spring),Point state: Migratory (spring),Not nesting
40935574508,Step state: Summer,Point state: Summer,Not nesting
40935574509,Step state: Summer,Point state: Summer,Not nesting
40935574510,Step state: Migratory (spring),Point state: Migratory (spring),Not nesting
40935574511,Step state: Summer,Point state: Summer,Not nesting
40935574512,Step state: Summer,Point state: Summer,Not nesting
40935574513,Step state: Summer,Point state: Summer,Not nesting
40935574514,Step state: Migratory (spring),Point state: Migratory (spring),Not nesting
40935574515,Step state: Summer,Point state: Summer,Not nesting
40935574516,Step state: Summer,Point state: Summer,Not nesting
40935574517,Step state: Summer,Point state: Summer,Not nesting
40935574518,Step state: Summer,Point state: Summer,Not nesting
40935574519,Step state: Summer,Point state: Summer,Not nesting
40935574520,Step state: Migratory (spring),Point state: Migratory (spring),Not nesting
40935574521,Step state: Summer,Point state: Summer,Not nesting
40935574522,Step state: Summer,Point state: Summer,Not nesting
40935574523,Step state: Summer,Point state: Summer,Not nesting
40935574524,Step state: Summer,Point state: Summer,Not nesting
40935574525,Step state: Summer,Point state: Summer,Not nesting
40935574527,Step state: Summer,Point state: Summer,Not nesting
40935574528,Step state: Summer,Point state: Summer,Not nesting
40935574529,Step state: Migratory (spring),Point state: Migratory (spring),Not nesting
40935574530,Step state: Summer,Point state: Summer,Not nesting
40935574531,Step state: Summer,Point state: Summer,Not nesting
40935574532,Step state: Summer,Point state: Summer,Not nesting
40935574533,Step state: Summer,Point state: Summer,Not nesting
40935574534,Step state: Summer,Point state: Summer,Not nesting
40935574535,Step state: Summer,Point state: Summer,Not nesting
40935574536,Step state: Summer,Point state: Summer,Not nesting
40935574537,Step state: Summer,Point state: Summer,Not nesting
40935574538,Step state: Summer,Point state: Summer,Not nesting
40935574539,Step state: Summer,Point state: Summer,Not nesting
40935574541,Step state: Summer,Point state: Summer,Not nesting
40935574542,Step state: Summer,Point state: Summer,Not nesting
40935574543,Step state: Summer,Point state: Summer,Not nesting
40935574544,Step state: Summer,Point state: Summer,Not nesting
40935574545,Step state: Summer,Point state: Summer,Not nesting
40935574546,Step state: Summer,Point state: Summer,Not nesting
40935574547,Step state: Summer,Point state: Summer,Not nesting
40935574548,Step state: Summer,Point state: Summer,Not nesting
40935574549,Step state: Summer,Point state: Summer,Not nesting
41145599248,Step state: Summer,Point state: Summer,Not nesting
41145599249,Step state: Summer,Point state: Summer,Not nesting
41145599250,Step state: Summer,Point state: Summer,Not nesting
41145599251,Step state: Summer,Point state: Summer,Not nesting
41145599252,Step state: Summer,Point state: Summer,Not nesting
41145599253,Step state: Summer,Point state: Summer,Not nesting
41145599254,Step state: Migratory (spring),Point state: Migratory (spring),Not nesting
41145599255,Step state: Summer,Point state: Summer,Not nesting
41145599256,Step state: Summer,Point state: Summer,Not nesting
41145599257,Step state: Summer,Point state: Summer,Not nesting
41145599258,Step state: Summer,Point state: Summer,Not nesting
41145599260,Step state: Summer,Point state: Summer,Not nesting
41145599261,Step state: Summer,Point state: Summer,Not nesting
41145599262,Step state: Summer,Point state: Summer,Not nesting
41145599263,Step state: Summer,Point state: Summer,Not nesting
41145599264,Step state: Summer,Point state: Summer,Not nesting
41145599265,Step state: Summer,Point state: Summer,Not nesting
41145599266,Step state: Summer,Point state: Summer,Not nesting
41145599267,Step state: Summer,Point state: Summer,Not nesting
41145599268,Step state: Summer,Point state: Summer,Not nesting
41145599269,Step state: Summer,Point state: Summer,Not nesting
41145599270,Step state: Summer,Point state: Summer,Not nesting
41145599271,Step state: Summer,Point state: Summer,Not nesting
41145599273,Step state: Summer,Point state: Summer,Not nesting
41145599274,Step state: Summer,Point state: Summer,Not nesting
41145599275,Step state: Migratory (spring),Point state: Migratory (spring),Not nesting
41145599276,Step state: Summer,Point state: Summer,Not nesting
41145599277,Step state: Summer,Point state: Summer,Not nesting
41145599278,Step state: Summer,Point state: Summer,Not nesting
41145599279,Step state: Summer,Point state: Summer,Not nesting
41145599280,Step state: Summer,Point state: Summer,Not nesting
41145599281,Step state: Summer,Point state: Summer,Not nesting
41432099525,Step state: Summer,Point state: Summer,Not nesting
41432099526,Step state: Summer,Point state: Summer,Not nesting
41432099527,Step state: Summer,Point state: Summer,Not nesting
41432099528,Step state: Summer,Point state: Summer,Not nesting
41432099529,Step state: Summer,Point state: Summer,Not nesting
41432099530,Step state: Summer,Point state: Summer,Not nesting
41432099531,Step state: Summer,Point state: Summer,Not nesting
41432099532,Step state: Summer,Point state: Summer,Not nesting
41432099533,Step state: Summer,Point state: Summer,Not nesting
41432099534,Step state: Summer,Point state: Summer,Not nesting
41432099535,Step state: Summer,Point state: Summer,Not nesting
41432099536,Step state: Summer,Point state: Summer,Not nesting
41432099537,Step state: Summer,Point state: Summer,Not nesting
41432099538,Step state: Summer,Point state: Summer,Not nesting
41432099539,Step state: Summer,Point state: Summer,Not nesting
41432099540,Step state: Summer,Point state: Summer,Not nesting
41432099541,Step state: Summer,Point state: Summer,Not nesting
41432099542,Step state: Summer,Point state: Summer,Not nesting
41432099543,Step state: Summer,Point state: Summer,Not nesting
41432099544,Step state: Summer,Point state: Summer,Not nesting
41432099545,Step state: Summer,Point state: Summer,Not nesting
41432099546,Step state: Summer,Point state: Summer,Not nesting
41432099547,Step state: Summer,Point state: Summer,Not nesting
41432099548,Step state: Summer,Point state: Summer,Not nesting
41432099549,Step state: Summer,Point state: Summer,Not nesting
41432099550,Step state: Summer,Point state: Summer,Not nesting
41432099551,Step state: Summer,Point state: Summer,Not nesting
41432099552,Step state: Summer,Point state: Summer,Not nesting
41432099553,Step state: Summer,Point state: Summer,Not nesting
41432099554,Step state: Summer,Point state: Summer,Not nesting
41432099555,Step state: Summer,Point state: Summer,Not nesting
41432099556,Step state: Summer,Point state: Summer,Not nesting
41432099557,Step state: Summer,Point state: Summer,Not nesting
41432099558,Step state: Summer,Point state: Summer,Not nesting
41432099559,Step state: Summer,Point state: Summer,Not nesting
41432099561,Step state: Summer,Point state: Summer,Not nesting
41432099562,Step state: Summer,Point state: Summer,Not nesting
41432099563,Step state: Summer,Point state: Summer,Not nesting
41432099564,Step state: Summer,Point state: Summer,Not nesting
41432099565,Step state: Summer,Point state: Summer,Not nesting
41432099566,Step state: Summer,Point state: Summer,Not nesting
41432099567,Step state: Summer,Point state: Summer,Not nesting
41432099568,Step state: Migratory (spring),Point state: Migratory (spring),Not nesting
41432099569,Step state: Summer,Point state: Summer,Not nesting
41432099570,Step state: Summer,Point state: Summer,Not nesting
41432099571,Step state: Summer,Point state: Summer,Not nesting
41432099572,Step state: Summer,Point state: Summer,Not nesting
41432099573,Step state: Summer,Point state: Summer,Not nesting
41432099574,Step state: Summer,Point state: Summer,Not nesting
41432099575,Step state: Summer,Point state: Summer,Not nesting
41432099576,Step state: Summer,Point state: Summer,Not nesting
41432099577,Step state: Summer,Point state: Summer,Not nesting
41432099578,Step state: Summer,Point state: Summer,Not nesting
41432099580,Step state: Summer,Point state: Summer,Not nesting
41432099581,Step state: Summer,Point state: Summer,Not nesting
41432099582,Step state: Summer,Point state: Summer,Not nesting
41432099583,Step state: Migratory (spring),Point state: Migratory (spring),Not nesting
41432099584,Step state: Summer,Point state: Summer,Not nesting
41432099585,Step state: Summer,Point state: Summer,Not nesting
41432099586,Step state: Summer,Point state: Summer,Not nesting
41432099587,Step state: Summer,Point state: Summer,Not nesting
41432099588,Step state: Summer,Point state: Summer,Not nesting
41432099589,Step state: Summer,Point state: Summer,Not nesting
41432099590,Step state: Summer,Point state: Summer,Not nesting
41432099591,Step state: Summer,Point state: Summer,Not nesting
41432099592,Step state: Summer,Point state: Summer,Not nesting
41432099593,Step state: Summer,Point state: Summer,Not nesting
41432099594,Step state: Summer,Point state: Summer,Not nesting
41432099595,Step state: Migratory (spring),Point state: Migratory (spring),Not nesting
41432099596,Step state: Summer,Point state: Summer,Not nesting
41432099597,Step state: Summer,Point state: Summer,Not nesting
41432099598,Step state: Summer,Point state: Summer,Not nesting
41432099599,Step state: Summer,Point state: Summer,Not nesting
41432099600,Step state: Summer,Point state: Summer,Not nesting
41432099601,Step state: Summer,Point state: Summer,Not nesting
41432099602,Step state: Summer,Point state: Summer,Not nesting
41432099603,Step state: Summer,Point state: Summer,Not nesting
41432099604,Step state: Migratory (spring),Point state: Migratory (spring),Not nesting
41432099605,Step state: Summer,Point state: Summer,Not nesting
41432099606,Step state: Summer,Point state: Summer,Not nesting
41432099607,Step state: Summer,Point state: Summer,Not nesting
41432099608,Step state: Summer,Point state: Summer,Not nesting
41568533932,Step state: Summer,Point state: Summer,Not nesting
41568533933,Step state: Summer,Point state: Summer,Not nesting
41568533934,Step state: Summer,Point state: Summer,Not nesting
41568533935,Step state: Summer,Point state: Summer,Not nesting
41568533936,Step state: Summer,Point state: Summer,Not nesting
41568533937,Step state: Summer,Point state: Summer,Not nesting
41568533938,Step state: Summer,Point state: Summer,Not nesting
41568533939,Step state: Summer,Point state: Summer,Not nesting
41568533940,Step state: Summer,Point state: Summer,Not nesting
41568533942,Step state: Summer,Point state: Summer,Not nesting
41568533943,Step state: Summer,Point state: Summer,Not nesting
41568533944,Step state: Summer,Point state: Summer,Not nesting
41568533945,Step state: Summer,Point state: Summer,Not nesting
41568533946,Step state: Summer,Point state: Summer,Not nesting
41568533947,Step state: Summer,Point state: Summer,Not nesting
41568533948,Step state: Summer,Point state: Summer,Not nesting
41568533949,Step state: Summer,Point state: Summer,Not nesting
41568533950,Step state: Summer,Point state: Summer,Not nesting
41568533952,Step state: Summer,Point state: Summer,Not nesting
41568533953,Step state: Summer,Point state: Summer,Not nesting
41568533954,Step state: Summer,Point state: Summer,Not nesting
41568533955,Step state: Summer,Point state: Summer,Not nesting
41568533956,Step state: Summer,Point state: Summer,Not nesting
41568533957,Step state: Summer,Point state: Summer,Not nesting
41568533958,Step state: Summer,Point state: Summer,Not nesting
41568533959,Step state: Summer,Point state: Summer,Not nesting
41568533960,Step state: Summer,Point state: Summer,Not nesting
41568533961,Step state: Summer,Point state: Summer,Not nesting
41568533962,Step state: Summer,Point state: Summer,Not nesting
41568533963,Step state: Summer,Point state: Summer,Not nesting
41568533964,Step state: Summer,Point state: Summer,Not nesting
41568533965,Step state: Summer,Point state: Summer,Not nesting
41568533966,Step state: Summer,Point state: Summer,Not nesting
41568533967,Step state: Summer,Point state: Summer,Not nesting
41568533968,Step state: Summer,Point state: Summer,Not nesting
41568533969,Step state: Summer,Point state: Summer,Not nesting
41568533970,Step state: Summer,Point state: Summer,Not nesting
41568533971,Step state: Summer,Point state: Summer,Not nesting
41568533972,Step state: Summer,Point state: Summer,Not nesting
41568533973,Step state: Summer,Point state: Summer,Not nesting
41568533974,Step state: Summer,Point state: Summer,Not nesting
41568533975,Step state: Migratory (spring),Point state: Migratory (spring),Not nesting
41568533976,Step state: Summer,Point state: Summer,Not nesting
41568533977,Step state: Summer,Point state: Summer,Not nesting
41568533978,Step state: Summer,Point state: Summer,Not nesting
41568533979,Step state: Summer,Point state: Summer,Not nesting
41568533980,Step state: Summer,Point state: Summer,Not nesting
41568533981,Step state: Summer,Point state: Summer,Not nesting
41568533982,Step state: Summer,Point state: Summer,Not nesting
41568533983,Step state: Summer,Point state: Summer,Not nesting
41568533984,Step state: Summer,Point state: Summer,Not nesting
41568533985,Step state: Summer,Point state: Summer,Not nesting
41568533986,Step state: Summer,Point state: Summer,Not nesting
41568533987,Step state: Summer,Point state: Summer,Not nesting
41568533988,Step state: Summer,Point state: Summer,Not nesting
41568533989,Step state: Summer,Point state: Summer,Not nesting
41568533990,Step state: Summer,Point state: Summer,Not nesting
41568533991,Step state: Summer,Point state: Summer,Not nesting
41568533992,Step state: Summer,Point state: Summer,Not nesting
41568533993,Step state: Migratory (spring),Point state: Migratory (spring),Not nesting
41568533994,Step state: Summer,Point state: Summer,Not nesting
41568533995,Step state: Summer,Point state: Summer,Not nesting
41568533996,Step state: Summer,Point state: Summer,Not nesting
41568533997,Step state: Summer,Point state: Summer,Not nesting
41568533998,Step state: Summer,Point state: Summer,Not nesting
41568533999,Step state: Summer,Point state: Summer,Not nesting
41568534000,Step state: Summer,Point state: Summer,Not nesting
41568534001,Step state: Summer,Point state: Summer,Not nesting
41568534002,Step state: Summer,Point state: Summer,Not nesting
41568534003,Step state: Summer,Point state: Summer,Not nesting
41568534004,Step state: Summer,Point state: Summer,Not nesting
41568534005,Step state: Summer,Point state: Summer,Not nesting
41568534006,Step state: Migratory (spring),Point state: Migratory (spring),Not nesting
41568534007,Step state: Summer,Point state: Summer,Not nesting
41568534008,Step state: Summer,Point state: Summer,Not nesting
41568534009,Step state: Summer,Point state: Summer,Not nesting
41568534010,Step state: Summer,Point state: Summer,Not nesting
41568534011,Step state: Summer,Point state: Summer,Not nesting
41568534012,Step state: Summer,Point state: Summer,Not nesting
41568534013,Step state: Summer,Point state: Summer,Not nesting
41568534014,Step state: Migratory (spring),Point state: Migratory (spring),Not nesting
41568534015,Step state: Summer,Point state: Summer,Not nesting
41568534016,Step state: Summer,Point state: Summer,Not nesting
41568534017,Step state: Summer,Point state: Summer,Not nesting
41627771463,Step state: Summer,Point state: Summer,Not nesting
41627771464,Step state: Summer,Point state: Summer,Not nesting
41627771465,Step state: Summer,Point state: Summer,Not nesting
41627771466,Step state: Summer,Point state: Summer,Not nesting
41627771467,Step state: Summer,Point state: Summer,Not nesting
41627771468,Step state: Summer,Point state: Summer,Not nesting
41627771469,Step state: Summer,Point state: Summer,Not nesting
41627771470,Step state: Summer,Point state: Summer,Not nesting
41627771471,Step state: Summer,Point state: Summer,Not nesting
41627771472,Step state: Summer,Point state: Summer,Not nesting
41627771473,Step state: Summer,Point state: Summer,Not nesting
41627771474,Step state: Summer,Point state: Summer,Not nesting
41627771475,Step state: Summer,Point state: Summer,Not nesting
41627771476,Step state: Summer,Point state: Summer,Not nesting
41627771477,Step state: Summer,Point state: Summer,Not nesting
41627771478,Step state: Summer,Point state: Summer,Not nesting
41675838182,Step state: Summer,Point state: Summer,Not nesting
41675838183,Step state: Summer,Point state: Summer,Not nesting
41675838184,Step state: Summer,Point state: Summer,Not nesting
41675838185,Step state: Summer,Point state: Summer,Not nesting
41675838186,Step state: Summer,Point state: Summer,Not nesting
41675838187,Step state: Summer,Point state: Summer,Not nesting
41675838188,Step state: Summer,Point state: Summer,Not nesting
41675838189,Step state: Summer,Point state: Summer,Not nesting
41675838190,Step state: Migratory (spring),Point state: Migratory (spring),Not nesting
41675838191,Step state: Summer,Point state: Summer,Not nesting
41675838192,Step state: Summer,Point state: Summer,Not nesting
41675838193,Step state: Summer,Point state: Summer,Not nesting
41675838194,Step state: Summer,Point state: Summer,Not nesting
41675838195,Step state: Summer,Point state: Summer,Not nesting
41675838196,Step state: Summer,Point state: Summer,Not nesting
41675838197,Step state: Summer,Point state: Summer,Not nesting
41675838198,Step state: Migratory (spring),Point state: Migratory (spring),Not nesting
41675838199,Step state: Summer,Point state: Summer,Not nesting
41675838200,Step state: Summer,Point state: Summer,Not nesting
41675838201,Step state: Summer,Point state: Summer,Not nesting
41782872126,Step state: Summer,Point state: Summer,Not nesting
41782872127,Step state: Summer,Point state: Summer,Not nesting
41782872128,Step state: Summer,Point state: Summer,Not nesting
41782872129,Step state: Summer,Point state: Summer,Not nesting
41782872130,Step state: Summer,Point state: Summer,Not nesting
41782872131,Step state: Summer,Point state: Summer,Not nesting
41782872132,Step state: Migratory (spring),Point state: Migratory (spring),Not nesting
41782872133,Step state: Summer,Point state: Summer,Not nesting
41782872134,Step state: Summer,Point state: Summer,Not nesting
41782872135,Step state: Summer,Point state: Summer,Not nesting
41782872136,Step state: Summer,Point state: Summer,Not nesting
41782872137,Step state: Summer,Point state: Summer,Not nesting
41782872138,Step state: Summer,Point state: Summer,Not nesting
41782872139,Step state: Summer,Point state: Summer,Not nesting
41782872140,Step state: Summer,Point state: Summer,Not nesting
41782872141,Step state: Summer,Point state: Summer,Not nesting
41782872142,Step state: Migratory (spring),Point state: Migratory (spring),Not nesting
41782872143,Step state: Summer,Point state: Summer,Not nesting
41782872144,Step state: Summer,Point state: Summer,Not nesting
41782872145,Step state: Summer,Point state: Summer,Not nesting
